SKU,SKU (C),Season,Category,Category (C),Sub-Category (C),Specs (C),Gender (C),Item,Item (C),Color (C),Design,Design (C),Nombre ropa (C),Color Design,Fabric,Print/Dye,Size,Other,S,M,L,XL,Quantity TOTAL,Quantity Available,Price,Total Value,Photo,Notes,Notes Cami,Status,Photo Comments,Photos Drive Link,Etsy Link,Website Link,Titles GPT,Description,Key words
TOC-ONESIE-BLU-BRY-03months,,Lifestyle,Baby Onesies,,,,,Baby Onesie,,,Blue Berry,,,,100% Organic Cotton,,0-3 months,,,,,,1,,$18,$18,,100% organic cotton,,Not Started,,,,,,,
TOC-ONESIE-BLU-BRY-36months,,Lifestyle,Baby Onesies,,,,,Baby Onesie,,,Blue Berry,,,,100% Organic Cotton,,3-6 months,,,,,,1,,$18,$18,,100% organic cotton,,Not Started,,,,,,,
TOC-ONESIE-BLU-BRY-69months,,Lifestyle,Baby Onesies,,,,,Baby Onesie,,,Blue Berry,,,,100% Organic Cotton,,6-9 months,,,,,,1,,$18,$18,,100% organic cotton,,Not Started,,,,,,,
TOC-ONESIE-CRL-36months,,Lifestyle,Baby Onesies,,,,,Baby Onesie,,,Coral,,,,100% Organic Cotton,,3-6 months,,,,,,2,,$18,$36,,100% organic cotton,,Not Started,,,,,,,
TOC-ONESIE-CRL-36months,,Lifestyle,Baby Onesies,,,,,Baby Onesie,,,Coral,,,,100% Organic Cotton,,3-6 months,,,,,,1,,$18,$18,,100% organic cotton,,Not Started,,,,,,,
TOC-ONESIE-DRK-GRY-36months,,Lifestyle,Baby Onesies,,,,,Baby Onesie,,,Dark Grey,,,,100% Organic Cotton,,3-6 months,,,,,,1,,$18,$18,,100% organic cotton,,Not Started,,,,,,,
TOC-ONESIE-DRK-GRY-36months,,Lifestyle,Baby Onesies,,,,,Baby Onesie,,,Dark Grey,,,,100% Organic Cotton,,3-6 months,,,,,,1,,$18,$18,,100% organic cotton,,Not Started,,,,,,,
TOC-ONESIE-DRK-GRY-36months,,Lifestyle,Baby Onesies,,,,,Baby Onesie,,,Dark Grey,,,,100% Organic Cotton,,3-6 months,,,,,,1,,$18,$18,,100% organic cotton,,Not Started,,,,,,,
TOC-ONESIE-DRK-GRY-36months,,Lifestyle,Baby Onesies,,,,,Baby Onesie,,,Dark Grey,,,,100% Organic Cotton,,3-6 months,,,,,,1,,$18,$18,,100% organic cotton,,Not Started,,,,,,,
TOC-ONESIE-DRK-SGE-03months,,Lifestyle,Baby Onesies,,,,,Baby Onesie,,,Dark Sage,,,,100% Organic Cotton,,0-3 months,,,,,,1,,$18,$18,,100% organic cotton,,Not Started,,,,,,,
TOC-ONESIE-DRK-SGE-36months,,Lifestyle,Baby Onesies,,,,,Baby Onesie,,,Dark Sage,,,,100% Organic Cotton,,3-6 months,,,,,,1,,$18,$18,,100% organic cotton,,Not Started,,,,,,,
TOC-ONESIE-DRK-SGE-36months,,Lifestyle,Baby Onesies,,,,,Baby Onesie,,,Dark Sage,,,,100% Organic Cotton,,3-6 months,,,,,,1,,$18,$18,,100% organic cotton,,Not Started,,,,,,,
TOC-ONESIE-DRK-SGE-36months,,Lifestyle,Baby Onesies,,,,,Baby Onesie,,,Dark Sage,,,,100% Organic Cotton,,3-6 months,,,,,,1,,$18,$18,,100% organic cotton,,Not Started,,,,,,,
TOC-ONESIE-DNM-36months,,Lifestyle,Baby Onesies,,,,,Baby Onesie,,,Denim,,,,100% Organic Cotton,,3-6 months,,,,,,1,,$18,$18,,100% organic cotton,,Not Started,,,,,,,
TOC-ONESIE-GRN-69months,,Lifestyle,Baby Onesies,,,,,Baby Onesie,,,Green,,,,100% Organic Cotton,,6-9 months,,,,,,1,,$18,$18,,100% organic cotton,,Not Started,,,,,,,
TOC-ONESIE-KING-03months,,Lifestyle,Baby Onesies,,,,,Baby Onesie,,,Kingfisher,,,,100% Organic Cotton,,0-3 months,,,,,,1,,$18,$18,,100% organic cotton,,Not Started,,,,,,,
TOC-ONESIE-KING-03months,,Lifestyle,Baby Onesies,,,,,Baby Onesie,,,Kingfisher,,,,100% Organic Cotton,,0-3 months,,,,,,1,,$18,$18,,100% organic cotton,,Not Started,,,,,,,
TOC-ONESIE-KING-69months,,Lifestyle,Baby Onesies,,,,,Baby Onesie,,,Kingfisher,,,,100% Organic Cotton,,6-9 months,,,,,,1,,$18,$18,,100% organic cotton,,Not Started,,,,,,,
TOC-ONESIE-LGT-BLU-03months,,Lifestyle,Baby Onesies,,,,,Baby Onesie,,,Light Blue,,,,100% Organic Cotton,,0-3 months,,,,,,1,,$18,$18,,100% organic cotton,,Not Started,,,,,,,
TOC-ONESIE-LGT-BLU-69months,,Lifestyle,Baby Onesies,,,,,Baby Onesie,,,Light Blue,,,,100% Organic Cotton,,6-9 months,,,,,,1,,$18,$18,,100% organic cotton,,Not Started,,,,,,,
TOC-ONESIE-LGT-BLU-69months,,Lifestyle,Baby Onesies,,,,,Baby Onesie,,,Light Blue,,,,100% Organic Cotton,,6-9 months,,,,,,1,,$18,$18,,100% organic cotton,,Not Started,,,,,,,
TOC-ONESIE-LOG-03months,,Lifestyle,Baby Onesies,,,,,Baby Onesie,,,Logwood,,,,100% Organic Cotton,,0-3 months,,,,,,1,,$18,$18,,100% organic cotton,,Not Started,,,,,,,
TOC-ONESIE-LOG-03months,,Lifestyle,Baby Onesies,,,,,Baby Onesie,,,Logwood,,,,100% Organic Cotton,,0-3 months,,,,,,1,,$18,$18,,100% organic cotton,,Not Started,,,,,,,
TOC-ONESIE-NEB-NAV-03months,,Lifestyle,Baby Onesies,,,,,Baby Onesie,,,Nebula Navy,,,,100% Organic Cotton,,0-3 months,,,,,,1,,$18,$18,,100% organic cotton,,Not Started,,,,,,,
TOC-ONESIE-NEB-NAV-03months,,Lifestyle,Baby Onesies,,,,,Baby Onesie,,,Nebula Navy,,,,100% Organic Cotton,,0-3 months,,,,,,1,,$18,$18,,100% organic cotton,,Not Started,,,,,,,
TOC-ONESIE-NEB-NAV-36months,,Lifestyle,Baby Onesies,,,,,Baby Onesie,,,Nebula Navy,,,,100% Organic Cotton,,3-6 months,,,,,,1,,$18,$18,,100% organic cotton,,Not Started,,,,,,,
TOC-ONESIE-OLV-03months,,Lifestyle,Baby Onesies,,,,,Baby Onesie,,,Olive,,,,100% Organic Cotton,,0-3 months,,,,,,1,,$18,$18,,100% organic cotton,,Not Started,,,,,,,
TOC-ONESIE-OLV-03months,,Lifestyle,Baby Onesies,,,,,Baby Onesie,,,Olive,,,,100% Organic Cotton,,0-3 months,,,,,,1,,$18,$18,,100% organic cotton,,Not Started,,,,,,,
TOC-ONESIE-PCH-69months,,Lifestyle,Baby Onesies,,,,,Baby Onesie,,,Peach,,,,100% Organic Cotton,,6-9 months,,,,,,1,,$18,$18,,100% organic cotton,,Not Started,,,,,,,
TOC-ONESIE-PCH-Newborn,,Lifestyle,Baby Onesies,,,,,Baby Onesie,,,Peach,,,,100% Organic Cotton,,Newborn,,,,,,1,,$18,$18,,100% organic cotton,,Not Started,,,,,,,
TOC-ONESIE-PCH-FERN-69months,,Lifestyle,Baby Onesies,,,,,Baby Onesie,,,Peach with Fern,,,,100% Organic Cotton,,6-9 months,,,,,,1,,$18,$18,,100% organic cotton,,Not Started,,,,,,,
TOC-ONESIE-PCH-FERN-69months,,Lifestyle,Baby Onesies,,,,,Baby Onesie,,,Peach with Fern,,,,100% Organic Cotton,,6-9 months,,,,,,1,,$18,$18,,100% organic cotton,,Not Started,,,,,,,
TOC-ONESIE-PRWK-03months,,Lifestyle,Baby Onesies,,,,,Baby Onesie,,,Periwinkle,,,,100% Organic Cotton,,0-3 months,,,,,,1,,$18,$18,,100% organic cotton,,Not Started,,,,,,,
TOC-ONESIE-PRWK-36months,,Lifestyle,Baby Onesies,,,,,Baby Onesie,,,Periwinkle,,,,100% Organic Cotton,,3-6 months,,,,,,1,,$18,$18,,100% organic cotton,,Not Started,,,,,,,
TOC-ONESIE-PLM-BLO-03months,,Lifestyle,Baby Onesies,,,,,Baby Onesie,,,Plum Blossom,,,,100% Organic Cotton,,0-3 months,,,,,,1,,$18,$18,,100% organic cotton,,Not Started,,,,,,,
TOC-ONESIE-PWR-BRY-36months,,Lifestyle,Baby Onesies,,,,,Baby Onesie,,,Power Berry,,,,100% Organic Cotton,,3-6 months,,,,,,1,,$18,$18,,100% organic cotton,,Not Started,,,,,,,
TOC-ONESIE-RAI-03months,,Lifestyle,Baby Onesies,,,,,Baby Onesie,,,Raisins,,,,100% Organic Cotton,,0-3 months,,,,,,1,,$18,$18,,100% organic cotton,,Not Started,,,,,,,
TOC-ONESIE-RAI-03months,,Lifestyle,Baby Onesies,,,,,Baby Onesie,,,Raisins,,,,100% Organic Cotton,,0-3 months,,,,,,1,,$18,$18,,100% organic cotton,,Not Started,,,,,,,
TOC-ONESIE-RAI-36months,,Lifestyle,Baby Onesies,,,,,Baby Onesie,,,Raisins,,,,100% Organic Cotton,,3-6 months,,,,,,1,,$18,$18,,100% organic cotton,,Not Started,,,,,,,
TOC-ONESIE-ROS-36months,,Lifestyle,Baby Onesies,,,,,Baby Onesie,,,Rose with ToC Print,,,,100% Organic Cotton,,3-6 months,,,,,,1,,$18,$18,,100% organic cotton,,Not Started,,,,,,,
TOC-ONESIE-SEQ-03months,,Lifestyle,Baby Onesies,,,,,Baby Onesie,,,Sequoia,,,,100% Organic Cotton,,0-3 months,,,,,,1,,$18,$18,,100% organic cotton,,Not Started,,,,,,,
TOC-ONESIE-SEQ-Newborn,,Lifestyle,Baby Onesies,,,,,Baby Onesie,,,Sequoia,,,,100% Organic Cotton,,Newborn,,,,,,1,,$18,$18,,100% organic cotton,,Not Started,,,,,,,
TOC-ONESIE-SKY-BLU-36months,,Lifestyle,Baby Onesies,,,,,Baby Onesie,,,Sky Blue,,,,100% Organic Cotton,,3-6 months,,,,,,1,,$18,$18,,100% organic cotton,,Not Started,,,,,,,
TOC-ONESIE-SKY-BLU-36months,,Lifestyle,Baby Onesies,,,,,Baby Onesie,,,Sky Blue,,,,100% Organic Cotton,,3-6 months,,,,,,1,,$18,$18,,100% organic cotton,,Not Started,,,,,,,
TOC-ONESIE-SKY-BLU-36months,,Lifestyle,Baby Onesies,,,,,Baby Onesie,,,Sky Blue,,,,100% Organic Cotton,,3-6 months,,,,,,1,,$18,$18,,100% organic cotton,,Not Started,,,,,,,
TOC-ONESIE-SKY-GRY-69months,,Lifestyle,Baby Onesies,,,,,Baby Onesie,,,Sky Grey,,,,100% Organic Cotton,,6-9 months,,,,,,1,,$18,$18,,100% organic cotton,,Not Started,,,,,,,
TOC-ONESIE-TAN-03months,,Lifestyle,Baby Onesies,,,,,Baby Onesie,,,Tan,,,,100% Organic Cotton,,0-3 months,,,,,,1,,$18,$18,,100% organic cotton,,Not Started,,,,,,,
TOC-ONESIE-TEL-BLU-36months,,Lifestyle,Baby Onesies,,,,,Baby Onesie,,,Teal Blue,,,,100% Organic Cotton,,3-6 months,,,,,,1,,$18,$18,,100% organic cotton,,Not Started,,,,,,,
TOC-ONESIE-TEL-BLU-36months,,Lifestyle,Baby Onesies,,,,,Baby Onesie,,,Teal Blue,,,,100% Organic Cotton,,3-6 months,,,,,,1,,$18,$18,,100% organic cotton,,Not Started,,,,,,,
TOC-ONESIE-TEL-BLU-36months,,Lifestyle,Baby Onesies,,,,,Baby Onesie,,,Teal Blue,,,,100% Organic Cotton,,3-6 months,,,,,,1,,$18,$18,,100% organic cotton,,Not Started,,,,,,,
TOC-ONESIE-TMBR-03months,,Lifestyle,Baby Onesies,,,,,Baby Onesie,,,Timberwolf,,,,100% Organic Cotton,,0-3 months,,,,,,1,,$18,$18,,100% organic cotton,,Not Started,,,,,,,
TOC-ONESIE-TMBR-03months,,Lifestyle,Baby Onesies,,,,,Baby Onesie,,,Timberwolf,,,,100% Organic Cotton,,0-3 months,,,,,,1,,$18,$18,,100% organic cotton,,Not Started,,,,,,,
TOC-ONESIE-TMBR-03months,,Lifestyle,Baby Onesies,,,,,Baby Onesie,,,Timberwolf,,,,100% Organic Cotton,,0-3 months,,,,,,1,,$18,$18,,100% organic cotton,,Not Started,,,,,,,
TOC-ONESIE-SET-RAINBOW-ASST,,Lifestyle,Baby Onesies,,,,,Onesie Set of 5,,,"Rainbow - Rose, Peach, Nude, Green, Grey",,,,100% Cotton,,Assorted,,,,,,1,,$60,$60,,100% cotton assorted sizes,,Not Started,,,,,,,
TOC-HDSRF-CHOC-OS,,Lifestyle,Headscarves,,,,,Hemp Silk Headscarf,,,Chocolate,,,,Hemp Silk,,OS,,,,,,1,,$30,$30,,Hemp silk,,Not Started,,,,,,,
TOC-HDSRF-GLD-OS,,Lifestyle,Headscarves,,,,,Hemp Silk Headscarf,,,Gold,,,,Hemp Silk,,OS,,,,,,1,,$30,$30,,Hemp silk,,Not Started,,,,,,,
TOC-HDSRF-IND-OS,,Lifestyle,Headscarves,,,,,Hemp Silk Headscarf,,,Indigo,,,,Hemp Silk,,OS,,,,,,1,,$30,$30,,Hemp silk,,Not Started,,,,,,,
TOC-HDSRF-IVY-OS,,Lifestyle,Headscarves,,,,,Hemp Silk Headscarf,,,Ivory,,,,Hemp Silk,,OS,,,,,,1,,$30,$30,,Hemp silk,,Not Started,,,,,,,
TOC-HDSRF-NDE-OS,,Lifestyle,Headscarves,,,,,Hemp Silk Headscarf,,,Nude,,,,Hemp Silk,,OS,,,,,,1,,$30,$30,,Hemp silk,,Not Started,,,,,,,
TOC-HDSRF-SLV-OS,,Lifestyle,Headscarves,,,,,Hemp Silk Headscarf,,,Silver,,,,Hemp Silk,,OS,,,,,,1,,$30,$30,,Hemp silk,,Not Started,,,,,,,
TOC-HDSRF-SUN-OS,,Lifestyle,Headscarves,,,,,Hemp Silk Headscarf,,,Sunshine,,,,Hemp Silk,,OS,,,,,,1,,$30,$30,,Hemp silk,,Not Started,,,,,,,
TOC-LEG-LUM-GRN-FLW-OS,,Lifestyle,Leggings - Luminaya,,,,,Womens Leggings,,,Green with Flower of Life Print,,,,Mixed,,OS,,,,,,1,,$40,$40,,Screen printed,,Not Started,,,,,,,
TOC-LEG-LUM-GRN-FLW-OS,,Lifestyle,Leggings - Luminaya,,,,,Womens Leggings,,,Green with Flower of Life Print,,,,Mixed,,OS,,,,,,1,,$40,$40,,Screen printed,,Not Started,,,,,,,
TOC-LEG-LUM-GRN-SHPB-OS,,Lifestyle,Leggings - Luminaya,,,,,Womens Leggings,,,Green with Shipibo Screen Print,,,,Mixed,,OS,,,,,,1,,$40,$40,,Screen printed,,Not Started,,,,,,,
TOC-PATCH-ASS-ASSORTED,,Lifestyle,Patches,,,,,Patch,,,Assorted,,,,Mixed,,Assorted,,,,,,1,,$5,$5,,Assorted patches,,Not Started,,,,,,,
TOC-PATCH-ASS-ASSORTED,,Lifestyle,Patches,,,,,Patch,,,Assorted,,,,Mixed,,Assorted,,,,,,1,,$5,$5,,Assorted patches,,Not Started,,,,,,,
TOC-PATCH-ASS-ASSORTED,,Lifestyle,Patches,,,,,Patch,,,Assorted,,,,Mixed,,Assorted,,,,,,1,,$5,$5,,Assorted patches,,Not Started,,,,,,,
TOC-PATCH-ASS-ASSORTED,,Lifestyle,Patches,,,,,Patch,,,Assorted,,,,Mixed,,Assorted,,,,,,1,,$5,$5,,Assorted patches,,Not Started,,,,,,,
TOC-PATCH-ASS-ASSORTED,,Lifestyle,Patches,,,,,Patch,,,Assorted,,,,Mixed,,Assorted,,,,,,1,,$5,$5,,Assorted patches,,Not Started,,,,,,,
TOC-PATCH-ASS-ASSORTED,,Lifestyle,Patches,,,,,Patch,,,Assorted,,,,Mixed,,Assorted,,,,,,1,,$5,$5,,Assorted patches,,Not Started,,,,,,,
TOC-PATCH-ASS-ASSORTED,,Lifestyle,Patches,,,,,Patch,,,Assorted,,,,Mixed,,Assorted,,,,,,1,,$5,$5,,Assorted patches,,Not Started,,,,,,,
TOC-PATCH-ASS-ASSORTED,,Lifestyle,Patches,,,,,Patch,,,Assorted,,,,Mixed,,Assorted,,,,,,1,,$5,$5,,Assorted patches,,Not Started,,,,,,,
TOC-PATCH-ASS-ASSORTED,,Lifestyle,Patches,,,,,Patch,,,Assorted,,,,Mixed,,Assorted,,,,,,1,,$5,$5,,Assorted patches,,Not Started,,,,,,,
TOC-PATCH-ASS-ASSORTED,,Lifestyle,Patches,,,,,Patch,,,Assorted,,,,Mixed,,Assorted,,,,,,1,,$5,$5,,Assorted patches,,Not Started,,,,,,,
TOC-PATCH-ASS-ASSORTED,,Lifestyle,Patches,,,,,Patch,,,Assorted,,,,Mixed,,Assorted,,,,,,1,,$5,$5,,Assorted patches,,Not Started,,,,,,,
TOC-PATCH-ASS-ASSORTED,,Lifestyle,Patches,,,,,Patch,,,Assorted,,,,Mixed,,Assorted,,,,,,1,,$5,$5,,Assorted patches,,Not Started,,,,,,,
TOC-PATCH-ASS-ASSORTED,,Lifestyle,Patches,,,,,Patch,,,Assorted,,,,Mixed,,Assorted,,,,,,1,,$5,$5,,Assorted patches,,Not Started,,,,,,,
TOC-PATCH-ASS-ASSORTED,,Lifestyle,Patches,,,,,Patch,,,Assorted,,,,Mixed,,Assorted,,,,,,1,,$5,$5,,Assorted patches,,Not Started,,,,,,,
TOC-PATCH-ASS-ASSORTED,,Lifestyle,Patches,,,,,Patch,,,Assorted,,,,Mixed,,Assorted,,,,,,1,,$5,$5,,Assorted patches,,Not Started,,,,,,,
TOC-PATCH-ASS-ASSORTED,,Lifestyle,Patches,,,,,Patch,,,Assorted,,,,Mixed,,Assorted,,,,,,1,,$5,$5,,Assorted patches,,Not Started,,,,,,,
TOC-PATCH-GRN-HEX-SMALL,,Lifestyle,Patches,,,,,Patch - Hexagon Geometric,,,Green Hexagon with Blue Geometric Print,,,,Mixed,,Small,,,,,,1,,$5,$5,,Hand sewn and screen printed,,Not Started,,,,,,,
TOC-PATCH-COL-TRBL-LARGE,,Lifestyle,Patches,,,,,Patch - Large Natural Tribal,,,Natural Colors with Tribal Design,,,,Mixed,,Large,,,,,,1,,$5,$5,,Hand sewn and screen printed,,Not Started,,,,,,,
TOC-PATCH-COL-TRBL-LARGE,,Lifestyle,Patches,,,,,Patch - Large Natural Tribal,,,Natural Colors with Tribal Design,,,,Mixed,,Large,,,,,,1,,$5,$5,,Hand sewn and screen printed,,Not Started,,,,,,,
TOC-PATCH-COL-TRBL-LARGE,,Lifestyle,Patches,,,,,Patch - Large Natural Tribal,,,Natural Colors with Tribal Design,,,,Mixed,,Large,,,,,,1,,$5,$5,,Hand sewn and screen printed,,Not Started,,,,,,,
TOC-PATCH-COL-TRBL-LARGE,,Lifestyle,Patches,,,,,Patch - Large Natural Tribal,,,Natural Colors with Tribal Design,,,,Mixed,,Large,,,,,,1,,$5,$5,,Hand sewn and screen printed,,Not Started,,,,,,,
TOC-PATCH-COL-TRBL-LARGE,,Lifestyle,Patches,,,,,Patch - Large Natural Tribal,,,Natural Colors with Tribal Design,,,,Mixed,,Large,,,,,,1,,$5,$5,,Hand sewn and screen printed,,Not Started,,,,,,,
TOC-PATCH-BRN-SQU-SMALL,,Lifestyle,Patches,,,,,Patch - Small Geometric,,,Brown Square with Geometric Print,,,,Mixed,,Small,,,,,,1,,$5,$5,,Hand sewn and screen printed,,Not Started,,,,,,,
TOC-LEO-REV-AQU-VLV-XS,,Lifestyle,Reversible Leotards,,,,,Reversible Leotard,,,Aqua Velvet with Flowers,,,,Velvet,,XS,,,,,,1,,$80,$80,,,,Not Started,,,,,,,
TOC-LEO-REV-BLK-VLV-XS,,Lifestyle,Reversible Leotards,,,,,Reversible Leotard,,,Black Velvet with Black and White Stripes,,,,Velvet,,XS,,,,,,1,,$80,$80,,,,Not Started,,,,,,,
TOC-LEO-REV-EMR-VLV-XS,,Lifestyle,Reversible Leotards,,,,,Reversible Leotard,,,Emerald Velvet with Black and White Stripes,,,,Velvet,,XS,,,,,,1,,$80,$80,,,,Not Started,,,,,,,
TOC-LEO-REV-MOS-VLV-XS,,Lifestyle,Reversible Leotards,,,,,Reversible Leotard,,,Moss Velvet with Flowers,,,,Velvet,,XS,,,,,,1,,$80,$80,,,,Not Started,,,,,,,
TOC-LEO-REV-TEL-VLV-XS,,Lifestyle,Reversible Leotards,,,,,Reversible Leotard,,,Teal Velvet with Black and White Stripes,,,,Velvet,,XS,,,,,,1,,$70,$70,,,,Not Started,,,,,,,
TOC-LEO-REV-WHT-VLV-XS,,Lifestyle,Reversible Leotards,,,,,Reversible Leotard,,,White Velvet with Black and White Stripes,,,,Velvet,,XS,,,,,,1,,$80,$80,,,,Not Started,,,,,,,
TOC-LEG-SMPL-ASSTGEO-S,,Lifestyle,Sample Leggings,,,,,Sample Leggings,,,Assorted Geometric,,,,Recycled Polyester,,S,,,,,,1,,$20,$20,,,,Not Started,,,,,,,
TOC-LEG-SMPL-ASSTGEO-S,,Lifestyle,Sample Leggings,,,,,Sample Leggings,,,Assorted Geometric,,,,Recycled Polyester,,S,,,,,,1,,$20,$20,,,,Not Started,,,,,,,
TOC-LEG-SMPL-ASSTGEO-S,,Lifestyle,Sample Leggings,,,,,Sample Leggings,,,Assorted Geometric,,,,Recycled Polyester,,S,,,,,,1,,$20,$20,,,,Not Started,,,,,,,
TOC-LEG-SMPL-ASSTGEO-S,,Lifestyle,Sample Leggings,,,,,Sample Leggings,,,Assorted Geometric,,,,Recycled Polyester,,S,,,,,,1,,$20,$20,,,,Not Started,,,,,,,
TOC-SCRUNCH-BLU-OS,,Lifestyle,Scrunchies,,,,,Hand Dyed Scrunchie,,,Blue,,,,Hemp,,OS,,,,,,1,,$15,$15,,Hemp scrap fabric hand dyed,,Not Started,,,,,,,
TOC-SCRUNCH-GRY-OS,,Lifestyle,Scrunchies,,,,,Hand Dyed Scrunchie,,,Grey,,,,Hemp,,OS,,,,,,1,,$15,$15,,Hemp scrap fabric hand dyed,,Not Started,,,,,,,
TOC-SCRUNCH-ORG-OS,,Lifestyle,Scrunchies,,,,,Hand Dyed Scrunchie,,,Orange,,,,Hemp,,OS,,,,,,1,,$15,$15,,Hemp scrap fabric hand dyed,,Not Started,,,,,,,
TOC-SCRUNCH-SGE-OS,,Lifestyle,Scrunchies,,,,,Hand Dyed Scrunchie,,,Sage,,,,Hemp,,OS,,,,,,1,,$15,$15,,Hemp scrap fabric hand dyed,,Not Started,,,,,,,
TOC-SCRUNCH-SGE-OS,,Lifestyle,Scrunchies,,,,,Hand Dyed Scrunchie,,,Sage,,,,Hemp,,OS,,,,,,1,,$15,$15,,Hemp scrap fabric hand dyed,,Not Started,,,,,,,
TOC-SCRUNCH-TUR-OS,,Lifestyle,Scrunchies,,,,,Hand Dyed Scrunchie,,,Turquoise,,,,Hemp,,OS,,,,,,1,,$15,$15,,Hemp scrap fabric hand dyed,,Not Started,,,,,,,
TOC-SCRUNCH-TUR-OS,,Lifestyle,Scrunchies,,,,,Hand Dyed Scrunchie,,,Turquoise,,,,Hemp,,OS,,,,,,1,,$15,$15,,Hemp scrap fabric hand dyed,,Not Started,,,,,,,
TOC-SCRUNCH-TUR-OS,,Lifestyle,Scrunchies,,,,,Hand Dyed Scrunchie,,,Turquoise,,,,Hemp,,OS,,,,,,1,,$15,$15,,Hemp scrap fabric hand dyed,,Not Started,,,,,,,
TOC-SCRUNCH-TUR-OS,,Lifestyle,Scrunchies,,,,,Hand Dyed Scrunchie,,,Turquoise,,,,Hemp,,OS,,,,,,1,,$15,$15,,Hemp scrap fabric hand dyed,,Not Started,,,,,,,
TOC-SHORT-HIVE-MIN-M,,Lifestyle,Shorts,,,,,Shorts,,,Hive Mind,,,,Recycled Polyester,,M,,,,,,1,,$55,$55,,,,Not Started,,,,,,,
TOC-SHORT-HIVE-MIN-S,,Lifestyle,Shorts,,,,,Shorts,,,Hive Mind,,,,Recycled Polyester,,S,,,,,,1,,$55,$55,,,,Not Started,,,,,,,
TOC-SHORT-RNBW-RIV-S,,Lifestyle,Shorts,,,,,Shorts,,,Rainbow River,,,,Recycled Polyester,,S,,,,,,1,,$55,$55,,,,Not Started,,,,,,,
TOC-SHORT-TERRA-BUT-S,,Lifestyle,Shorts,,,,,Shorts,,,Terracotta Butterfly,,,,Recycled Polyester,,S,,,,,,1,,$55,$55,,,,Not Started,,,,,,,
TOC-PILLOW-SILK-AVO-OS,,Lifestyle,Silk Pillowcases,,,,,Silk Pillowcases (set of 2),,,Avocado,,,,Silk,,OS,,,,,,1,,$80,$80,,Price TBC,,Not Started,,,,,,,
TOC-PILLOW-SILK-CHML-OS,,Lifestyle,Silk Pillowcases,,,,,Silk Pillowcases (set of 2),,,Chamomile,,,,Silk,,OS,,,,,,1,,$80,$80,,Plant dyed silk,,Not Started,,,,,,,
TOC-PILLOW-SILK-CHE-QUE-OS,,Lifestyle,Silk Pillowcases,,,,,Silk Pillowcases (set of 2),,,Chestnut and Quebracha,,,,Silk,,OS,,,,,,1,,$80,$80,,Price TBC,,Not Started,,,,,,,
TOC-PILLOW-SILK-COC-OS,,Lifestyle,Silk Pillowcases,,,,,Silk Pillowcases (set of 2),,,Cochineal,,,,Silk,,OS,,,,,,1,,$80,$80,,Price TBC,,Not Started,,,,,,,
TOC-PILLOW-SILK-COR-OS,,Lifestyle,Silk Pillowcases,,,,,Silk Pillowcases (set of 2),,,Coreopsis,,,,Silk,,OS,,,,,,1,,$80,$80,,Plant dyed silk,,Not Started,,,,,,,
TOC-PILLOW-SILK-LAC-OS,,Lifestyle,Silk Pillowcases,,,,,Silk Pillowcases (set of 2),,,Lac,,,,Silk,,OS,,,,,,1,,$80,$80,,Price TBC,,Not Started,,,,,,,
TOC-PILLOW-SILK-MAD-ROO-OS,,Lifestyle,Silk Pillowcases,,,,,Silk Pillowcases (set of 2),,,Madder Root,,,,Silk,,OS,,,,,,1,,$80,$80,,Price TBC,,Not Started,,,,,,,
TOC-PILLOW-SILK-MRGLD-OS,,Lifestyle,Silk Pillowcases,,,,,Silk Pillowcases (set of 2),,,Marigold,,,,Silk,,OS,,,,,,1,,$80,$80,,Plant dyed silk,,Not Started,,,,,,,
TOC-PILLOW-SILK-ONI-SKI-OS,,Lifestyle,Silk Pillowcases,,,,,Silk Pillowcases (set of 2),,,Onion Skins,,,,Silk,,OS,,,,,,1,,$80,$80,,Price TBC,,Not Started,,,,,,,
TOC-BRA-YOGA-HIVE-MIN-S,,Lifestyle,Yoga Bras,,,,,Yoga Bra,,,Hive Mind,,,,Recycled Polyester,,S,,,,,,1,,$45,$45,,,,Not Started,,,,,,,
TOC-BRA-YOGA-SOU-S,,Lifestyle,Yoga Bras,,,,,Yoga Bra,,,Sound,,,,Recycled Polyester,,S,,,,,,1,,$45,$45,,,,Not Started,,,,,,,
TOC-BRA-YOGA-SOU-S,,Lifestyle,Yoga Bras,,,,,Yoga Bra,,,Sound,,,,Recycled Polyester,,S,,,,,,1,,$45,$45,,,,Not Started,,,,,,,
TOC-BRA-YOGA-SOU-S,,Lifestyle,Yoga Bras,,,,,Yoga Bra,,,Sound,,,,Recycled Polyester,,S,,,,,,1,,$45,$45,,,,Not Started,,,,,,,
TOC-BRA-YOGA-SOU-S,,Lifestyle,Yoga Bras,,,,,Yoga Bra,,,Sound,,,,Recycled Polyester,,S,,,,,,1,,$45,$45,,,,Not Started,,,,,,,
TOC-BRA-YOGA-SOU-S,,Lifestyle,Yoga Bras,,,,,Yoga Bra,,,Sound,,,,Recycled Polyester,,S,,,,,,1,,$45,$45,,,,Not Started,,,,,,,
TOC-BRA-YOGA-SOU-S,,Lifestyle,Yoga Bras,,,,,Yoga Bra,,,Sound,,,,Recycled Polyester,,S,,,,,,1,,$45,$45,,,,Not Started,,,,,,,
TOC-BRA-YOGA-WIN-CHA-S,,Lifestyle,Yoga Bras,,,,,Yoga Bra,,,Winds of Change,,,,Recycled Polyester,,S,,,,,,1,,$45,$45,,,,Not Started,,,,,,,
TOC-YL-CLASSIC-BIR-BRA-S,,Lifestyle,Yoga Leggings - Classics Collection,,,,,Yoga Leggings,,,Bird Brain,,,,Recycled Polyester,,S,,,,,,1,,$75,$75,,Photo TBC,,Not Started,,,,,,,
TOC-YL-CLASSIC-COS-GEO-S,,Lifestyle,Yoga Leggings - Classics Collection,,,,,Yoga Leggings,,,Cosmic Geometry,,,,Recycled Polyester,,S,,,,,,1,,$75,$75,,Photo TBC,,Not Started,,,,,,,
TOC-YL-CLASSIC-SPI-OWL-L,,Lifestyle,Yoga Leggings - Classics Collection,,,,,Yoga Leggings,,,Spirit Owl,,,,Recycled Polyester,,L,,,,,,1,,$75,$75,,Photo TBC,,Not Started,,,,,,,
TOC-YL-CLASSIC-SPI-OWL-S,,Lifestyle,Yoga Leggings - Classics Collection,,,,,Yoga Leggings,,,Spirit Owl,,,,Recycled Polyester,,S,,,,,,1,,$75,$75,,Photo TBC,,Not Started,,,,,,,
TOC-YL-PAINT-AYA-S,,Lifestyle,Yoga Leggings - Paintings Collection,,,,,Yoga Leggings,,,Ayala,,,,Recycled Polyester,,S,,,,,,1,,$75,$75,,Photo TBC,,Not Started,,,,,,,
TOC-YL-PAINT-CRES-MOON-S,,Lifestyle,Yoga Leggings - Paintings Collection,,,,,Yoga Leggings,,,Crescent Moon,,,,Recycled Polyester,,S,,,,,,1,,$75,$75,,Photo TBC,,Not Started,,,,,,,
TOC-YL-PAINT-ELE-S,,Lifestyle,Yoga Leggings - Paintings Collection,,,,,Yoga Leggings,,,Elements,,,,Recycled Polyester,,S,,,,,,1,,$75,$75,,Photo TBC,,Not Started,,,,,,,
TOC-YL-PAINT-GER-S,,Lifestyle,Yoga Leggings - Paintings Collection,,,,,Yoga Leggings,,,Germination,,,,Recycled Polyester,,S,,,,,,1,,$75,$75,,Photo TBC,,Not Started,,,,,,,
TOC-YL-PAINT-GER-S,,Lifestyle,Yoga Leggings - Paintings Collection,,,,,Yoga Leggings,,,Germination,,,,Recycled Polyester,,S,,,,,,1,,$75,$75,,Photo TBC,,Not Started,,,,,,,
TOC-YL-PAINT-GRO-S,,Lifestyle,Yoga Leggings - Paintings Collection,,,,,Yoga Leggings,,,Growth,,,,Recycled Polyester,,S,,,,,,1,,$75,$75,,Photo TBC,,Not Started,,,,,,,
TOC-YL-PAINT-MET-S,,Lifestyle,Yoga Leggings - Paintings Collection,,,,,Yoga Leggings,,,Metamorphosis,,,,Recycled Polyester,,S,,,,,,1,,$75,$75,,Photo TBC,,Not Started,,,,,,,
TOC-YL-PAINT-MOD-GOD-S,,Lifestyle,Yoga Leggings - Paintings Collection,,,,,Yoga Leggings,,,Modern Goddess,,,,Recycled Polyester,,S,,,,,,1,,$75,$75,,Photo TBC,,Not Started,,,,,,,
TOC-YL-PAINT-MUS-MAI-L,,Lifestyle,Yoga Leggings - Paintings Collection,,,,,Yoga Leggings,,,Mushroom Maiden,,,,Recycled Polyester,,L,,,,,,1,,$75,$75,,Sublimation printed recycled polyester,,Not Started,,,,,,,
TOC-YL-PAINT-MUS-MAI-M,,Lifestyle,Yoga Leggings - Paintings Collection,,,,,Yoga Leggings,,,Mushroom Maiden,,,,Recycled Polyester,,M,,,,,,1,,$75,$75,,Photo TBC,,Not Started,,,,,,,
TOC-YL-PAINT-MUS-MAI-S,,Lifestyle,Yoga Leggings - Paintings Collection,,,,,Yoga Leggings,,,Mushroom Maiden,,,,Recycled Polyester,,S,,,,,,1,,$75,$75,,Photo TBC,,Not Started,,,,,,,
TOC-YL-PAINT-MYS-S,,Lifestyle,Yoga Leggings - Paintings Collection,,,,,Yoga Leggings,,,Mystery,,,,Recycled Polyester,,S,,,,,,1,,$75,$75,,Photo TBC,,Not Started,,,,,,,
TOC-YL-PAINT-PEA-PIP-S,,Lifestyle,Yoga Leggings - Paintings Collection,,,,,Yoga Leggings,,,Peace Pipe,,,,Recycled Polyester,,S,,,,,,1,,$75,$75,,Photo TBC,,Not Started,,,,,,,
TOC-YL-PAINT-SIE-SKI-S,,Lifestyle,Yoga Leggings - Paintings Collection,,,,,Yoga Leggings,,,Sierra Skies,,,,Recycled Polyester,,S,,,,,,1,,$75,$75,,Photo TBC,,Not Started,,,,,,,
TOC-YL-PAINT-SIL-S,,Lifestyle,Yoga Leggings - Paintings Collection,,,,,Yoga Leggings,,,Silence,,,,Recycled Polyester,,S,,,,,,1,,$75,$75,,Photo TBC,,Not Started,,,,,,,
TOC-YL-PAINT-STA-JOU-M,,Lifestyle,Yoga Leggings - Paintings Collection,,,,,Yoga Leggings,,,Starlight Journey,,,,Recycled Polyester,,M,,,,,,1,,$75,$75,,Photo TBC,,Not Started,,,,,,,
TOC-YL-PAINT-STA-JOU-S,,Lifestyle,Yoga Leggings - Paintings Collection,,,,,Yoga Leggings,,,Starlight Journey,,,,Recycled Polyester,,S,,,,,,1,,$75,$75,,Photo TBC,,Not Started,,,,,,,
TOC-YL-PAINT-THI-IS-S,,Lifestyle,Yoga Leggings - Paintings Collection,,,,,Yoga Leggings,,,This Is Not a Pipe,,,,Recycled Polyester,,S,,,,,,1,,$75,$75,,Photo TBC,,Not Started,,,,,,,
TOC-YL-PAINT-WIT-HOU-S,,Lifestyle,Yoga Leggings - Paintings Collection,,,,,Yoga Leggings,,,Witching Hour,,,,Recycled Polyester,,S,,,,,,1,,$75,$75,,Photo TBC,,Not Started,,,,,,,
TOC-YL-PASTEL-AMP-EUC-S,,Lifestyle,Yoga Leggings - Pastel Flavors,,,,,Yoga Leggings,,,Amplify - Eucalyptus / Coconut / Night,,,,Recycled Polyester,,S,,,,,,1,,$75,$75,,,,Not Started,,,,,,,
TOC-YL-PASTEL-AMP-EUC-S,,Lifestyle,Yoga Leggings - Pastel Flavors,,,,,Yoga Leggings,,,Amplify - Eucalyptus / Coconut / Night,,,,Recycled Polyester,,S,,,,,,1,,$75,$75,,,,Not Started,,,,,,,
TOC-YL-PASTEL-AMP-EUC-S,,Lifestyle,Yoga Leggings - Pastel Flavors,,,,,Yoga Leggings,,,Amplify - Eucalyptus / Coconut / Night,,,,Recycled Polyester,,S,,,,,,1,,$75,$75,,,,Not Started,,,,,,,
TOC-YL-PASTEL-CYC-HEA-S,,Lifestyle,Yoga Leggings - Pastel Flavors,,,,,Yoga Leggings,,,Cycles - Heather,,,,Recycled Polyester,,S,,,,,,1,,$75,$75,,,,Not Started,,,,,,,
TOC-YL-PASTEL-LTUS-LAC-S,,Lifestyle,Yoga Leggings - Pastel Flavors,,,,,Yoga Leggings,,,Lotus Lace - Night / Mulberry / Eucalyptus,,,,Recycled Polyester,,S,,,,,,1,,$75,$75,,,,Not Started,,,,,,,
TOC-YL-PASTEL-LTUS-LAC-S,,Lifestyle,Yoga Leggings - Pastel Flavors,,,,,Yoga Leggings,,,Lotus Lace - Night / Mulberry / Eucalyptus,,,,Recycled Polyester,,S,,,,,,1,,$75,$75,,,,Not Started,,,,,,,
TOC-YL-PASTEL-LTUS-LAC-S,,Lifestyle,Yoga Leggings - Pastel Flavors,,,,,Yoga Leggings,,,Lotus Lace - Night / Mulberry / Eucalyptus,,,,Recycled Polyester,,S,,,,,,1,,$75,$75,,,,Not Started,,,,,,,
TOC-YL-PASTEL-LUC-DRE-S,,Lifestyle,Yoga Leggings - Pastel Flavors,,,,,Yoga Leggings,,,Lucid Dream - Ashawagandha / Mulberry,,,,Recycled Polyester,,S,,,,,,1,,$75,$75,,,,Not Started,,,,,,,
TOC-YL-PASTEL-LUC-DRE-S,,Lifestyle,Yoga Leggings - Pastel Flavors,,,,,Yoga Leggings,,,Lucid Dream - Ashawagandha / Mulberry,,,,Recycled Polyester,,S,,,,,,1,,$75,$75,,,,Not Started,,,,,,,
TOC-YL-PASTEL-MOON-MOU-S,,Lifestyle,Yoga Leggings - Pastel Flavors,,,,,Yoga Leggings,,,Moon Mountain - Cacao / Mulberry,,,,Recycled Polyester,,S,,,,,,1,,$75,$75,,,,Not Started,,,,,,,
TOC-YL-PASTEL-MOON-MOU-S,,Lifestyle,Yoga Leggings - Pastel Flavors,,,,,Yoga Leggings,,,Moon Mountain - Cacao / Mulberry,,,,Recycled Polyester,,S,,,,,,1,,$75,$75,,,,Not Started,,,,,,,
TOC-YL-PASTEL-TIL-DUS-S,,Lifestyle,Yoga Leggings - Pastel Flavors,,,,,Yoga Leggings,,,Tile Design - Dusty Rose / Cacao,,,,Recycled Polyester,,S,,,,,,1,,$75,$75,,,,Not Started,,,,,,,
TOC-YL-PASTEL-TIL-DUS-S,,Lifestyle,Yoga Leggings - Pastel Flavors,,,,,Yoga Leggings,,,Tile Design - Dusty Rose / Cacao,,,,Recycled Polyester,,S,,,,,,1,,$75,$75,,,,Not Started,,,,,,,
TOC-YL-AMP-TERRA-S,,Lifestyle,Yoga Leggings - Random,,,,,Yoga Leggings,,,Amplify in Terracotta,,,,Recycled Polyester,,S,,,,,,1,,$75,$75,,,,Not Started,,,,,,,
TOC-YL-RNBW-RIV-S,,Lifestyle,Yoga Leggings - Random,,,,,Yoga Leggings,,,Rainbow River,,,,Recycled Polyester,,S,,,,,,1,,$75,$75,,,,Not Started,,,,,,,
TOC-YM-CNTR-MIN-OS,,Lifestyle,Yoga Mats,,,,,Yoga Mat,,,Centered Minimalist,,,,Natural Rubber and Microfiber,,OS,,,,,,1,,$100,$100,Y,Listed,,Sold,,,,,,,
TOC-YM-CNTR-MIN-OS,,Lifestyle,Yoga Mats,,,,,Yoga Mat,,,Centered Minimalist,,,,Natural Rubber and Microfiber,,OS,,,,,,1,,$100,$100,Y,Listed,,Sold,,,,,,,
TOC-YM-CNTR-MIN-OS,,Lifestyle,Yoga Mats,,,,,Yoga Mat,,,Centered Minimalist,,,,Natural Rubber and Microfiber,,OS,,,,,,1,,$100,$100,Y,Listed,,Listed,,,,,,,
TOC-YM-CNTR-MIN-OS,,Lifestyle,Yoga Mats,,,,,Yoga Mat,,,Centered Minimalist,,,,Natural Rubber and Microfiber,,OS,,,,,,1,,$100,$100,Y,Listed,,Listed,,,,,,,
TOC-YM-CNTR-MIN-OS,,Lifestyle,Yoga Mats,,,,,Yoga Mat,,,Centered Minimalist,,,,Natural Rubber and Microfiber,,OS,,,,,,1,,$100,$100,Y,Listed,,Listed,,,,,,,
TOC-YM-CHA-OS,,Lifestyle,Yoga Mats,,,,,Yoga Mat,,,Chakras,,,,Natural Rubber and Microfiber,,OS,,,,,,1,,$100,$100,Y,Listed,,Sold,,,,,,,
TOC-YM-CHA-OS,,Lifestyle,Yoga Mats,,,,,Yoga Mat,,,Chakras,,,,Natural Rubber and Microfiber,,OS,,,,,,1,,$100,$100,Y,Listed,,Sold,,,,,,,
TOC-YM-CHA-OS,,Lifestyle,Yoga Mats,,,,,Yoga Mat,,,Chakras,,,,Natural Rubber and Microfiber,,OS,,,,,,1,,$100,$100,Y,Listed,,Sold,,,,,,,
TOC-YM-CHKR-OS,,Lifestyle,Yoga Mats,,,,,Yoga Mat,,,Chakras,,,,Natural Rubber and Microfiber,,OS,,,,,,1,,$100,$100,Y,Listed,,Listed,,,,,,,
TOC-YM-CHKR-OS,,Lifestyle,Yoga Mats,,,,,Yoga Mat,,,Chakras,,,,Natural Rubber and Microfiber,,OS,,,,,,1,,$100,$100,Y,Listed,,Listed,,,,,,,
TOC-YM-CHKR-OS,,Lifestyle,Yoga Mats,,,,,Yoga Mat,,,Chakras,,,,Natural Rubber and Microfiber,,OS,,,,,,1,,$100,$100,Y,Listed,,Listed,,,,,,,
TOC-YM-DRG-OS,,Lifestyle,Yoga Mats,,,,,Yoga Mat,,,Dragonfly,,,,Natural Rubber and Microfiber,,OS,,,,,,1,,$100,$100,Y,Listed,,Sold,,,,,,,
TOC-YM-DRG-OS,,Lifestyle,Yoga Mats,,,,,Yoga Mat,,,Dragonfly,,,,Natural Rubber and Microfiber,,OS,,,,,,1,,$100,$100,Y,Listed,,Sold,,,,,,,
TOC-YM-DRG-OS,,Lifestyle,Yoga Mats,,,,,Yoga Mat,,,Dragonfly,,,,Natural Rubber and Microfiber,,OS,,,,,,1,,$100,$100,Y,Listed,,Sold,,,,,,,
TOC-YM-DRG-OS,,Lifestyle,Yoga Mats,,,,,Yoga Mat,,,Dragonfly,,,,Natural Rubber and Microfiber,,OS,,,,,,1,,$100,$100,Y,Listed,,Sold,,,,,,,
TOC-YM-LTUS-MOO-OS,,Lifestyle,Yoga Mats,,,,,Yoga Mat,,,Lotus Moons,,,,Natural Rubber and Microfiber,,OS,,,,,,1,,$100,$100,Y,Listed,,Sold,,,,,,,
TOC-YM-LTUS-MOO-OS,,Lifestyle,Yoga Mats,,,,,Yoga Mat,,,Lotus Moons,,,,Natural Rubber and Microfiber,,OS,,,,,,1,,$100,$100,Y,Listed,,Sold,,,,,,,
TOC-YM-LTUS-MOO-OS,,Lifestyle,Yoga Mats,,,,,Yoga Mat,,,Lotus Moons,,,,Natural Rubber and Microfiber,,OS,,,,,,1,,$100,$100,Y,Listed,,Sold,,,,,,,
TOC-YM-LTUS-MOON-OS,,Lifestyle,Yoga Mats,,,,,Yoga Mat,,,Lotus Moons,,,,Natural Rubber and Microfiber,,OS,,,,,,1,,$100,$100,Y,Listed,,Listed,,,,,,,
TOC-YM-LTUS-MOON-OS,,Lifestyle,Yoga Mats,,,,,Yoga Mat,,,Lotus Moons,,,,Natural Rubber and Microfiber,,OS,,,,,,1,,$100,$100,Y,Listed,,Listed,,,,,,,
TOC-YM-LTUS-MOON-OS,,Lifestyle,Yoga Mats,,,,,Yoga Mat,,,Lotus Moons,,,,Natural Rubber and Microfiber,,OS,,,,,,1,,$100,$100,Y,Listed,,Listed,,,,,,,
TOC-YM-LTUS-MOON-OS,,Lifestyle,Yoga Mats,,,,,Yoga Mat,,,Lotus Moons,,,,Natural Rubber and Microfiber,,OS,,,,,,1,,$100,$100,Y,Listed,,Sold,,,,,,,
TOC-YM-LTUS-MOON-OS,,Lifestyle,Yoga Mats,,,,,Yoga Mat,,,Lotus Moons,,,,Natural Rubber and Microfiber,,OS,,,,,,1,,$100,$100,Y,Listed,,Sold,,,,,,,
TOC-YM-LUN-BLM-OS,,Lifestyle,Yoga Mats,,,,,Yoga Mat,,,Lunar Bloom,,,,Natural Rubber and Microfiber,,OS,,,,,,1,,$100,$100,Y,Listed,,Sold,,,,,,,
TOC-YM-LUN-BLM-OS,,Lifestyle,Yoga Mats,,,,,Yoga Mat,,,Lunar Bloom,,,,Natural Rubber and Microfiber,,OS,,,,,,1,,$100,$100,Y,Listed,,Sold,,,,,,,
TOC-YM-LUN-BLM-OS,,Lifestyle,Yoga Mats,,,,,Yoga Mat,,,Lunar Bloom,,,,Natural Rubber and Microfiber,,OS,,,,,,1,,$100,$100,Y,Listed,,Sold,,,,,,,
TOC-YM-LUN-BLM-OS,,Lifestyle,Yoga Mats,,,,,Yoga Mat,,,Lunar Bloom,,,,Natural Rubber and Microfiber,,OS,,,,,,1,,$100,$100,Y,Listed,,Listed,,,,,,,
TOC-YM-LUN-BLM-OS,,Lifestyle,Yoga Mats,,,,,Yoga Mat,,,Lunar Bloom,,,,Natural Rubber and Microfiber,,OS,,,,,,1,,$100,$100,Y,Listed,,Listed,,,,,,,
TOC-YM-LUN-BLM-OS,,Lifestyle,Yoga Mats,,,,,Yoga Mat,,,Lunar Bloom,,,,Natural Rubber and Microfiber,,OS,,,,,,1,,$100,$100,Y,Listed,,Listed,,,,,,,
TOC-YM-LUN-BLM-OS,,Lifestyle,Yoga Mats,,,,,Yoga Mat,,,Lunar Bloom,,,,Natural Rubber and Microfiber,,OS,,,,,,1,,$100,$100,Y,Listed,,Sold,,,,,,,
TOC-YM-MOON-PHSE-OS,,Lifestyle,Yoga Mats,,,,,Yoga Mat,,,Moon Phases Tribal,,,,Natural Rubber and Microfiber,,OS,,,,,,1,,$100,$100,Y,Listed,,Sold,,,,,,,
TOC-YM-MOON-PHSE-OS,,Lifestyle,Yoga Mats,,,,,Yoga Mat,,,Moon Phases Tribal,,,,Natural Rubber and Microfiber,,OS,,,,,,1,,$100,$100,Y,Listed,,Sold,,,,,,,
TOC-YM-MOON-PHSE-OS,,Lifestyle,Yoga Mats,,,,,Yoga Mat,,,Moon Phases Tribal,,,,Natural Rubber and Microfiber,,OS,,,,,,1,,$100,$100,Y,Listed,,Sold,,,,,,,
TOC-YT-CLASSIC-COS-GEO-S,,Lifestyle,Yoga Tanks - Classics Collection,,,,,Yoga Tank,,,Cosmic Geometry,,,,Recycled Polyester,,S,,,,,,1,,$55,$55,,,,Not Started,,,,,,,
TOC-YT-PAINT-AYA-S,,Lifestyle,Yoga Tanks - Paintings Collection,,,,,Yoga Tank,,,Ayala,,,,Recycled Polyester,,S,,,,,,1,,$55,$55,,,,Not Started,,,,,,,
TOC-YT-PAINT-CRES-MOON-M,,Lifestyle,Yoga Tanks - Paintings Collection,,,,,Yoga Tank,,,Crescent Moon,,,,Recycled Polyester,,M,,,,,,1,,$55,$55,,Sublimation printed recycled polyester,,Not Started,,,,,,,
TOC-YT-PAINT-CRES-MOON-S,,Lifestyle,Yoga Tanks - Paintings Collection,,,,,Yoga Tank,,,Crescent Moon,,,,Recycled Polyester,,S,,,,,,1,,$55,$55,,,,Not Started,,,,,,,
TOC-YT-PAINT-CRES-MOON-S,,Lifestyle,Yoga Tanks - Paintings Collection,,,,,Yoga Tank,,,Crescent Moon,,,,Recycled Polyester,,S,,,,,,1,,$55,$55,,,,Not Started,,,,,,,
TOC-YT-PAINT-ELE-S,,Lifestyle,Yoga Tanks - Paintings Collection,,,,,Yoga Tank,,,Elements,,,,Recycled Polyester,,S,,,,,,1,,$55,$55,,,,Not Started,,,,,,,
TOC-YT-PAINT-GER-S,,Lifestyle,Yoga Tanks - Paintings Collection,,,,,Yoga Tank,,,Germination,,,,Recycled Polyester,,S,,,,,,1,,$55,$55,,,,Not Started,,,,,,,
TOC-YT-PAINT-GER-S,,Lifestyle,Yoga Tanks - Paintings Collection,,,,,Yoga Tank,,,Germination,,,,Recycled Polyester,,S,,,,,,1,,$55,$55,,,,Not Started,,,,,,,
TOC-YT-PAINT-HIVE-MIN-S,,Lifestyle,Yoga Tanks - Paintings Collection,,,,,Yoga Tank,,,Hive Mind,,,,Recycled Polyester,,S,,,,,,1,,$55,$55,,Sublimation printed recycled polyester,,Not Started,,,,,,,
TOC-YT-PAINT-MOD-GOD-S,,Lifestyle,Yoga Tanks - Paintings Collection,,,,,Yoga Tank,,,Modern Goddess,,,,Recycled Polyester,,S,,,,,,1,,$55,$55,,,,Not Started,,,,,,,
TOC-YT-PAINT-MUS-MAI-S,,Lifestyle,Yoga Tanks - Paintings Collection,,,,,Yoga Tank,,,Mushroom Maiden,,,,Recycled Polyester,,S,,,,,,1,,$55,$55,,,,Not Started,,,,,,,
TOC-YT-PAINT-PEA-PIP-S,,Lifestyle,Yoga Tanks - Paintings Collection,,,,,Yoga Tank,,,Peace Pipe,,,,Recycled Polyester,,S,,,,,,1,,$55,$55,,,,Not Started,,,,,,,
TOC-YT-PAINT-SIE-SKI-S,,Lifestyle,Yoga Tanks - Paintings Collection,,,,,Yoga Tank,,,Sierra Skies,,,,Recycled Polyester,,S,,,,,,1,,$55,$55,,,,Not Started,,,,,,,
TOC-YT-PAINT-SIL-S,,Lifestyle,Yoga Tanks - Paintings Collection,,,,,Yoga Tank,,,Silence,,,,Recycled Polyester,,S,,,,,,1,,$55,$55,,,,Not Started,,,,,,,
TOC-YT-PAINT-SOU-SEA-S,,Lifestyle,Yoga Tanks - Paintings Collection,,,,,Yoga Tank,,,Soul Searching,,,,Recycled Polyester,,S,,,,,,1,,$55,$55,,,,Not Started,,,,,,,
TOC-YT-PAINT-SOU-S,,Lifestyle,Yoga Tanks - Paintings Collection,,,,,Yoga Tank,,,Sound,,,,Recycled Polyester,,S,,,,,,1,,$55,$55,,,,Not Started,,,,,,,
TOC-YT-PAINT-THI-IS-S,,Lifestyle,Yoga Tanks - Paintings Collection,,,,,Yoga Tank,,,This Is Not a Pipe,,,,Recycled Polyester,,S,,,,,,1,,$55,$55,,,,Not Started,,,,,,,
TOC-YT-PAINT-WIT-HOU-S,,Lifestyle,Yoga Tanks - Paintings Collection,,,,,Yoga Tank,,,Witching Hour,,,,Recycled Polyester,,S,,,,,,1,,$55,$55,,,,Not Started,,,,,,,
TOC-YT-PASTEL-AMPLIF-S,,Lifestyle,Yoga Tanks - Pastel Flavors,,,,,Yoga Tank,,,Amplify - Cinnamon,,,,Recycled Polyester,,S,,,,,,1,,$55,$55,,,,Not Started,,,,,,,
TOC-YT-PASTEL-AMPLIF-S,,Lifestyle,Yoga Tanks - Pastel Flavors,,,,,Yoga Tank,,,Amplify - Coconut,,,,Recycled Polyester,,S,,,,,,1,,$55,$55,,,,Not Started,,,,,,,
TOC-YT-PASTEL-AMPLIF-S,,Lifestyle,Yoga Tanks - Pastel Flavors,,,,,Yoga Tank,,,Amplify - Night,,,,Recycled Polyester,,S,,,,,,1,,$55,$55,,,,Not Started,,,,,,,
TOC-YT-PASTEL-CYCLES-S,,Lifestyle,Yoga Tanks - Pastel Flavors,,,,,Yoga Tank,,,Cycles - Eucalyptus,,,,Recycled Polyester,,S,,,,,,1,,$55,$55,,,,Not Started,,,,,,,
TOC-YT-PASTEL-CYCLES-S,,Lifestyle,Yoga Tanks - Pastel Flavors,,,,,Yoga Tank,,,Cycles - Night,,,,Recycled Polyester,,S,,,,,,1,,$55,$55,,,,Not Started,,,,,,,
TOC-YT-PASTEL-LTUS-ASH-S,,Lifestyle,Yoga Tanks - Pastel Flavors,,,,,Yoga Tank,,,Lotus Lace - Ashwagandha,,,,Recycled Polyester,,S,,,,,,1,,$55,$55,,,,Not Started,,,,,,,
TOC-YT-PASTEL-LTUS-CAC-S,,Lifestyle,Yoga Tanks - Pastel Flavors,,,,,Yoga Tank,,,Lotus Lace - Cacao,,,,Recycled Polyester,,S,,,,,,1,,$55,$55,,,,Not Started,,,,,,,
TOC-YT-PASTEL-LTUS-CIN-S,,Lifestyle,Yoga Tanks - Pastel Flavors,,,,,Yoga Tank,,,Lotus Lace - Cinnamon,,,,Recycled Polyester,,S,,,,,,1,,$55,$55,,,,Not Started,,,,,,,
TOC-YT-PASTEL-LTUS-COC-S,,Lifestyle,Yoga Tanks - Pastel Flavors,,,,,Yoga Tank,,,Lotus Lace - Coconut,,,,Recycled Polyester,,S,,,,,,1,,$55,$55,,,,Not Started,,,,,,,
TOC-YT-PASTEL-LTUS-DUS-S,,Lifestyle,Yoga Tanks - Pastel Flavors,,,,,Yoga Tank,,,Lotus Lace - Dusty Rose,,,,Recycled Polyester,,S,,,,,,1,,$55,$55,,,,Not Started,,,,,,,
TOC-YT-PASTEL-LTUS-EUC-S,,Lifestyle,Yoga Tanks - Pastel Flavors,,,,,Yoga Tank,,,Lotus Lace - Eucalyptus,,,,Recycled Polyester,,S,,,,,,1,,$55,$55,,,,Not Started,,,,,,,
TOC-YT-PASTEL-LTUS-NIG-S,,Lifestyle,Yoga Tanks - Pastel Flavors,,,,,Yoga Tank,,,Lotus Lace - Night,,,,Recycled Polyester,,S,,,,,,1,,$55,$55,,,,Not Started,,,,,,,
TOC-YT-PASTEL-LUCID-S,,Lifestyle,Yoga Tanks - Pastel Flavors,,,,,Yoga Tank,,,Lucid Dream - Cacao,,,,Recycled Polyester,,S,,,,,,1,,$55,$55,,,,Not Started,,,,,,,
TOC-YT-PASTEL-LUCID-S,,Lifestyle,Yoga Tanks - Pastel Flavors,,,,,Yoga Tank,,,Lucid Dream - Coconut,,,,Recycled Polyester,,S,,,,,,1,,$55,$55,,,,Not Started,,,,,,,
TOC-YT-PASTEL-LUCID-S,,Lifestyle,Yoga Tanks - Pastel Flavors,,,,,Yoga Tank,,,Lucid Dream - Eucalyptus,,,,Recycled Polyester,,S,,,,,,1,,$55,$55,,,,Not Started,,,,,,,
TOC-YT-PASTEL-LUCID-S,,Lifestyle,Yoga Tanks - Pastel Flavors,,,,,Yoga Tank,,,Lucid Dream - Heather,,,,Recycled Polyester,,S,,,,,,1,,$55,$55,,,,Not Started,,,,,,,
TOC-YT-PASTEL-TILED-S,,Lifestyle,Yoga Tanks - Pastel Flavors,,,,,Yoga Tank,,,Tile Design - Ash,,,,Recycled Polyester,,S,,,,,,1,,$55,$55,,,,Not Started,,,,,,,
TOC-YT-PASTEL-TILED-S,,Lifestyle,Yoga Tanks - Pastel Flavors,,,,,Yoga Tank,,,Tile Design - Mulberry,,,,Recycled Polyester,,S,,,,,,1,,$55,$55,,,,Not Started,,,,,,,
TOC-DRESS-BELLSLV-MOS-GRN-M,,Spring,Dresses - Bell Sleeve Wrap,,,,,Bell Sleeve Wrap Dress,,,Moss Green,,,,Natural Dye Hemp and Cotton,,M,,,,,,1,,$200,$200,,Price TBC,,Not Started,,,,,,,
TOC-DRESS-BELLSLV-SGE-GRN-M,,Spring,Dresses - Bell Sleeve Wrap,,,,,Bell Sleeve Wrap Dress,,,Sage Green,,,,Natural Dye Hemp and Cotton,,M,,,,,,1,,$200,$200,,Price TBC,,Not Started,,,,,,,
TOC-JKT-K-GRN-S,,Spring,Jackets - Kids,,,,,Kids Elf Jacket,,,Green,,,,Recycled Fabric and Wool,,S,,,,,,1,,$40,$40,,Recycled fabrics and green wool with elf ears,,Not Started,,,,,,,
TOC-JKT-K-GRN-FEL-M,,Spring,Jackets - Kids,,,,,Kids Jacket,,,Green Felt with Elf Ears and Hood and Appliqué Leaves,,,,Felt and Recycled Fabric,,M,,,,,,1,,$50,$50,,,,Not Started,,,,,,,
TOC-KIM-LUM-BLK-GLD-OS,TOC-KIMLW-BGO-LEOPAOPARD,Spring,Kimonos - Luminaya,Kimonos,Luminaya,,Womens,Luminaya Kimono,Kimonos Womens Black Gold Leopard,Black,Black with Gold Leopard,Leopard,9. leopardo shipibo,Gold,100% Cotton,Screen print,OS,2,,,,,2,,$60,$120,Y,,,Draft,,https://drive.google.com/drive/u/0/folders/1RE80AtKog4BUzce2CG-Cb6xOx8jOa75A,etsy.com/your/shops/me/listing-editor/edit/4522413646,,"Black Leopard Kimono Cover Up, Gold Shipibo Jaguar Kimono, Boho Cotton Fringe Wrap, Sacred Geometry Leopard Shawl","This flowing black kimono features an intricate gold Shipibo-inspired leopard design that transforms a simple layering piece into wearable art. Inspired by the jaguar's strength, intuition, and connection to the natural world, the detailed screen print combines geometric pathways with organic forms to create a striking visual statement. The artwork draws the eye with its maze-like patterns and powerful feline gaze, creating depth and visual interest from every angle.
 
 Crafted from lightweight 100% cotton, this kimono offers breathable comfort and effortless movement. The relaxed open-front silhouette drapes beautifully over the body, while long fringe detailing adds texture and a free-spirited bohemian aesthetic. The rich black background allows the metallic gold artwork to stand out dramatically, creating a sophisticated contrast that feels both contemporary and timeless.
 
 Screen printed with care and ethically produced, this piece celebrates artisan craftsmanship and meaningful design. It is ideal for customers who appreciate nature-inspired artwork, sustainable values, and distinctive statement pieces that remain versatile enough for everyday wear.
 
 Product Details:
 • 100% Cotton
 • Screen Printed Artwork
 • Gold Shipibo Leopard Design
 • Open Front Kimono Style
 • Fringe Hem Detail
 • Lightweight & Breathable
 • Relaxed Oversized Fit
 • Women's Kimono","leopard kimono, jaguar kimono, shipibo art, black kimono, cotton kimono, boho wrap, festival clothing, fringe kimono, wearable art, sacred geometry, artisan clothing, jungle inspired, bohemian style"
TOC-KIM-LUM-BLK-GLD-OS,TOC-KIMLW-BGO-STAGSTAG,Spring,Kimonos - Luminaya,Kimonos,Luminaya,,Womens,Luminaya Kimono,Kimonos Womens Black Gold Stag,Black,Black with Gold Peyote Stag,Stag,8. negro ,Gold,100% Cotton,Screen print,OS,2,,,,,2,,$60,$120,Y,,,Draft,,https://drive.google.com/drive/u/0/folders/1Zz7BnZCM2-Jlee0MoYzdJ7Cdlu8EO2JU,https://www.etsy.com/your/shops/me/listing-editor/edit/4522408341#media,,"Black Stag Kimono, Sacred Deer Cotton Cover Up, Gold Geometric Deer Wrap, Boho Fringe Kimono","This elegant black cotton kimono showcases a beautifully detailed gold stag design inspired by sacred geometry, visionary art, and the symbolism of the deer. Representing wisdom, intuition, resilience, and connection to nature, the artwork creates a meaningful focal point while maintaining a refined and wearable aesthetic.
 
 The lightweight cotton fabric drapes effortlessly, creating movement and comfort throughout the day. An open-front silhouette offers versatility, while decorative fringe enhances the flowing shape with texture and visual interest. The dramatic contrast between the black fabric and gold artwork highlights every detail of the intricate design.
 
 Screen printed with care, this kimono combines artistic expression with everyday functionality. The relaxed fit makes it easy to wear across seasons, while the timeless design appeals to those who value creativity, craftsmanship, and sustainable fashion. Whether worn as a statement layer or an artistic wardrobe staple, it offers comfort without sacrificing individuality.
 
 Product Details:
 • 100% Cotton
 • Gold Sacred Stag Artwork
 • Screen Printed Design
 • Open Front Style
 • Fringe Hem Detail
 • Lightweight Cotton Fabric
 • Relaxed Oversized Fit
 • Ethically Produced","stag kimono, deer kimono, sacred deer, black kimono, boho kimono, geometric deer, fringe wrap, cotton cover up, festival kimono, artisan fashion, spiritual clothing, wearable art, deer clothing"
TOC-KIM-LUM-BLU-BLK-OS,TOC-KIMLW-BBL-STAGSTAG,Spring,Kimonos - Luminaya,Kimonos,Luminaya,,Womens,Luminaya Kimono,Kimonos Womens Blue Black Stag,Blue,Blue with Black Peyote Stag,Stag,6. Calipso stag,Black,100% Cotton,Screen print,OS,1,,,,,1,,$60,$60,Y,,,Draft,,https://drive.google.com/drive/u/0/folders/1PG44vMYEb60N_uCBlfbEf6yVQnBYim9-,https://www.etsy.com/your/shops/me/listing-editor/edit/4522412017#media,,"Turquoise Stag Kimono, Blue Cotton Deer Cover Up, Sacred Geometry Festival Kimono, Boho Fringe Wrap","Bright, expressive, and artistically inspired, this turquoise cotton kimono features a striking black stag illustration influenced by sacred geometry and nature symbolism. The vivid blue fabric creates a refreshing backdrop for the detailed artwork, while the stag serves as a symbol of awareness, strength, and harmony with the natural world.
 
 Crafted from breathable 100% cotton, the lightweight fabric drapes softly and comfortably. The relaxed silhouette creates fluid movement, enhanced by fringe detailing that adds texture and a playful bohemian touch. The open-front design makes it an easy layering piece while allowing the artwork to remain the centerpiece.
 
 Thoughtfully screen printed and ethically produced, this kimono balances visual impact with everyday wearability. The bold color palette appeals to those who enjoy artistic fashion and meaningful design, while the comfortable fit ensures versatility throughout the year.
 
 Product Details:
 • 100% Cotton
 • Black Sacred Stag Artwork
 • Turquoise Blue Colorway
 • Screen Printed Design
 • Open Front Kimono
 • Fringe Hem Detail
 • Lightweight Construction
 • Relaxed Fit","turquoise kimono, blue kimono, deer kimono, stag wrap, festival clothing, cotton kimono, boho fashion, sacred geometry, fringe kimono, artisan clothing, wearable art, statement kimono, bohemian wrap"
TOC-KIM-LUM-GRN-GLD-OS,TOC-KIMLW-GGO-STAGSTAG,Spring,Kimonos - Luminaya,Kimonos,Luminaya,,Womens,Luminaya Kimono,Kimonos Womens Green Gold Stag,Green,Green with Gold Peyote Stag,Stag,3. verde stag,Gold,100% Cotton,Screen print,OS,1,,,,,1,,$60,$60,Y,,,Draft,,https://drive.google.com/drive/u/0/folders/1efd8LaXIicYGOlmRKSnmeMZV6GcvlBTt,etsy.com/your/shops/me/listing-editor/edit/4522412017,,"Olive Green Deer Kimono, Gold Sacred Stag Cover Up, Boho Cotton Fringe Wrap, Festival Kimono","Inspired by woodland landscapes and earthy tones, this olive green cotton kimono features a detailed gold stag design that celebrates the beauty and symbolism of the natural world. The artwork blends geometric influences with the graceful presence of the deer, creating a design that feels grounded, artistic, and timeless.
 
 The lightweight cotton fabric offers breathable comfort and a fluid drape. Its open-front construction and oversized silhouette allow for easy movement, while fringe accents create additional texture and flow. The warm gold artwork contrasts beautifully against the olive background, resulting in a rich and balanced color palette.
 
 Screen printed and ethically produced, this kimono reflects a commitment to craftsmanship and intentional design. It is ideal for customers seeking unique wearable art that remains practical and versatile. The combination of natural imagery, comfortable construction, and artisan-inspired details creates a piece that stands out while remaining easy to wear.
 
 Product Details:
 • 100% Cotton
 • Gold Deer Artwork
 • Olive Green Colorway
 • Screen Printed Design
 • Fringe Hem Detail
 • Open Front Style
 • Lightweight Fabric
 • Relaxed Fit","olive kimono, deer kimono, stag kimono, forest clothing, boho wrap, cotton kimono, fringe cover up, geometric deer, sacred deer, artisan fashion, wearable art, festival kimono, earthy style"
TOC-KIM-LUM-GRN-WHT-OS,TOC-KIMLW-GWH-LEOPAOPARD,Spring,Kimonos - Luminaya,Kimonos,Luminaya,,Womens,Luminaya Kimono,Kimonos Womens Green White Leopard,Green,Green with White Shipibo Leopard,Leopard,4. Verde leopard jaguar? shipibo,White,100% Cotton,Screen print,OS,1,,,,,1,,$60,$60,Y,,,Draft,,https://drive.google.com/drive/u/0/folders/1a3JN5_eo1fClDmAqWHZAa8IN8VchkKhx,etsy.com/your/shops/me/listing-editor/edit/4522420986,,"Olive Leopard Kimono, White Jaguar Print Cover Up, Shipibo Cotton Fringe Kimono, Boho Wrap","This earthy olive green kimono features a striking white Shipibo-inspired leopard design that blends intricate geometric linework with the powerful symbolism of the jaguar. The artwork creates a captivating focal point and reflects themes of intuition, confidence, and connection to nature.
 
 Made from lightweight 100% cotton, the fabric feels soft, breathable, and comfortable throughout the seasons. The relaxed silhouette drapes naturally while fringe detailing adds movement and visual texture. The contrast between the olive fabric and crisp white artwork creates a distinctive look that feels both artistic and refined.
 
 Carefully screen printed and ethically produced, this kimono celebrates artisan craftsmanship while offering everyday versatility. Its nature-inspired imagery and wearable silhouette make it an appealing choice for customers seeking meaningful designs and sustainable fashion values.
 
 Product Details:
 • 100% Cotton
 • White Leopard Artwork
 • Shipibo Inspired Design
 • Open Front Style
 • Fringe Hem Detail
 • Lightweight Fabric
 • Relaxed Oversized Fit
 • Screen Printed Artwork","leopard kimono, jaguar kimono, shipibo leopard, olive kimono, cotton wrap, fringe kimono, boho clothing, wearable art, artisan fashion, sacred geometry, jungle inspired, festival style, bohemian kimono"
TOC-KIM-LUM-PNK-BLK-OS,TOC-KIMLW-PBL-LEOPAOPARD,Spring,Kimonos - Luminaya,Kimonos,Luminaya,,Womens,Luminaya Kimono,Kimonos Womens Pink Black Leopard,Pink,Pink with Black Shipibo Leopard,Leopard,5. Rosa lepardo jaguar? shipibo,Black,100% Cotton,Screen print,OS,1,,,,,1,,$60,$60,Y,,,Draft,,https://drive.google.com/drive/u/0/folders/1c2Kkp668JeOYz1aIa6mtUGvytdwPtORAç,etsy.com/your/shops/me/listing-editor/edit/4522417199,,"Pink Leopard Kimono, Black Jaguar Artwork Cover Up, Boho Cotton Fringe Wrap, Shipibo Inspired Kimono","Soft pink fabric and bold black artwork come together in this eye-catching cotton kimono featuring a Shipibo-inspired leopard design. The intricate illustration combines geometric pathways with the jaguar's powerful presence, creating a piece that feels artistic, expressive, and distinctive.
 
 Crafted from lightweight 100% cotton, the fabric drapes gracefully while providing breathable comfort. The oversized silhouette allows for effortless movement, while fringe detailing along the hem enhances the garment's flowing character. The contrast between the soft pink background and dark artwork creates a balanced composition that is both feminine and bold.
 
 Ethically produced and screen printed with care, this kimono reflects a commitment to thoughtful craftsmanship and meaningful design. Its combination of comfort, symbolism, and visual impact makes it a standout addition to any bohemian-inspired wardrobe.
 
 Product Details:
 • 100% Cotton
 • Black Leopard Artwork
 • Pink Colorway
 • Screen Printed Design
 • Fringe Hem Detail
 • Open Front Style
 • Lightweight Fabric
 • Relaxed Fit","pink kimono, leopard kimono, jaguar wrap, shipibo art, cotton kimono, fringe cover up, boho kimono, festival clothing, wearable art, artisan fashion, sacred geometry, statement layer, bohemian style"
TOC-KIM-LUM-WHT-BLK-OS,TOC-KIMLW-WBL-BEES  HIVE,Spring,Kimonos - Luminaya,Kimonos,Luminaya,,Womens,Luminaya Kimono,Kimonos Womens White Black Bees and Hive,White,White with Black Bees and Hive,Bees and Hive,2. blanco abeja,Black,100% Cotton,Screen print,OS,1,,,,,1,,$60,$60,Y,,,Draft,,https://drive.google.com/drive/u/0/folders/1EfBgElPv8wNcIHeAIWaeDehbN5mahstt,etsy.com/your/shops/me/listing-editor/edit/4522421329,,"Bee Kimono Cover Up, Honeycomb Cotton Kimono, Pollinator Inspired Fringe Wrap, White Boho Kimono","Celebrating the beauty and importance of pollinators, this white cotton kimono features an elegant bee and honeycomb illustration screen printed in black. The design combines botanical inspiration with geometric hive structures, creating a thoughtful balance between nature and graphic art.
 
 The lightweight 100% cotton fabric drapes softly and comfortably, making it suitable for year-round wear. Its relaxed open-front silhouette creates effortless movement, while fringe detailing adds texture and visual interest. The crisp white fabric provides the perfect backdrop for the detailed black artwork, allowing every element of the design to stand out clearly.
 
 Screen printed and ethically produced, this kimono reflects sustainable values and artisan craftsmanship. Ideal for nature lovers, gardeners, and anyone drawn to meaningful wearable art, it combines comfort, creativity, and timeless style in a versatile piece.
 
 Product Details:
 • 100% Cotton
 • Bee & Honeycomb Artwork
 • Black Screen Print
 • Open Front Style
 • Fringe Hem Detail
 • Lightweight Fabric
 • Relaxed Fit
 • Women's Kimono","bee kimono, honeycomb kimono, pollinator art, bee lover gift, white kimono, boho wrap, cotton kimono, botanical clothing, fringe kimono, sustainable fashion, artisan clothing, wearable art, nature inspired"
TOC-PANT-CORD-BRN-HBONE-L,,Spring,Long Corduroy Pants,,,,,Long Corduroy Pants,,,Brown Herringbone,,,,Corduroy,,L,,,,,,1,,$120,$120,Y,Listed,,Listed,,,,,,,
TOC-PANT-CORD-BRN-HBONE-M,,Spring,Long Corduroy Pants,,,,,Long Corduroy Pants,,,Brown Herringbone,,,,Corduroy,,M,,,,,,1,,$120,$120,Y,Listed,,Listed,,,,,,,
TOC-PANT-CORD-BRN-HBONE-S,,Spring,Long Corduroy Pants,,,,,Long Corduroy Pants,,,Brown Herringbone,,,,Corduroy,,S,,,,,,1,,$120,$120,Y,Listed,,Listed,,,,,,,
TOC-PANT-CORD-DUS-BGE-S,,Spring,Long Corduroy Pants,,,,,Long Corduroy Pants,,,Dusty Beige Pink,,,,Corduroy,,S,,,,,,1,,$120,$120,Y,Listed,,Listed,,,,,,,
TOC-PANT-CORD-DUS-BGE-S,,Spring,Long Corduroy Pants,,,,,Long Corduroy Pants,,,Dusty Beige Pink,,,,Corduroy,,S,,,,,,1,,$120,$120,Y,Listed,,Listed,,,,,,,
TOC-PANT-CORD-DUS-BGE-S,,Spring,Long Corduroy Pants,,,,,Long Corduroy Pants,,,Dusty Beige Pink,,,,Corduroy,,S,,,,,,1,,$120,$120,Y,Listed,,Listed,,,,,,,
TOC-PANT-CORD-DUS-BGE-S,,Spring,Long Corduroy Pants,,,,,Long Corduroy Pants,,,Dusty Beige Pink,,,,Corduroy,,S,,,,,,1,,$120,$120,Y,Listed,,Listed,,,,,,,
TOC-PANT-CORD-GRY-HBONE-L,,Spring,Long Corduroy Pants,,,,,Long Corduroy Pants,,,Grey Herringbone,,,,Corduroy,,L,,,,,,1,,$120,$120,Y,Listed,,Listed,,,,,,,
TOC-PANT-CORD-GRY-HBONE-M,,Spring,Long Corduroy Pants,,,,,Long Corduroy Pants,,,Grey Herringbone,,,,Corduroy,,M,,,,,,1,,$120,$120,Y,Listed,,Listed,,,,,,,
TOC-ND-BLK-XS,,Spring,Natural Dye Clothing,,,,,Black Bra,,,Black,,,,Natural Dye Hemp and Cotton,,XS,,,,,,1,,$45,$45,,,,Not Started,,,,,,,
TOC-ND-BLK-XS,,Spring,Natural Dye Clothing,,,,,Black Bra,,,Black,,,,Natural Dye Hemp and Cotton,,XS,,,,,,1,,$45,$45,,,,Not Started,,,,,,,
TOC-ND-BLK-XS,,Spring,Natural Dye Clothing,,,,,Black Bra,,,Black,,,,Natural Dye Hemp and Cotton,,XS,,,,,,1,,$45,$45,,,,Not Started,,,,,,,
TOC-ND-BLK-XS,,Spring,Natural Dye Clothing,,,,,Black Bra with Fern Print,,,Black,,,,Natural Dye Hemp and Cotton,,XS,,,,,,1,,$45,$45,,,,Not Started,,,,,,,
TOC-ND-BLK-XS,,Spring,Natural Dye Clothing,,,,,Black Bra with Fern Print,,,Black,,,,Natural Dye Hemp and Cotton,,XS,,,,,,1,,$45,$45,,,,Not Started,,,,,,,
TOC-ND-BLK-SM,,Spring,Natural Dye Clothing,,,,,Black Cropped Tank (Ribbed),,,Black,,,,Natural Dye Hemp and Cotton,,S/M,,,,,,1,,$60,$60,,,,Not Started,,,,,,,
TOC-ND-BLK-SM,,Spring,Natural Dye Clothing,,,,,Black Cropped Tank (Ribbed),,,Black,,,,Natural Dye Hemp and Cotton,,S/M,,,,,,1,,$60,$60,,,,Not Started,,,,,,,
TOC-ND-BLK-SM,,Spring,Natural Dye Clothing,,,,,Black Cropped Tank (Ribbed),,,Black,,,,Natural Dye Hemp and Cotton,,S/M,,,,,,1,,$60,$60,,,,Not Started,,,,,,,
TOC-ND-BLK-SM,,Spring,Natural Dye Clothing,,,,,Black Cropped Tank (Ribbed),,,Black,,,,Natural Dye Hemp and Cotton,,S/M,,,,,,1,,$60,$60,,,,Not Started,,,,,,,
TOC-ND-BLK-M,,Spring,Natural Dye Clothing,,,,,Black Tank,,,Black,,,,Natural Dye Hemp and Cotton,,M,,,,,,1,,$65,$65,,,,Not Started,,,,,,,
TOC-ND-BLK-M,,Spring,Natural Dye Clothing,,,,,Black Tank,,,Black,,,,Natural Dye Hemp and Cotton,,M,,,,,,1,,$65,$65,,,,Not Started,,,,,,,
TOC-ND-BLK-M,,Spring,Natural Dye Clothing,,,,,Black Tank,,,Black,,,,Natural Dye Hemp and Cotton,,M,,,,,,1,,$65,$65,,,,Not Started,,,,,,,
TOC-ND-BLK-M,,Spring,Natural Dye Clothing,,,,,Black Tank,,,Black,,,,Natural Dye Hemp and Cotton,,M,,,,,,1,,$65,$65,,,,Not Started,,,,,,,
TOC-ND-BLK-M,,Spring,Natural Dye Clothing,,,,,Black Tank,,,Black,,,,Natural Dye Hemp and Cotton,,M,,,,,,1,,$65,$65,,,,Not Started,,,,,,,
TOC-ND-BLK-M,,Spring,Natural Dye Clothing,,,,,Black Tank,,,Black,,,,Natural Dye Hemp and Cotton,,M,,,,,,1,,$65,$65,,,,Not Started,,,,,,,
TOC-ND-BLK-S,,Spring,Natural Dye Clothing,,,,,Black Wrap Cropped Top,,,Black,,,,Natural Dye Hemp and Cotton,,S,,,,,,1,,$115,$115,,,,Not Started,,,,,,,
TOC-ND-SHA-BGE-OSSM,,Spring,Natural Dye Clothing,,,,,Cotton Box Top,,,Shades of Beige,,,,Natural Dye Hemp and Cotton,,OS/SM,,,,,,1,,$60,$60,,,,Not Started,,,,,,,
TOC-ND-SHA-BGE-OSSM,,Spring,Natural Dye Clothing,,,,,Cotton Box Top,,,Shades of Beige,,,,Natural Dye Hemp and Cotton,,OS/SM,,,,,,1,,$60,$60,,,,Not Started,,,,,,,
TOC-ND-SHA-BGE-OSSM,,Spring,Natural Dye Clothing,,,,,Cotton Box Top,,,Shades of Beige,,,,Natural Dye Hemp and Cotton,,OS/SM,,,,,,1,,$60,$60,,,,Not Started,,,,,,,
TOC-ND-SHA-BGE-OSSM,,Spring,Natural Dye Clothing,,,,,Cotton Box Top,,,Shades of Beige,,,,Natural Dye Hemp and Cotton,,OS/SM,,,,,,1,,$60,$60,,,,Not Started,,,,,,,
TOC-ND-LIG-RST-S,,Spring,Natural Dye Clothing,,,,,Hemp Undies,,,Light Rust,,,,Natural Dye Hemp and Cotton,,S,,,,,,1,,$22,$22,,Price TBC,,Not Started,,,,,,,
TOC-ND-WHT-S,,Spring,Natural Dye Clothing,,,,,Hemp Undies,,,White,,,,Natural Dye Hemp and Cotton,,S,,,,,,1,,$22,$22,,Price TBC,,Not Started,,,,,,,
TOC-ND-BLU-GRY-OS,TOC-KIMNW-B-BLUE  GREY,Spring,Natural Dye Clothing,Kimonos,Natural Dye Clothing,,Womens,Kimono,Kimonos Womens Blue Grey  Blue Grey,Blue Grey,Blue Grey,Blue Grey,1.celeste tiritas ,,Hemp and Cotton,Natural Dye ,OS,1,,,,,1,,$115,$115,Y,Price TBC,,Draft,,https://drive.google.com/drive/u/0/folders/1pt06WZqzzw9agQLeJPtRqevh5HKtF2Db,etsy.com/your/shops/me/listing-editor/edit/4521976199,,"Sky Current Hemp Cotton Kimono, Hand Dyed Blue Grey Boho Cardigan, Sustainable Women's Layering Piece","Crafted from a soft and breathable hemp and cotton blend, the Sky Current Kimono celebrates the beauty of natural fibers and artisan craftsmanship. This flowing open-front silhouette features a hand-dyed blue grey palette that creates subtle variation and depth throughout the garment, ensuring every piece is one of a kind.
 
 Designed with a relaxed drape, this kimono moves effortlessly with the body while maintaining an elegant and timeless aesthetic. The lightweight knit fabric feels comfortable across seasons, making it a versatile layer that reflects both contemporary style and slow-fashion values. The handcrafted dye process enhances the organic character of the fabric, creating a refined yet earthy appearance inspired by nature.
 
 Ethically produced and thoughtfully made, this kimono embodies a commitment to sustainability, quality materials, and enduring design. Whether worn as an everyday layer or as a statement piece within a consciously curated wardrobe, it offers comfort, artistry, and effortless sophistication.
 
 Product Details:
 • Hemp and cotton blend
 • Hand dyed blue grey coloration
 • Women's fit
 • Open front kimono silhouette
 • Lightweight breathable fabric
 • Relaxed draped design
 • Ethically produced
 • Sustainable natural fibers","kimono cardigan, hemp clothing, hand dyed kimono, sustainable fashion, boho cardigan, eco clothing, artisan fashion, womens kimono, open front cardigan, natural fiber clothing, slow fashion, lightweight layer, ethical clothing"
TOC-ND-BLU-GRY-OS,TOC-KIMNW-B-BROWN GREY,Spring,Natural Dye Clothing,Kimonos,Natural Dye Clothing,,Womens,Kimono,Kimonos Womens Brown Grey  Brown Grey,Brown Grey,Brown Grey,Brown Grey,4. cafe tierra claro sin tiritas,,Hemp and Cotton,Natural Dye ,OS,1,,,,,1,,$115,$115,Y,Price TBC,,Draft,,https://drive.google.com/drive/u/0/folders/1Kdxiq1vFC1Bq3604mMAtxVpbMiU9PTaz,etsy.com/your/shops/me/listing-editor/edit/4521985814,,"Earthstone Mist Hemp Cotton Kimono, Hand Dyed Brown Grey Boho Cardigan, Sustainable Women's Layering Piece","Crafted from a soft and breathable hemp and cotton blend, the Earthstone Mist Kimono celebrates the beauty of natural fibers and artisan craftsmanship. This flowing open-front silhouette features a hand-dyed brown grey palette that creates subtle variation and depth throughout the garment, ensuring every piece is one of a kind.
 
 Designed with a relaxed drape, this kimono moves effortlessly with the body while maintaining an elegant and timeless aesthetic. The lightweight knit fabric feels comfortable across seasons, making it a versatile layer that reflects both contemporary style and slow-fashion values. The handcrafted dye process enhances the organic character of the fabric, creating a refined yet earthy appearance inspired by nature.
 
 Ethically produced and thoughtfully made, this kimono embodies a commitment to sustainability, quality materials, and enduring design. Whether worn as an everyday layer or as a statement piece within a consciously curated wardrobe, it offers comfort, artistry, and effortless sophistication.
 
 Product Details:
 • Hemp and cotton blend
 • Hand dyed brown grey coloration
 • Women's fit
 • Open front kimono silhouette
 • Lightweight breathable fabric
 • Relaxed draped design
 • Ethically produced
 • Sustainable natural fibers","kimono cardigan, hemp clothing, hand dyed kimono, sustainable fashion, boho cardigan, eco clothing, artisan fashion, womens kimono, open front cardigan, natural fiber clothing, slow fashion, lightweight layer, ethical clothing"
TOC-ND-GRY-OS,TOC-KIMNW-G-GREYGREY,Spring,Natural Dye Clothing,Kimonos,Natural Dye Clothing,,Womens,Kimono,Kimonos Womens Grey  Grey,Grey,Grey,Grey,2. cafe tierra sin tiritas ,,Hemp and Cotton,Natural Dye ,OS,1,,,,,1,,$115,$115,Y,Price TBC,,Draft,,https://drive.google.com/drive/u/0/folders/1OMCEdNJARsce-DYEEAnCMcXOBjKHWl-a,etsy.com/your/shops/me/listing-editor/edit/4521980937,,"Moonstone Flow Hemp Cotton Kimono, Hand Dyed Grey Boho Cardigan, Sustainable Women's Layering Piece","Crafted from a soft and breathable hemp and cotton blend, the Moonstone Flow Kimono celebrates the beauty of natural fibers and artisan craftsmanship. This flowing open-front silhouette features a hand-dyed grey palette that creates subtle variation and depth throughout the garment, ensuring every piece is one of a kind.
 
 Designed with a relaxed drape, this kimono moves effortlessly with the body while maintaining an elegant and timeless aesthetic. The lightweight knit fabric feels comfortable across seasons, making it a versatile layer that reflects both contemporary style and slow-fashion values. The handcrafted dye process enhances the organic character of the fabric, creating a refined yet earthy appearance inspired by nature.
 
 Ethically produced and thoughtfully made, this kimono embodies a commitment to sustainability, quality materials, and enduring design. Whether worn as an everyday layer or as a statement piece within a consciously curated wardrobe, it offers comfort, artistry, and effortless sophistication.
 
 Product Details:
 • Hemp and cotton blend
 • Hand dyed grey coloration
 • Women's fit
 • Open front kimono silhouette
 • Lightweight breathable fabric
 • Relaxed draped design
 • Ethically produced
 • Sustainable natural fibers","kimono cardigan, hemp clothing, hand dyed kimono, sustainable fashion, boho cardigan, eco clothing, artisan fashion, womens kimono, open front cardigan, natural fiber clothing, slow fashion, lightweight layer, ethical clothing"
TOC-ND-IND-OS,TOC-KIMNW-I-INDIGNDIGO,Spring,Natural Dye Clothing,Kimonos,Natural Dye Clothing,,Womens,Kimono,Kimonos Womens Indigo  Indigo,Indigo,Indigo,Indigo,5. burdeo tierra,,Hemp and Cotton,Natural Dye ,OS,1,,,,,1,,$115,$115,Y,Price TBC,,Draft,Solo hay fotos de 2 y son 3,https://drive.google.com/drive/u/0/folders/1JJ9vdpNpaH9t1iJiML26Fifj6HXnmV7O,etsy.com/your/shops/me/listing-editor/edit/4521990788,,"Indigo Tide Hemp Cotton Kimono, Hand Dyed Indigo Boho Cardigan, Sustainable Women's Layering Piece","Crafted from a soft and breathable hemp and cotton blend, the Indigo Tide Kimono celebrates the beauty of natural fibers and artisan craftsmanship. This flowing open-front silhouette features a hand-dyed indigo palette that creates subtle variation and depth throughout the garment, ensuring every piece is one of a kind.
 
 Designed with a relaxed drape, this kimono moves effortlessly with the body while maintaining an elegant and timeless aesthetic. The lightweight knit fabric feels comfortable across seasons, making it a versatile layer that reflects both contemporary style and slow-fashion values. The handcrafted dye process enhances the organic character of the fabric, creating a refined yet earthy appearance inspired by nature.
 
 Ethically produced and thoughtfully made, this kimono embodies a commitment to sustainability, quality materials, and enduring design. Whether worn as an everyday layer or as a statement piece within a consciously curated wardrobe, it offers comfort, artistry, and effortless sophistication.
 
 Product Details:
 • Hemp and cotton blend
 • Hand dyed indigo coloration
 • Women's fit
 • Open front kimono silhouette
 • Lightweight breathable fabric
 • Relaxed draped design
 • Ethically produced
 • Sustainable natural fibers","kimono cardigan, hemp clothing, hand dyed kimono, sustainable fashion, boho cardigan, eco clothing, artisan fashion, womens kimono, open front cardigan, natural fiber clothing, slow fashion, lightweight layer, ethical clothing"
,TOC-KIMNW-I-INDIGNDIGO,Spring,Natural Dye Clothing,Kimonos,Natural Dye Clothing,,Womens,Kimono,Kimonos Womens Indigo  Indigo,Indigo,Indigo,Indigo,5. burdeo tierra,,Hemp and Cotton,Natural Dye ,OS,1,,,,,1,,$115,$115,Y,Price TBC,,Draft,Solo hay fotos de 2 y son 3,https://drive.google.com/drive/u/0/folders/1JJ9vdpNpaH9t1iJiML26Fifj6HXnmV7O,etsy.com/your/shops/me/listing-editor/edit/4521990788,,"Indigo Tide Hemp Cotton Kimono, Hand Dyed Indigo Boho Cardigan, Sustainable Women's Layering Piece","Crafted from a soft and breathable hemp and cotton blend, the Indigo Tide Kimono celebrates the beauty of natural fibers and artisan craftsmanship. This flowing open-front silhouette features a hand-dyed indigo palette that creates subtle variation and depth throughout the garment, ensuring every piece is one of a kind.
 
 Designed with a relaxed drape, this kimono moves effortlessly with the body while maintaining an elegant and timeless aesthetic. The lightweight knit fabric feels comfortable across seasons, making it a versatile layer that reflects both contemporary style and slow-fashion values. The handcrafted dye process enhances the organic character of the fabric, creating a refined yet earthy appearance inspired by nature.
 
 Ethically produced and thoughtfully made, this kimono embodies a commitment to sustainability, quality materials, and enduring design. Whether worn as an everyday layer or as a statement piece within a consciously curated wardrobe, it offers comfort, artistry, and effortless sophistication.
 
 Product Details:
 • Hemp and cotton blend
 • Hand dyed indigo coloration
 • Women's fit
 • Open front kimono silhouette
 • Lightweight breathable fabric
 • Relaxed draped design
 • Ethically produced
 • Sustainable natural fibers","kimono cardigan, hemp clothing, hand dyed kimono, sustainable fashion, boho cardigan, eco clothing, artisan fashion, womens kimono, open front cardigan, natural fiber clothing, slow fashion, lightweight layer, ethical clothing"
,TOC-KIMNW-I-INDIGNDIGO,Spring,Natural Dye Clothing,Kimonos,Natural Dye Clothing,,Womens,Kimono,Kimonos Womens Indigo  Indigo,Indigo,Indigo,Indigo,5. burdeo tierra,,Hemp and Cotton,Natural Dye ,OS,1,,,,,1,,$115,$115,Y,Price TBC,,Draft,Solo hay fotos de 2 y son 3,https://drive.google.com/drive/u/0/folders/1JJ9vdpNpaH9t1iJiML26Fifj6HXnmV7O,etsy.com/your/shops/me/listing-editor/edit/4521990788,,"Indigo Tide Hemp Cotton Kimono, Hand Dyed Indigo Boho Cardigan, Sustainable Women's Layering Piece","Crafted from a soft and breathable hemp and cotton blend, the Indigo Tide Kimono celebrates the beauty of natural fibers and artisan craftsmanship. This flowing open-front silhouette features a hand-dyed indigo palette that creates subtle variation and depth throughout the garment, ensuring every piece is one of a kind.
 
 Designed with a relaxed drape, this kimono moves effortlessly with the body while maintaining an elegant and timeless aesthetic. The lightweight knit fabric feels comfortable across seasons, making it a versatile layer that reflects both contemporary style and slow-fashion values. The handcrafted dye process enhances the organic character of the fabric, creating a refined yet earthy appearance inspired by nature.
 
 Ethically produced and thoughtfully made, this kimono embodies a commitment to sustainability, quality materials, and enduring design. Whether worn as an everyday layer or as a statement piece within a consciously curated wardrobe, it offers comfort, artistry, and effortless sophistication.
 
 Product Details:
 • Hemp and cotton blend
 • Hand dyed indigo coloration
 • Women's fit
 • Open front kimono silhouette
 • Lightweight breathable fabric
 • Relaxed draped design
 • Ethically produced
 • Sustainable natural fibers","kimono cardigan, hemp clothing, hand dyed kimono, sustainable fashion, boho cardigan, eco clothing, artisan fashion, womens kimono, open front cardigan, natural fiber clothing, slow fashion, lightweight layer, ethical clothing"
TOC-RECYC-S-VIB-OS,,Spring,Recycled Fabric Soft Pieces,,,,,Long Wrap,,,70s Vibe Print,,,,Recycled Fabric,,OS,,,,,,1,,$60,$60,,,,Not Started,,,,,,,
TOC-RECYC-GRY-FEA-OS,,Spring,Recycled Fabric Soft Pieces,,,,,Long Wrap,,,Grey Feathers,,,,Recycled Fabric,,OS,,,,,,1,,$60,$60,,,,Not Started,,,,,,,
TOC-RECYC-BLU-RED-OS,,Spring,Recycled Fabric Soft Pieces,,,,,Long Wrap Jacket,,,Blue and Red Flowers,,,,Recycled Fabric,,OS,,,,,,1,,$60,$60,,,,Not Started,,,,,,,
TOC-VEST-CROP-BRN-APP-XS,TOC-VESC-B-REVER BACK,Spring,Vests - Cropped,Vests,Cropped,,,Cropped Vest,,Brown,Brown with Reverse Appliqué Design on Back,Reverse Appliqué Design on Back,,,Mixed Fabric,,XS,,,,,,1,,$60,$60,,Listing not complete,,Draft,,,,,,,
TOC-VEST-K-DRG-CORD-PAT-L,,Spring,Vests - Kids Dragonfly,,,,,Kids Dragonfly Vest,,,Corduroy Patchwork with Dragonfly Back,,,,Corduroy Patchwork,,L,,,,,,1,,$40,$40,,Needs individual photos,,Not Started,,,,,,,
TOC-VEST-K-DRG-CORD-PAT-M,,Spring,Vests - Kids Dragonfly,,,,,Kids Dragonfly Vest,,,Corduroy Patchwork with Dragonfly Back,,,,Corduroy Patchwork,,M,,,,,,1,,$40,$40,,Needs individual photos,,Not Started,,,,,,,
TOC-VEST-K-DRG-CORD-PAT-M,,Spring,Vests - Kids Dragonfly,,,,,Kids Dragonfly Vest,,,Corduroy Patchwork with Dragonfly Back,,,,Corduroy Patchwork,,M,,,,,,1,,$40,$40,,Needs individual photos,,Not Started,,,,,,,
TOC-VEST-K-DRG-CORD-PAT-S,,Spring,Vests - Kids Dragonfly,,,,,Kids Dragonfly Vest,,,Corduroy Patchwork with Dragonfly Back,,,,Corduroy Patchwork,,S,,,,,,1,,$40,$40,,Needs individual photos,,Not Started,,,,,,,
TOC-VEST-M-LWT-GRY-BRN-M,,Spring,Vests - Mens Lightweight Hooded,,,,,Mens Lightweight Hooded Vest,,,Grey and Brown,,,,Recycled Material,,M,,,,,,1,,$100,$100,,,,Not Started,,,,,,,
TOC-VEST-M-LWT-GRY-BRN-M,,Spring,Vests - Mens Lightweight Hooded,,,,,Mens Lightweight Hooded Vest,,,Grey and Brown,,,,Recycled Material,,M,,,,,,1,,$100,$100,,,,Not Started,,,,,,,
TOC-VEST-M-LWT-BRN-BRN-L,,Spring,Vests - Mens Lightweight Hooded - Brown Brown,,,,,Mens Lightweight Hooded Vest Brown,,,Brown,,,,Recycled Material,,L,,,,,,1,,$80,$80,,Zipper pockets studs recycled material,,Not Started,,,,,,,
TOC-VEST-M-LWT-BRN-BRN-L,,Spring,Vests - Mens Lightweight Hooded - Brown Brown,,,,,Mens Lightweight Hooded Vest Brown,,,Brown,,,,Recycled Material,,L,,,,,,1,,$80,$80,,Zipper pockets studs recycled material,,Not Started,,,,,,,
TOC-VEST-M-LWT-GRYBR-GRY-BRN-L,,Spring,Vests - Mens Lightweight Hooded - Grey Brown,,,,,Mens Lightweight Hooded Vest Grey Brown,,,Grey and Brown,,,,Recycled Material,,L,,,,,,1,,$80,$80,,Zipper pockets studs recycled material,,Not Started,,,,,,,
TOC-VEST-PIXIE-BRN-TWD-XSS,,Spring,Vests - Pixie Cropped Hooded,,,,,Pixie Cropped Hooded Vest with Embroidery,,,Brown Tweed with Embroidery,,,,Tweed,,XS/S,,,,,,1,,$90,$90,,,,Not Started,,,,,,,
TOC-VEST-PIXIE-BRN-TWD-XSS,,Spring,Vests - Pixie Cropped Hooded,,,,,Pixie Cropped Hooded Vest with Embroidery,,,Brown Tweed with Geometric Embroidery and Rev App Textiles,,,,Tweed,,XS/S,,,,,,1,,$95,$95,,,,Not Started,,,,,,,
TOC-VEST-W-CROP-BRN-SDE-SM,,Spring,Vests - Womens Cropped Hooded,,,,,Womens Cropped Hooded Vest,,,Brown Suede with Shipibo Patch,,,,Suede,,S/M,,,,,,1,,$100,$100,,,,Not Started,,,,,,,
TOC-VEST-W-CROP-BRN-SDE-SM,,Spring,Vests - Womens Cropped Hooded,,,,,Womens Cropped Hooded Vest,,,Brown Suede with Shipibo Patch,,,,Suede,,S/M,,,,,,1,,$100,$100,,,,Not Started,,,,,,,
TOC-VEST-W-CROP-CRM-TAN-XSS,,Spring,Vests - Womens Cropped Hooded,,,,,Womens Cropped Hooded Vest,,,Cream Tan Brown Suede with Light Language,,,,Suede,,XS/S,,,,,,1,,$100,$100,,,,Not Started,,,,,,,
TOC-VEST-W-CROP-TAN-BRN-XSS,,Spring,Vests - Womens Cropped Hooded,,,,,Womens Cropped Hooded Vest,,,Tan and Brown with Flower of Life and Light Language,,,,Suede,,XS/S,,,,,,1,,$100,$100,,,,Not Started,,,,,,,
TOC-VEST-W-CROP-WHT-SDE-ML,,Spring,Vests - Womens Cropped Hooded,,,,,Womens Cropped Hooded Vest,,,White Suede with Shipibo Patch,,,,Suede,,M/L,,,,,,1,,$100,$100,,,,Not Started,,,,,,,
TOC-VEST-W-PIXIE-ELE-ELE-GUA-XS,,Spring,Vests - Womens Cropped Pixie Elephant,,,,,Womens Cropped Pixie Vest with Elephant,,,Elephant Reverse Applique with Guatemala Textiles,,,,Recycled Fabric and Cotton,,XS,,,,,,1,,$60,$60,,Elephant screen print on inner side recycled fabric and cotton,,Not Started,,,,,,,
TOC-VEST-W-LWT-BLK-EAR-SM,,Spring,Vests - Womens Lightweight Hooded,,,,,Womens Lightweight Hooded Vest,,,Black with Earth Tone Textiles,,,,Mixed Recycled,,S/M,,,,,,1,,$175,$175,,,,Not Started,,,,,,,
TOC-VEST-W-LWT-BLK-RNBW-SM,,Spring,Vests - Womens Lightweight Hooded,,,,,Womens Lightweight Hooded Vest,,,Black with Rainbow Textiles and White Geometric - Zip Pockets,,,,Mixed Recycled,,S/M,,,,,,1,,$175,$175,,,,Not Started,,,,,,,
TOC-VEST-W-LWT-BRN-CORD-SM,,Spring,Vests - Womens Lightweight Hooded,,,,,Womens Lightweight Hooded Vest,,,Brown Corduroy with Pink Textiles and White Geometric - Zip Pockets,,,,Mixed Recycled,,S/M,,,,,,1,,$175,$175,,,,Not Started,,,,,,,
TOC-VEST-W-LWT-STA-SKY-SM,,Spring,Vests - Womens Lightweight Hooded,,,,,Womens Lightweight Hooded Vest,,,Starlit Sky Blue with Earth Tone Textiles,,,,Mixed Recycled,,S/M,,,,,,1,,$175,$175,,,,Not Started,,,,,,,
TOC-BIKINI-GLD-GRY-REV-OS,,Summer,Bikini Sets,,,,,Bikini Bra Top,,,Gold and Grey Reversible,,,,Recycled Materials,,OS,,,,,,1,,$70,$70,Y,Recycled materials reversible,,Not Started,,,,,,,
TOC-BIKINI-GLD-GRY-OS,,Summer,Bikini Sets,,,,,Bikini Set (Reversible Halter Top + Low Rise Semi Cheeky Bottoms),,,Gold and Grey,,,,Recycled Materials,,OS,,,,,,1,,$70,$70,Y,,,Not Started,,,,,,,
TOC-BIKINI-GLD-GRY-OS,,Summer,Bikini Sets,,,,,Bikini Set (Reversible Halter Top + Low Rise Semi Cheeky Bottoms),,,Gold and Grey,,,,Recycled Materials,,OS,,,,,,1,,$70,$70,Y,,,Not Started,,,,,,,
TOC-BIKINI-GLD-GRY-OS,,Summer,Bikini Sets,,,,,Bikini Set (Reversible Halter Top + Low Rise Semi Cheeky Bottoms),,,Gold and Grey,,,,Recycled Materials,,OS,,,,,,1,,$70,$70,Y,,,Not Started,,,,,,,
TOC-BIKINI-GLD-GRY-OS,,Summer,Bikini Sets,,,,,Bikini Set (Reversible Halter Top + Low Rise Semi Cheeky Bottoms),,,Gold and Grey,,,,Recycled Materials,,OS,,,,,,1,,$70,$70,Y,,,Not Started,,,,,,,
TOC-BIKINI-GLD-GRY-OS,,Summer,Bikini Sets,,,,,Bikini Set (Reversible Halter Top + Low Rise Semi Cheeky Bottoms),,,Gold and Grey,,,,Recycled Materials,,OS,,,,,,1,,$70,$70,Y,,,Not Started,,,,,,,
TOC-BIKINI-GLD-GRY-OS,,Summer,Bikini Sets,,,,,Bikini Set (Reversible Halter Top + Low Rise Semi Cheeky Bottoms),,,Gold and Grey,,,,Recycled Materials,,OS,,,,,,1,,$70,$70,Y,,,Not Started,,,,,,,
TOC-BIKINI-GLD-GRY-OS,,Summer,Bikini Sets,,,,,Bikini Set (Reversible Halter Top + Low Rise Semi Cheeky Bottoms),,,Gold and Grey,,,,Recycled Materials,,OS,,,,,,1,,$70,$70,Y,,,Not Started,,,,,,,
TOC-BIKINI-GLD-GRY-OS,,Summer,Bikini Sets,,,,,Bikini Set (Reversible Halter Top + Low Rise Semi Cheeky Bottoms),,,Gold and Grey,,,,Recycled Materials,,OS,,,,,,1,,$70,$70,Y,,,Not Started,,,,,,,
TOC-BIKINI-GLD-GRY-OS,,Summer,Bikini Sets,,,,,Bikini Set (Reversible Halter Top + Low Rise Semi Cheeky Bottoms),,,Gold and Grey,,,,Recycled Materials,,OS,,,,,,1,,$70,$70,Y,,,Not Started,,,,,,,
TOC-BIKINI-GLD-GRY-OS,,Summer,Bikini Sets,,,,,Bikini Set (Reversible Halter Top + Low Rise Semi Cheeky Bottoms),,,Gold and Grey,,,,Recycled Materials,,OS,,,,,,1,,$70,$70,Y,,,Not Started,,,,,,,
TOC-BIKINI-GLD-GRY-OS,,Summer,Bikini Sets,,,,,Bikini Set (Reversible Halter Top + Low Rise Semi Cheeky Bottoms),,,Gold and Grey,,,,Recycled Materials,,OS,,,,,,1,,$70,$70,Y,,,Not Started,,,,,,,
TOC-BIKINI-GLD-GRY-OS,,Summer,Bikini Sets,,,,,Bikini Set (Reversible Halter Top + Low Rise Semi Cheeky Bottoms),,,Gold and Grey,,,,Recycled Materials,,OS,,,,,,1,,$70,$70,Y,,,Not Started,,,,,,,
TOC-BIKINI-GLD-GRY-OS,,Summer,Bikini Sets,,,,,Bikini Set (Reversible Halter Top + Low Rise Semi Cheeky Bottoms),,,Gold and Grey,,,,Recycled Materials,,OS,,,,,,1,,$70,$70,Y,,,Not Started,,,,,,,
TOC-BIKINI-GLD-GRY-OS,,Summer,Bikini Sets,,,,,Bikini Set (Reversible Halter Top + Low Rise Semi Cheeky Bottoms),,,Gold and Grey,,,,Recycled Materials,,OS,,,,,,1,,$70,$70,Y,,,Not Started,,,,,,,
TOC-BIKINI-GLD-GRY-OS,,Summer,Bikini Sets,,,,,Bikini Set (Reversible Halter Top + Low Rise Semi Cheeky Bottoms),,,Gold and Grey,,,,Recycled Materials,,OS,,,,,,1,,$70,$70,Y,,,Not Started,,,,,,,
TOC-BIKINI-GLD-GRY-OS,,Summer,Bikini Sets,,,,,Bikini Set (Reversible Halter Top + Low Rise Semi Cheeky Bottoms),,,Gold and Grey,,,,Recycled Materials,,OS,,,,,,1,,$70,$70,Y,,,Not Started,,,,,,,
TOC-BRA-BLK-GRY-XL,,Summer,Bras,,,,,Bra,,,Black and Grey Striped with Red Straps and Edging,,,,Mixed Fabric,,XL,,,,,,1,,$35,$35,Y,,,Not Started,,,,,,,
TOC-BRA-BLK-GRY-XL,,Summer,Bras,,,,,Bra,,,Black and Grey Striped with Red Straps and Edging,,,,Mixed Fabric,,XL,,,,,,1,,$35,$35,Y,,,Not Started,,,,,,,
TOC-BRA-BLK-GRY-XL,,Summer,Bras,,,,,Bra,,,Black and Grey Striped with Red Straps and Edging,,,,Mixed Fabric,,XL,,,,,,1,,$35,$35,Y,,,Not Started,,,,,,,
TOC-BRA-BLK-GRY-XL,,Summer,Bras,,,,,Bra,,,Black and Grey Striped with Red Straps and Edging,,,,Mixed Fabric,,XL,,,,,,1,,$35,$35,Y,,,Not Started,,,,,,,
TOC-BRA-BLK-GRY-XL,,Summer,Bras,,,,,Bra,,,Black and Grey Striped with Red Straps and Edging,,,,Mixed Fabric,,XL,,,,,,1,,$35,$35,Y,,,Not Started,,,,,,,
TOC-BRA-GRY-DOT-SM,,Summer,Bras,,,,,Halter Bikini (Reversible),,,Grey with Dots and Braided Strap,,,,Mixed Fabric,,S/M,,,,,,1,,$35,$35,Y,,,Not Started,,,,,,,
TOC-BRA-WHT-GRY-SM,,Summer,Bras,,,,,Halter Bikini (Reversible),,,White and Grey with Flower Print and White Braided Straps,,,,Mixed Fabric,,S/M,,,,,,1,,$35,$35,Y,,,Not Started,,,,,,,
TOC-DRESS-COWL-STR-NEC-SM,,Summer,Cowl Dress,,,,,Cowl Neck Short Dress,,,Striped Neck Fabric and Grey Feathers Base,,,,Mixed Fabric,,S/M,,,,,,1,,$75,$75,,,,Not Started,,,,,,,
TOC-DRESS-COWL-STR-NEC-SM,,Summer,Cowl Dress,,,,,Cowl Neck Short Dress,,,Striped Neck Fabric and Grey Feathers Base,,,,Mixed Fabric,,S/M,,,,,,1,,$75,$75,,,,Not Started,,,,,,,
TOC-DRESS-COWL-FEA-STR-OS,,Summer,Cowl Dress,,,,,Womens Cowl Neck Dress,,,Feather Print with Striped Neck,,,,Mixed,,OS,,,,,,1,,$60,$60,,,,Not Started,,,,,,,
TOC-CROP-AQU-FLO-SM,,Summer,Crop Tops,,,,,Crop Top,,,Aqua with Flowers,,,,Velvet,,S/M,,,,,,1,,$50,$50,Y,,,Not Started,,,,,,,
TOC-CROP-BLK-VLV-SM,,Summer,Crop Tops,,,,,Crop Top,,,Black Velvet with Flowers,,,,Velvet,,S/M,,,,,,1,,$50,$50,Y,,,Not Started,,,,,,,
TOC-CROP-MOS-GRN-SM,,Summer,Crop Tops,,,,,Crop Top,,,Moss Green with Black and White Stripes,,,,Velvet,,S/M,,,,,,1,,$50,$50,Y,,,Not Started,,,,,,,
TOC-CROP-MOS-GRN-SM,,Summer,Crop Tops,,,,,Crop Top,,,Moss Green with Black and White Stripes,,,,Velvet,,S/M,,,,,,1,,$50,$50,Y,,,Not Started,,,,,,,
TOC-CROP-MOS-GRN-SM,,Summer,Crop Tops,,,,,Crop Top,,,Moss Green with Black and White Stripes,,,,Velvet,,S/M,,,,,,1,,$50,$50,Y,,,Not Started,,,,,,,
TOC-CROP-NVY-FLO-SM,,Summer,Crop Tops,,,,,Crop Top,,,Navy with Flowers,,,,Velvet,,S/M,,,,,,1,,$50,$50,Y,,,Not Started,,,,,,,
TOC-CROP-NVY-FLO-SM,,Summer,Crop Tops,,,,,Crop Top,,,Navy with Flowers,,,,Velvet,,S/M,,,,,,1,,$50,$50,Y,,,Not Started,,,,,,,
TOC-CROP-PRP-BLK-SM,,Summer,Crop Tops,,,,,Crop Top,,,Purple with Black and Rainbow Edging,,,,Velvet,,S/M,,,,,,1,,$40,$40,Y,,,Not Started,,,,,,,
TOC-CROP-PRP-BLK-SM,,Summer,Crop Tops,,,,,Crop Top,,,Purple with Black and Rainbow Edging,,,,Velvet,,S/M,,,,,,1,,$40,$40,Y,,,Not Started,,,,,,,
TOC-CROP-TEL-BLK-SM,,Summer,Crop Tops,,,,,Crop Top,,,Teal with Black and White Stripes,,,,Velvet,,S/M,,,,,,1,,$50,$50,Y,,,Not Started,,,,,,,
TOC-CROP-WHT-VLV-SM,,Summer,Crop Tops,,,,,Crop Top,,,White Velvet with Black and White Stripes,,,,Velvet,,S/M,,,,,,1,,$50,$50,Y,,,Not Started,,,,,,,
TOC-CROP-WHT-VLV-SM,,Summer,Crop Tops,,,,,Crop Top,,,White Velvet with Black and White Stripes,,,,Velvet,,S/M,,,,,,1,,$50,$50,Y,,,Not Started,,,,,,,
TOC-CROP-WHT-VLV-SM,,Summer,Crop Tops,,,,,Crop Top,,,White Velvet with Black and White Stripes,,,,Velvet,,S/M,,,,,,1,,$50,$50,Y,,,Not Started,,,,,,,
TOC-CROP-RED-VLV-SM,,Summer,Crop Tops,,,,,Crop Top (Reversible),,,Red Velvet with Flowers,,,,Velvet,,S/M,,,,,,1,,$50,$50,Y,,,Not Started,,,,,,,
TOC-CROP-RED-VLV-SM,,Summer,Crop Tops,,,,,Crop Top (Reversible),,,Red Velvet with Flowers,,,,Velvet,,S/M,,,,,,1,,$50,$50,Y,,,Not Started,,,,,,,
TOC-CROP-RED-VLV-SM,,Summer,Crop Tops,,,,,Crop Top (Reversible),,,Red Velvet with Flowers,,,,Velvet,,S/M,,,,,,1,,$50,$50,Y,,,Not Started,,,,,,,
TOC-DRESS-STRAPPY-BRN-BLK-SM,,Summer,Dresses - Long Summer Strappy,,,,,Long Summer Strappy Dress,,,Brown with Black and White Stripes,,,,Mixed Fabric,,S/M,,,,,,1,,$85,$85,Y,,,Not Started,,,,,,,
TOC-DRESS-STRAPPY-GRY-RNBW-SM,,Summer,Dresses - Long Summer Strappy,,,,,Long Summer Strappy Dress,,,Grey with Rainbow Edging,,,,Mixed Fabric,,S/M,,,,,,1,,$85,$85,Y,,,Not Started,,,,,,,
TOC-DRESS-STRAPPY-NVY-BLK-SM,,Summer,Dresses - Long Summer Strappy,,,,,Long Summer Strappy Dress,,,Navy with Black Velvet Edging,,,,Mixed Fabric,,S/M,,,,,,1,,$85,$85,Y,,,Not Started,,,,,,,
TOC-DRESS-STRAPPY-ROS-RNBW-SM,,Summer,Dresses - Long Summer Strappy,,,,,Long Summer Strappy Dress,,,Rose with Rainbow Edging,,,,Mixed Fabric,,S/M,,,,,,1,,$85,$85,Y,,,Not Started,,,,,,,
TOC-DRESS-STRAPPY-ROY-BLU-SM,,Summer,Dresses - Long Summer Strappy,,,,,Long Summer Strappy Dress,,,Royal Blue with Black and White Stripes,,,,Mixed Fabric,,S/M,,,,,,1,,$85,$85,Y,,,Not Started,,,,,,,
TOC-DRESS-STRAPPY-NVY-BLK-SM,,Summer,Dresses - Long Summer Strappy,,,,,Long Summer Strappy Dress with Owl Print,,,Navy with Black Velvet Edging and Screen Printed Owl,,,,Mixed Fabric,,S/M,,,,,,1,,$90,$90,Y,,,Not Started,,,,,,,
TOC-DRESS-STRAPPY-PRP-RNBW-SM,,Summer,Dresses - Long Summer Strappy,,,,,Long Summer Strappy Dress with Owl Print,,,Purple with Rainbow Strap and Screen Printed Owl,,,,Mixed Fabric,,S/M,,,,,,1,,$90,$90,Y,,,Not Started,,,,,,,
TOC-DRESS-WRAP-LWT-GRY-M,,Summer,Dresses - No Sleeve Wrap Lightweight,,,,,No Sleeve Wrap Dress Lightweight,,,Grey,,,,Natural Dye Hemp and Cotton,,M,,,,,,1,,$150,$150,Y,Price TBC,,Not Started,,,,,,,
TOC-DRESS-WRAP-LWT-YEL-M,,Summer,Dresses - No Sleeve Wrap Lightweight,,,,,No Sleeve Wrap Dress Lightweight,,,Yellow,,,,Natural Dye Hemp and Cotton,,M,,,,,,1,,$150,$150,Y,Price TBC,,Not Started,,,,,,,
TOC-DRESS-WRAP-STR-BRN-SM,,Summer,Dresses - No Sleeve Wrap Stretchy,,,,,No Sleeve Wrap Dress Stretchy,,,Brown,,,,Natural Dye Hemp and Cotton,,S/M,,,,,,1,,$200,$200,Y,,,Not Started,,,,,,,
TOC-DRESS-WRAP-STR-GRY-SM,,Summer,Dresses - No Sleeve Wrap Stretchy,,,,,No Sleeve Wrap Dress Stretchy,,,Grey,,,,Natural Dye Hemp and Cotton,,S/M,,,,,,1,,$200,$200,Y,,,Not Started,,,,,,,
TOC-DRESS-WRAP-STR-GRY-SM,,Summer,Dresses - No Sleeve Wrap Stretchy,,,,,No Sleeve Wrap Dress Stretchy,,,Grey,,,,Natural Dye Hemp and Cotton,,S/M,,,,,,1,,$200,$200,Y,,,Not Started,,,,,,,
TOC-DRESS-WRAP-STR-LEM-SM,,Summer,Dresses - No Sleeve Wrap Stretchy,,,,,No Sleeve Wrap Dress Stretchy,,,Lemon,,,,Natural Dye Hemp and Cotton,,S/M,,,,,,1,,$200,$200,Y,,,Not Started,,,,,,,
TOC-DRESS-MERMAID-FRST-SGE-SM,,Summer,Dresses - OOAK Mermaid,,,,,OOAK Summer Mermaid Dress,,,Forest Sage,,,,Hemp Cotton Jersey,,S/M,,,,,,1,,$150,$150,Y,Hemp cotton jersey hand dyed,,Not Started,,,,,,,
TOC-DRESS-PIXIE-GRN-OS,,Summer,Dresses - Pixie Hooded,,,,,Womens Green Hooded Pixie Dress,,,Green,,,,Mixed,,OS,,,,,,1,,$75,$75,,Screen printed,,Not Started,,,,,,,
TOC-DRESS-HEMP-PAS-PCH-M,,Summer,Dresses - Summer Hemp,,,,,Summer Dress,,,Pastel Peach,,,,Hemp Cotton Jersey,,M,,,,,,1,,$150,$150,Y,Hemp cotton jersey top and hemp cotton base naturally dyed,,Not Started,,,,,,,
TOC-DRESS-HEMP-PAS-SGE-M,,Summer,Dresses - Summer Hemp,,,,,Summer Dress,,,Pastel Sage,,,,Hemp Cotton Jersey,,M,,,,,,1,,$150,$150,Y,Hemp cotton jersey top and hemp cotton base naturally dyed,,Not Started,,,,,,,
TOC-DRESS-STRT-GRN-SM,,Summer,Dresses - Summer Straight,,,,,Summer Straight Dress,,,Green,,,,Natural Dye Hemp and Cotton,,S/M,,,,,,1,,$150,$150,Y,,,Not Started,,,,,,,
TOC-DRESS-STRT-YEL-SM,,Summer,Dresses - Summer Straight,,,,,Summer Straight Dress,,,Yellow,,,,Natural Dye Hemp and Cotton,,S/M,,,,,,1,,$150,$150,Y,,,Not Started,,,,,,,
TOC-ND-KGIRL-LS-SGE-18M,,Summer,Natural Dye Clothing - Little Girl Dresses (Long Sleeve),,,,,Little Girl Dress Long Sleeve,,,Sage,,,,Natural Dye Hemp and Cotton,,18 months,,,,,,1,,$50,$50,,Price TBC,,Not Started,,,,,,,
TOC-ND-KGIRL-SS-BLU-1(AGE5),,Summer,Natural Dye Clothing - Little Girl Dresses (Short Sleeve),,,,,Little Girl Dress Short Sleeve,,,Blue,,,,Natural Dye Hemp and Cotton,,1 (age 5),,,,,,1,,$60,$60,,,,Not Started,,,,,,,
TOC-ND-KGIRL-SS-GRN-1(AGE5),,Summer,Natural Dye Clothing - Little Girl Dresses (Short Sleeve),,,,,Little Girl Dress Short Sleeve,,,Green,,,,Natural Dye Hemp and Cotton,,1 (age 5),,,,,,1,,$60,$60,,,,Not Started,,,,,,,
TOC-ND-KGIRL-SS-RST-1(AGE5),,Summer,Natural Dye Clothing - Little Girl Dresses (Short Sleeve),,,,,Little Girl Dress Short Sleeve,,,Rust,,,,Natural Dye Hemp and Cotton,,1 (age 5),,,,,,1,,$60,$60,,,,Not Started,,,,,,,
TOC-ND-TANK-BGE-M,,Summer,Natural Dye Clothing - Tanks,,,,,Double Fabric Tank,,,Beige,,,,Natural Dye Hemp and Cotton,,M,,,,,,1,,$80,$80,,,,Not Started,,,,,,,
TOC-ND-TANK-AQU-ML,,Summer,Natural Dye Clothing - Tanks,,,,,Tank,,,Aqua,,,,Natural Dye Hemp and Cotton,,M/L,,,,,,1,,$70,$70,,Price TBC,,Not Started,,,,,,,
TOC-ND-TANK-AQU-ML,,Summer,Natural Dye Clothing - Tanks,,,,,Tank,,,Aqua,,,,Natural Dye Hemp and Cotton,,M/L,,,,,,1,,$70,$70,,Price TBC,,Not Started,,,,,,,
TOC-ND-TANK-AQU-ML,,Summer,Natural Dye Clothing - Tanks,,,,,Tank,,,Aqua,,,,Natural Dye Hemp and Cotton,,M/L,,,,,,1,,$70,$70,,Price TBC,,Not Started,,,,,,,
TOC-ND-TANK-EUC-ML,,Summer,Natural Dye Clothing - Tanks,,,,,Tank,,,Eucalyptus,,,,Natural Dye Hemp and Cotton,,M/L,,,,,,1,,$75,$75,,Price TBC,,Not Started,,,,,,,
TOC-ND-TANK-EUC-ML,,Summer,Natural Dye Clothing - Tanks,,,,,Tank,,,Eucalyptus,,,,Natural Dye Hemp and Cotton,,M/L,,,,,,1,,$75,$75,,Price TBC,,Not Started,,,,,,,
TOC-ND-TANK-EUC-SM,,Summer,Natural Dye Clothing - Tanks,,,,,Tank,,,Eucalyptus,,,,Natural Dye Hemp and Cotton,,S/M,,,,,,1,,$75,$75,,Price TBC,,Not Started,,,,,,,
TOC-ND-TANK-LIG-BLU-ML,,Summer,Natural Dye Clothing - Tanks,,,,,Tank,,,Light Blue,,,,Natural Dye Hemp and Cotton,,M/L,,,,,,1,,$75,$75,,Price TBC,,Not Started,,,,,,,
TOC-ND-TANK-LIG-BLU-SM,,Summer,Natural Dye Clothing - Tanks,,,,,Tank,,,Light Blue,,,,Natural Dye Hemp and Cotton,,S/M,,,,,,1,,$75,$75,,Price TBC,,Not Started,,,,,,,
TOC-ND-TANK-LIG-BLU-SM,,Summer,Natural Dye Clothing - Tanks,,,,,Tank,,,Light Blue,,,,Natural Dye Hemp and Cotton,,S/M,,,,,,1,,$75,$75,,Price TBC,,Not Started,,,,,,,
TOC-ND-TANK-LIL-GRY-ML,,Summer,Natural Dye Clothing - Tanks,,,,,Tank,,,Lilac Grey (some with prints),,,,Natural Dye Hemp and Cotton,,M/L,,,,,,1,,$70,$70,,Price TBC,,Not Started,,,,,,,
TOC-ND-TANK-LIL-GRY-ML,,Summer,Natural Dye Clothing - Tanks,,,,,Tank,,,Lilac Grey (some with prints),,,,Natural Dye Hemp and Cotton,,M/L,,,,,,1,,$70,$70,,Price TBC,,Not Started,,,,,,,
TOC-ND-TANK-LIL-GRY-SM,,Summer,Natural Dye Clothing - Tanks,,,,,Tank,,,Lilac Grey (some with prints),,,,Natural Dye Hemp and Cotton,,S/M,,,,,,1,,$70,$70,,Price TBC,,Not Started,,,,,,,
TOC-ND-TANK-LIL-GRY-SM,,Summer,Natural Dye Clothing - Tanks,,,,,Tank,,,Lilac Grey (some with prints),,,,Natural Dye Hemp and Cotton,,S/M,,,,,,1,,$70,$70,,Price TBC,,Not Started,,,,,,,
TOC-ND-TANK-LIL-GRY-SM,,Summer,Natural Dye Clothing - Tanks,,,,,Tank,,,Lilac Grey (some with prints),,,,Natural Dye Hemp and Cotton,,S/M,,,,,,1,,$70,$70,,Price TBC,,Not Started,,,,,,,
TOC-ND-TANK-LIL-GRY-SM,,Summer,Natural Dye Clothing - Tanks,,,,,Tank,,,Lilac Grey (some with prints),,,,Natural Dye Hemp and Cotton,,S/M,,,,,,1,,$70,$70,,Price TBC,,Not Started,,,,,,,
TOC-ND-TANK-ROS-ML,,Summer,Natural Dye Clothing - Tanks,,,,,Tank,,,Rose,,,,Natural Dye Hemp and Cotton,,M/L,,,,,,1,,$65,$65,,,,Not Started,,,,,,,
TOC-ND-TANK-ROS-ML,,Summer,Natural Dye Clothing - Tanks,,,,,Tank,,,Rose,,,,Natural Dye Hemp and Cotton,,M/L,,,,,,1,,$65,$65,,,,Not Started,,,,,,,
TOC-ND-TANK-SGE-MUD-SM,,Summer,Natural Dye Clothing - Tanks,,,,,Tank,,,Sage with Mud Cloth Print,,,,Natural Dye Hemp and Cotton,,S/M,,,,,,1,,$75,$75,,Price TBC,,Not Started,,,,,,,
TOC-ND-TANK-TEL-SHA-ML,,Summer,Natural Dye Clothing - Tanks,,,,,Tank,,,Teal with Shades of Orange,,,,Natural Dye Hemp and Cotton,,M/L,,,,,,1,,$70,$70,,Price TBC,,Not Started,,,,,,,
TOC-ND-TANK-TEL-SHA-ML,,Summer,Natural Dye Clothing - Tanks,,,,,Tank,,,Teal with Shades of Orange,,,,Natural Dye Hemp and Cotton,,M/L,,,,,,1,,$70,$70,,Price TBC,,Not Started,,,,,,,
TOC-ND-TANK-TEL-SHA-ML,,Summer,Natural Dye Clothing - Tanks,,,,,Tank,,,Teal with Shades of Orange,,,,Natural Dye Hemp and Cotton,,M/L,,,,,,1,,$70,$70,,Price TBC,,Not Started,,,,,,,
TOC-ND-TANK-TEL-SHA-ML,,Summer,Natural Dye Clothing - Tanks,,,,,Tank,,,Teal with Shades of Orange,,,,Natural Dye Hemp and Cotton,,M/L,,,,,,1,,$70,$70,,Price TBC,,Not Started,,,,,,,
TOC-ND-TANK-TEL-SHA-ML,,Summer,Natural Dye Clothing - Tanks,,,,,Tank,,,Teal with Shades of Orange,,,,Natural Dye Hemp and Cotton,,M/L,,,,,,1,,$70,$70,,Price TBC,,Not Started,,,,,,,
TOC-ND-TANK-TEL-SHA-SM,,Summer,Natural Dye Clothing - Tanks,,,,,Tank,,,Teal with Shades of Orange,,,,Natural Dye Hemp and Cotton,,S/M,,,,,,1,,$70,$70,,Price TBC,,Not Started,,,,,,,
TOC-ND-TANK-TEL-SHA-SM,,Summer,Natural Dye Clothing - Tanks,,,,,Tank,,,Teal with Shades of Orange,,,,Natural Dye Hemp and Cotton,,S/M,,,,,,1,,$70,$70,,Price TBC,,Not Started,,,,,,,
TOC-ND-TANK-TEL-SHA-SM,,Summer,Natural Dye Clothing - Tanks,,,,,Tank,,,Teal with Shades of Orange,,,,Natural Dye Hemp and Cotton,,S/M,,,,,,1,,$70,$70,,Price TBC,,Not Started,,,,,,,
TOC-TEE-M-CPR-SHPB-M,TOC-T-SM-CCO-LEOPAARING,Summer,T-Shirts - Mens,T-Shirts,,,Mens,Mens T-Shirt,T-Shirts Mens Copper Colored Leopard Roaring,Copper,Copper with Colored Shipibo Leopard,Leopard Roaring,colored shipibo leopard 🐆,Colored,100% Cotton,Screen print,,,,1,,,1,,$40,$40,Y,,,Draft,,https://drive.google.com/drive/u/0/folders/1GpUe5YXVw-R2LCrErnHX3JUMFsqIAyI0,https://www.etsy.com/your/shops/me/listing-editor/edit/4519079153#media,,Leopard Spirit Tank Top | Hand Printed Boho Festival Shirt | Organic Cotton Sleeveless Tunic | Tribal Jaguar Graphic Top | Ethical Clothing,"Bold, artistic, and effortlessly wearable, this leopard spirit tank top blends expressive artwork with a relaxed silhouette designed for comfort and movement.

Crafted in a rich copper-brown hue, this sleeveless tunic features an intricate hand-printed leopard graphic inspired by jungle symbolism, indigenous art, and the untamed beauty of the natural world. The central design combines the powerful gaze of a leopard with mirrored human profiles, hummingbirds, botanical elements, and geometric motifs, creating a striking composition that invites curiosity and connection.

The relaxed cut drapes softly over the body, offering an easy fit that feels comfortable whether layered over leggings, paired with denim, worn to a yoga class, or styled for festivals, travel, and everyday adventures. Deep-cut arm openings enhance the laid-back aesthetic while allowing freedom of movement and versatile layering options.

The earthy copper tone provides a beautiful backdrop for the vivid artwork, allowing the colorful details to stand out while remaining grounded and wearable. The lightweight fabric has a soft hand feel and fluid drape, creating a garment that feels as good as it looks.

Designed for those drawn to meaningful imagery, nature-inspired design, and conscious fashion, this tank is equally suited to creative expression and daily comfort. The leopard has long been associated with intuition, confidence, adaptability, and personal power, making this piece both visually captivating and symbolically rich.

Whether you're exploring a local market, practicing yoga, attending a music festival, traveling, or simply enjoying a quiet day outdoors, this tank adds a distinctive artistic element to your wardrobe without sacrificing comfort.

Each piece reflects a commitment to slow fashion, artistic craftsmanship, and wearable self-expression. The hand-printed graphic carries subtle variations that contribute to the individuality and character of the garment.

Product Details

• Sleeveless tank top silhouette
• Rich copper-brown color
• Large front leopard spirit graphic print
• Relaxed, oversized fit
• Deep-cut arm openings for layering
• Soft, lightweight fabric with fluid drape
• Rounded neckline
• Easy-to-style everyday piece
• Suitable for casual wear, festivals, yoga, travel, and creative lifestyles
• Ethically made and artisan-inspired design

Styling Suggestions

Pair with hemp leggings, wide-leg pants, denim shorts, or a flowing skirt for an effortless bohemian look. Layer over a bralette, bandeau, or fitted tank to highlight the dramatic arm openings. Complete the look with natural jewelry, sandals, or boots for a grounded yet expressive aesthetic.

This leopard spirit tank top is designed for those who appreciate art, nature, and clothing that tells a story—bringing together comfort, creativity, and conscious design in one distinctive piece.
The warm earthy brown fabric creates a grounding backdrop for the vivid central artwork. At the heart of the design, a majestic jaguar emerges with an intense gaze, framed by colorful floral-inspired patterns and geometric details. Flowing through the composition is a serpent motif that adds movement and visual intrigue, creating a layered design inspired by nature, mythology, and traditional artistic symbolism.

The relaxed t-shirt silhouette offers comfort and versatility, making it an easy choice for everyday wear. Lightweight and breathable, it drapes naturally for an effortless fit that works well across seasons. Whether paired with jeans, leggings, shorts, or layered beneath jackets and cardigans, this tee brings personality and artistic expression to any outfit.

The artwork blends earthy and vibrant tones, including shades of blue, turquoise, violet, gold, coral, and green. These colors stand out beautifully against the warm brown background, creating a visually balanced design that feels both bold and wearable.

The jaguar has long been associated with strength, courage, intuition, and transformation. The serpent often symbolizes renewal, wisdom, and personal growth. Together, these powerful symbols create a captivating visual story that appeals to nature lovers, artists, spiritual seekers, travelers, and those drawn to meaningful design.

Perfect for music festivals, outdoor adventures, creative gatherings, yoga communities, or casual daily wear, this shirt offers both comfort and individuality. The detailed illustration invites closer attention, revealing layers of color and pattern that make each viewing feel slightly different.

Designed for those who appreciate clothing with artistic depth, this graphic tee goes beyond simple fashion. It serves as a wearable expression of creativity, connection to nature, and personal style. The relaxed fit and versatile color palette ensure it remains a practical wardrobe staple while still standing out as a unique statement piece.

Whether worn as a focal point or incorporated into a layered look, this shirt combines comfort, symbolism, and contemporary bohemian style into a piece you'll reach for again and again.

Product Details
Color: Earthy brown
Classic crew neckline
Short sleeves
Relaxed fit
Lightweight knit fabric
Jaguar graphic artwork
Serpent and sacred geometry-inspired design
Nature-inspired illustration
Comfortable everyday wear
Easy layering piece
Perfect For
Festival fashion
Nature lovers
Bohemian wardrobes
Wildlife enthusiasts
Artistic self-expression
Travel and adventure
Casual everyday wear
Unique graphic apparel collectors

Featuring a powerful jaguar, vibrant artwork, and symbolic design elements, this graphic tee blends comfort and creativity into a distinctive wearable art piece inspired by the natural world.","Leopard tank top, jaguar shirt, boho tank top, festival clothing, tribal animal art, organic cotton top, bohemian clothing, spiritual clothing, leopard graphic tee, yoga tank top, ethical fashion, hippie clothing, artisan printed top"
TOC-TEE-M-GRN-BLU-L,TOC-T-SM-GBL-EAGLEEYOTE,Summer,T-Shirts - Mens,T-Shirts,,,Mens,Mens T-Shirt,T-Shirts Mens Green Blue Eagle Peyote,Green,Green with Blue Eagle Peyote,Eagle Peyote,blue eagle peyote ,Blue,100% Cotton,Screen print,,,,2,1,,3,,$40,$120,Y,,,Draft,,https://drive.google.com/drive/u/0/folders/10KdzI_cw8S71tFGmIrmoMwCjgfBlT0El,etsy.com/your/shops/me/listing-editor/edit/4519082735,,Olive Green Eagle Graphic T-Shirt | Boho Nature Inspired Tee | Sacred Geometry Bird Shirt | Festival Clothing | Artistic Women's Graphic Top,"Inspired by the power and beauty of the natural world, this olive green graphic t-shirt features a striking eagle illustration combined with intricate geometric artwork and organic design elements. Blending artistic expression with everyday comfort, this distinctive tee is designed for those who appreciate meaningful imagery, nature-inspired aesthetics, and wearable art.

The soft olive green fabric creates an earthy foundation for the detailed front graphic. At the center of the design, an eagle spreads its wings in a bold display of strength and grace. Beneath the bird, intricate botanical forms, geometric patterns, and decorative motifs create a layered composition that draws the eye and invites closer inspection. The artwork balances symmetry and movement, resulting in a visually captivating design that feels both contemporary and timeless.

Designed with a relaxed classic t-shirt silhouette, this piece offers versatility and comfort for everyday wear. The lightweight knit fabric drapes naturally, making it an easy addition to a wide variety of wardrobes. Whether paired with jeans, leggings, shorts, or layered beneath a jacket, this tee transitions effortlessly between casual outings, travel, festivals, and everyday adventures.

The eagle has long been associated with vision, freedom, strength, and perspective. Combined with the geometric and nature-inspired elements throughout the design, the artwork creates a powerful visual narrative that appeals to nature lovers, artists, travelers, and free spirits alike. The muted olive background enhances the artwork's intricate details while maintaining an organic and grounded aesthetic.

Rich shades of silver, blue, green, gold, and rust bring depth and dimension to the illustration without overwhelming the garment. The balanced color palette allows the piece to remain versatile while still making a memorable impression. It is equally suited for creative expression, outdoor gatherings, music festivals, and casual everyday styling.

This shirt is ideal for individuals who seek clothing with personality and artistic character. Rather than following fleeting trends, the design focuses on timeless symbolism, thoughtful illustration, and comfortable wearability. The result is a garment that feels distinctive while remaining easy to incorporate into daily life.

Whether worn as a statement piece or layered into a favorite outfit, this graphic tee offers a blend of comfort, creativity, and connection to nature. It is designed for those who value artful design and clothing that reflects a sense of individuality.

Product Details
Color: Heathered olive green
Classic crew neckline
Short sleeves
Relaxed fit
Lightweight knit fabric
Eagle graphic artwork
Sacred geometry-inspired and botanical design elements
Comfortable everyday wear
Easy layering piece
Nature-inspired artistic aesthetic
Perfect For
Nature lovers
Festival fashion
Bohemian wardrobes
Artistic self-expression
Travel and adventure
Bird enthusiasts
Casual everyday wear
Unique graphic apparel collectors

Featuring a beautifully detailed eagle design and earthy color palette, this t-shirt combines comfort, artistry, and symbolism in a versatile piece made for everyday expression.","eagle graphic tee, eagle shirt, olive green tshirt, bird lover gift, sacred geometry tee, boho graphic shirt, nature inspired top, festival clothing, womens graphic tee, artistic apparel, wearable art shirt, bohemian clothing, wildlife graphic tee"
TOC-TANK-LUM-BLK-MED-OS,TOC---,Summer,Tank Tops - Luminaya,,,,,Luminaya Hooded Tank,,,Black with Meditating Woman on Lotus,,,,100% Cotton,,OS,,,,,,1,,$30,$30,,100% cotton screen printed,,Not Started,,,,,,,
TOC-TANK-LUM-LIL-SHPB-OS,TOC---,Summer,Tank Tops - Luminaya,,,,,Luminaya Hooded Tank,,,Lilac with Shipibo Leopard,,,,100% Cotton,,OS,,,,,,1,,$30,$30,,100% cotton screen printed,,Not Started,,,,,,,
TOC-TANK-LUM-BLK-MED-OS,TOC---,Summer,Tank Tops - Luminaya,,,,,Luminaya Tank,,,Black with Meditating Woman on Lotus,,,,100% Cotton,,OS,,,,,,1,,$30,$30,,100% cotton screen printed,,Not Started,,,,,,,
TOC-TANK-LUM-BLK-MOT-OS,TOC---,Summer,Tank Tops - Luminaya,,,,,Luminaya Tank,,,Black with Mother Earth in Green and Leopard Eyes,,,,100% Cotton,,OS,,,,,,1,,$30,$30,,100% cotton screen printed,,Not Started,,,,,,,
TOC-TANK-LUM-LIG-BLU-OS,TOC---,Summer,Tank Tops - Luminaya,,,,,Luminaya Tank,,,Light Blue with Hummingbirds,,,,100% Cotton,,OS,,,,,,1,,$30,$30,,100% cotton screen printed,,Not Started,,,,,,,
TOC-TANK-LUM-LIG-BLU-OS,TOC---,Summer,Tank Tops - Luminaya,,,,,Luminaya Tank,,,Light Blue with Hummingbirds,,,,100% Cotton,,OS,,,,,,1,,$30,$30,,100% cotton screen printed,,Not Started,,,,,,,
TOC-TANK-LUM-LIG-BLU-OS,TOC---,Summer,Tank Tops - Luminaya,,,,,Luminaya Tank,,,Light Blue with Peyote Stag,,,,100% Cotton,,OS,,,,,,1,,$30,$30,,100% cotton screen printed,,Not Started,,,,,,,
TOC-TANK-M-DRK-BLK-BLU-L,TOC-TANU-BBL-EAGLE FACE,Summer,Tank Tops - Mens Black/Grey/Blue,Tank Tops,,,Unisex,Mens Tank Top,Tank Tops Unisex Black Blue Eagle Face,Black,Black with Blue Eagle Face,Eagle Face,blue eagle face,Blue,100% Cotton,Screen print,,,2,5,4,0,11,,$35,$385,Y,,,Draft,,https://drive.google.com/drive/u/0/folders/17BiOFGcTXJXNtsF6qvdZ2GW0Ch187PD1,etsy.com/your/shops/me/listing-editor/edit/4517692784,,"Psychedelic Eagle Tank Top, Visionary Art Shirt, Sacred Geometry Festival Clothing, Hummingbird Graphic Tank, Boho Yoga Top, Wearable Art","Bold, vibrant, and rich with symbolic detail, this wearable art muscle tank features a striking visionary illustration inspired by birds, sacred geometry, and the natural world. Layered with intricate linework and luminous color, the artwork creates a powerful focal point that transforms a simple tank into a statement piece.

At the center of the design is a stylized eagle-like spirit figure emerging through a complex arrangement of geometric forms, hummingbirds, botanical elements, and dreamlike patterns. The composition blends the strength and perspective traditionally associated with birds of prey with the lightness and vitality symbolized by hummingbirds. Every detail invites closer inspection, revealing new shapes, textures, and visual stories throughout the artwork.

The vivid palette creates dramatic contrast against the dark background, allowing the illustration to appear almost illuminated. Brilliant blues, purples, greens, oranges, and gold tones work together to create depth and movement, making the design feel dynamic from every angle.

Designed with a relaxed muscle tank silhouette, this piece offers effortless comfort and versatility. The loose fit and sleeveless cut provide freedom of movement while creating an easy drape that works beautifully layered over activewear, paired with denim, or styled for festivals, travel, and everyday wear.

This tank is ideal for those drawn to visionary art, psychedelic aesthetics, sacred geometry, wildlife symbolism, and nature-inspired design. The imagery evokes themes of perception, transformation, intuition, and freedom, making it a meaningful addition to any artistic or bohemian wardrobe.

Whether worn at a music festival, yoga retreat, creative gathering, outdoor adventure, or simply as part of everyday self-expression, this piece offers a unique combination of comfort and visual impact. It is equally suited to artists, travelers, spiritual seekers, nature lovers, and anyone who appreciates clothing that tells a story.

Product Details

• Relaxed muscle tank silhouette
• Lightweight and breathable fabric
• Sleeveless design with comfortable drape
• Large front visionary art graphic
• Eagle-inspired spirit imagery with hummingbirds and geometric elements
• Suitable for festivals, yoga, travel, and everyday wear
• Wearable art aesthetic
• Easy layering piece
• Comfortable relaxed fit

A vibrant fusion of color, symbolism, and imagination designed for those who see clothing as an extension of creativity and personal expression.","eagle shirt, bird spirit art, visionary art, psychedelic clothing, festival tank top, sacred geometry, hummingbird shirt, boho clothing, yoga tank top, wearable art, spiritual shirt, graphic tank top, hippie fashion"
TOC-TANK-M-DRK-BLK-BLU-L,TOC-TANU-BBL-DOUBLWOMAN,Summer,Tank Tops - Mens Black/Grey/Blue,Tank Tops,,,Unisex,Mens Tank Top,Tank Tops Unisex Black Blue Double Serpent Jaguar Woman,Black,Black with Blue Leopard and 2 Serpents,Double Serpent Jaguar Woman,doble serpent jaguar woman color,Blue,100% Cotton,Screen print,,,1,5,7,4,17,,$35,$595,Y,,,Draft,,https://drive.google.com/drive/u/0/folders/18uwQAzlZ8KgziHuHmCdAMZxgTaydM2ho,https://www.etsy.com/your/shops/me/listing-editor/edit/4518059774,,"Visionary Art Tank Top, Jaguar Snake Goddess Shirt, Sacred Geometry Festival Top, Psychedelic Boho Clothing, Spiritual Women's Tank","A powerful fusion of visionary art, sacred symbolism, and wearable expression, this black flowy tank top features an intricate artwork that invites deeper exploration with every glance. At the center of the design, a luminous jaguar rises above a serene feminine figure while two intertwining serpents weave through a geometric pattern inspired by sacred geometry and traditional Amazonian motifs.

Rich shades of indigo, violet, turquoise, emerald green, and gold create a vibrant contrast against the black fabric, allowing the artwork to glow with striking visual depth. The composition blends animal symbolism, feminine energy, transformation, and spiritual awakening into a single captivating image.

The jaguar has long been regarded as a symbol of courage, intuition, protection, and personal power throughout many indigenous cultures of Central and South America. Positioned above the central figure, it evokes the presence of a guardian spirit and a reminder of inner strength. The intertwined serpents symbolize transformation, healing, wisdom, and the cyclical nature of growth and renewal. Together, these elements create a design that feels both grounded and transcendent.

The relaxed tank silhouette offers effortless comfort and versatility. Designed with a loose fit and soft drape, it moves naturally with the body and can be styled in a variety of ways. Wear it over leggings for yoga practice, pair it with denim shorts for festivals and summer adventures, layer it over swimwear at the beach, or combine it with wide-leg pants for an artistic everyday look.

The black backdrop allows the artwork to remain the focal point while making it easy to coordinate with virtually any wardrobe. The flowing shape creates a flattering fit that works across body types and offers comfortable wear throughout the day.

This piece is ideal for those drawn to visionary art, sacred geometry, plant medicine culture, psychedelic aesthetics, yoga communities, conscious living, and symbolic design. The imagery invites personal interpretation while offering a distinctive alternative to conventional graphic apparel.

Whether worn during meditation, creative gatherings, music festivals, retreats, travel, or everyday life, this tank serves as both a comfortable garment and a meaningful work of wearable art.

Product Details

• Black flowy tank top
• Relaxed, comfortable fit
• Sleeveless design
• Original visionary artwork
• Features jaguar, serpents, feminine figure, and geometric motifs
• Vibrant multicolor print in blues, purples, greens, and golds
• Lightweight and breathable feel
• Suitable for layering or standalone wear
• Ideal for festivals, yoga, travel, and everyday styling

Care Instructions

• Machine wash cold
• Turn inside out before washing
• Tumble dry low or hang dry
• Do not iron directly on artwork

Created for those who appreciate symbolism, artistic expression, and clothing with meaning, this tank top blends comfort, creativity, and visual storytelling into a piece designed to be worn and experienced.","visionary art tank, jaguar shirt, snake goddess top, sacred geometry, psychedelic clothing, festival tank top, boho festival wear, spiritual clothing, plant medicine art, yoga tank top, wearable art shirt, shamanic clothing, conscious fashion"
TOC-TANK-M-DRK-BLK-SHPB-L,TOC-TANU-BCO-DOUBLRPENT,Summer,Tank Tops - Mens Black/Grey/Blue,Tank Tops,,,Unisex,Mens Tank Top,Tank Tops Unisex Black Colored Double Shipibo Serpent,Black,Black with Colored Double Shipibo Serpent,Double Shipibo Serpent,colored doble shipibo serpent black,Colored,100% Cotton,Screen print,,,1,5,5,2,13,,$35,$455,Y,,,Draft,,https://drive.google.com/drive/u/0/folders/1Vz7X5HkwqLbwdJXphMe3l-wIb-ecbBNh,etsy.com/your/shops/me/listing-editor/edit/4517683435,,"Snake Spirit Tank Top, Sacred Geometry Shirt, Boho Festival Tank, Serpent Graphic Muscle Tank, Yoga Clothing, Nature Inspired Sleeveless Top","Bold symbolism meets effortless comfort in this Snake Spirit Tank, a wearable art piece designed for those drawn to nature, transformation, and meaningful design. Featuring an intricate serpent illustration intertwined with sacred geometry-inspired patterns and botanical elements, this sleeveless tank creates a striking visual statement while maintaining a relaxed, versatile silhouette.

The artwork centers around two mirrored serpents woven together in a balanced composition surrounded by geometric forms and stylized leaves. The design combines organic and symbolic imagery, creating a piece that feels both contemporary and timeless. Detailed linework and carefully layered patterns invite a closer look, revealing subtle complexity throughout the illustration.

Set against a deep black backdrop, the artwork comes alive through soft shades of blue, aqua, lavender, white, and green. The contrast creates visual depth while maintaining a clean, sophisticated appearance that works effortlessly with a variety of personal styles.

Designed with a relaxed muscle-tank silhouette, this piece drapes comfortably through the body and allows unrestricted movement. The sleeveless cut and generous arm openings provide a laid-back feel while making the tank ideal for layering over a sports bra, bralette, fitted tank, or swimwear. Whether styled for movement, travel, festivals, or everyday wear, the silhouette offers comfort without sacrificing visual impact.

Throughout history, serpents have symbolized transformation, renewal, healing, wisdom, and personal growth. The intertwined snakes create a balanced composition that evokes themes of duality, harmony, and continual evolution. Combined with sacred geometry-inspired elements and botanical motifs, the artwork creates a meaningful visual narrative that resonates with those who appreciate symbolism and intentional design.

This tank transitions seamlessly between lifestyles and seasons. Pair it with leggings for yoga and movement practices, denim for everyday wear, or flowing layers for festivals and creative gatherings. The versatile design allows it to move from outdoor adventures to quiet moments of reflection with equal ease.

Perfect for yoga practitioners, artists, travelers, nature lovers, festival-goers, and anyone drawn to symbolic artwork, this piece serves as both a wardrobe staple and a conversation piece. The detailed illustration offers a unique alternative to mass-produced graphic apparel while maintaining a wearable, understated elegance.

Whether worn as an expression of personal transformation, appreciation for nature, or simply love of beautiful artwork, this tank offers comfort, versatility, and artistic depth in one thoughtfully designed garment.

Product Details

• Relaxed oversized fit
• Sleeveless muscle tank silhouette
• Deep black colorway
• Intertwined serpent graphic artwork
• Sacred geometry-inspired design elements
• Botanical leaf details
• Deep-cut arm openings for layering versatility
• Soft draping fabric
• Suitable for yoga, festivals, travel, and everyday wear
• Nature-inspired wearable art

A striking graphic tank inspired by transformation, balance, symbolism, and connection to the natural world.","Snake tank top, serpent shirt, sacred geometry, boho clothing, festival tank, yoga clothing, spiritual shirt, graphic tank top, muscle tank top, wearable art, nature inspired, hippie clothing, mystical apparel"
TOC-TANK-M-DRK-BLK-JAG-M,TOC-TANU-BCO-JAGUAWLING,Summer,Tank Tops - Mens Black/Grey/Blue,Tank Tops,,,Unisex,Mens Tank Top,Tank Tops Unisex Black Colored Jaguar Prowling,Black,Black with Colored Jaguar,Jaguar Prowling,black with colored jaguar,Colored,100% Cotton,Screen print,,,2,2,0,0,4,,$35,$140,Y,,,Draft,,https://drive.google.com/drive/u/0/folders/1PRoLZbh5pBN1RSDWDLfUnT2udH3JrFt-,https://www.etsy.com/your/shops/me/listing-editor/edit/4518150151,,"Psychedelic Jaguar Tank Top, Visionary Art Festival Shirt, Sacred Geometry Jaguar Top, Neon Animal Spirit Clothing, Boho Yoga Tank","Bold, vibrant, and unmistakably expressive, this psychedelic jaguar tank top transforms one of nature’s most powerful symbols into a striking piece of wearable art. Featuring an original visionary illustration rendered in luminous blues, purples, greens, and electric yellow tones, this design captures the mystique and strength of the jaguar through an intricate maze of flowing geometric patterns.

Set against a deep black backdrop, the artwork immediately commands attention. The jaguar’s face emerges from an interconnected network of organic lines, sacred geometry-inspired forms, and vibrant color gradients that create a sense of movement and depth. The result is both hypnotic and sophisticated—a design that feels equally at home at a music festival, yoga retreat, art gathering, or as part of an everyday creative wardrobe.

The jaguar has long been revered throughout Central and South America as a symbol of courage, protection, intuition, and transformation. Often associated with leadership, awareness, and the ability to navigate both the physical and spiritual worlds, the jaguar embodies a quiet but undeniable power. This artwork reimagines that symbolism through a contemporary visionary art lens, blending traditional inspiration with modern psychedelic aesthetics.

The vivid neon palette creates a stunning contrast against the dark fabric, allowing every detail of the illustration to stand out. Rich indigo blues, ultraviolet purples, bright chartreuse greens, and golden highlights combine to create an energetic visual experience that reveals new details each time you look at it. The design feels alive with movement while maintaining a balanced and cohesive composition.

The relaxed tank silhouette offers comfort and versatility for a wide variety of activities. Whether worn during yoga practice, meditation, outdoor adventures, music festivals, travel, workouts, or simply as an artistic everyday piece, the lightweight sleeveless design allows for unrestricted movement and effortless styling.

Pair it with leggings, festival pants, shorts, denim, or layered beneath an open shirt or hoodie. The artwork serves as a statement piece while the black base keeps the garment versatile and easy to wear.

Ideal for lovers of visionary art, sacred geometry, psychedelic culture, wildlife symbolism, and nature-inspired fashion, this tank is designed for individuals who appreciate clothing that tells a story. More than a graphic shirt, it is a wearable expression of creativity, awareness, and connection to the wild spirit of the natural world.

Product Details

• Unisex tank top design
• Black base color
• Original psychedelic jaguar artwork
• Sacred geometry inspired illustration
• Vibrant neon color palette
• Relaxed fit for comfort and movement
• Lightweight and breathable feel
• Suitable for festivals, yoga, travel, and everyday wear
• Statement graphic art design
• Easy layering piece

Care Instructions

• Machine wash cold
• Turn inside out before washing
• Hang dry or tumble dry low
• Avoid ironing directly on artwork

Designed for those who move through life with curiosity, creativity, and connection to nature, this psychedelic jaguar tank combines powerful symbolism with eye-catching artistic expression.","psychedelic jaguar, jaguar tank top, visionary art shirt, festival clothing, sacred geometry, animal spirit art, psychedelic clothing, boho tank top, yoga clothing, neon jaguar, rave outfit top, spiritual clothing, wearable art shirt"
TOC-TANK-M-DRK-BLK-MED-L,TOC-TANU-BCO-MEDITLOTUS,Summer,Tank Tops - Mens Black/Grey/Blue,Tank Tops,,,Unisex,Mens Tank Top,Tank Tops Unisex Black Colored Meditating Lotus,Black,Black with Meditating Lotus,Meditating Lotus,meditating lotus,Colored,100% Cotton,Screen print,,,1,4,5,2,12,,$35,$420,Y,,,Draft,,https://drive.google.com/drive/u/0/folders/1mztC1CgvwKRiY9X_U1sGT4R4aq2Z3JbN,etsy.com/your/shops/me/listing-editor/edit/4517696928,,"Meditation Lotus Tank Top, Visionary Art Festival Shirt, Sacred Geometry Yoga Top, Psychedelic Spiritual Clothing, Boho Muscle Tank","Inspired by meditation, transformation, and the connection between nature and consciousness, this visionary art muscle tank features a striking illustration of a seated figure emerging from a radiant lotus bloom. Rich with symbolic detail and vibrant color, the design blends sacred geometry, botanical forms, and psychedelic influences into a wearable piece of artwork that feels both grounding and expansive.

At the center of the composition sits a stylized meditative figure in a cross-legged posture, surrounded by intricate geometric patterns and crowned with a radiant halo of leaves and organic forms. Beneath the figure, a blooming lotus flower anchors the design, symbolizing awakening, growth, and the unfolding of inner potential. The layered imagery creates a sense of movement and energy while maintaining a balanced, harmonious composition.

The artwork combines contemporary visionary aesthetics with timeless spiritual symbolism. The meditative posture evokes stillness and presence, while the vibrant colors and intricate linework suggest expansion, creativity, and personal transformation. Every element feels intentional, inviting the viewer to pause and discover new details hidden throughout the design.

The relaxed muscle tank silhouette offers effortless comfort and versatility. Designed with an easy drape and sleeveless cut, it allows freedom of movement while maintaining a flattering, laid-back fit. The lightweight fabric makes it ideal for warm days, layering, yoga practice, travel, festivals, or everyday wear.

Whether worn during meditation, at a retreat, while exploring nature, or simply as part of your daily wardrobe, this piece serves as a visual reminder of mindfulness and connection. The bold artwork transforms a simple tank into a meaningful statement piece while remaining comfortable enough for regular wear.

Perfect for yoga practitioners, artists, spiritual seekers, festival-goers, travelers, and lovers of visionary art, this tank bridges the worlds of creativity, symbolism, and self-expression. Pair it with leggings, flowing skirts, denim, shorts, or layered jewelry to create an effortlessly bohemian look.

The dramatic contrast between the dark background and luminous artwork allows the illustration to stand out beautifully, highlighting every detail of the design. The result is a piece that feels both contemporary and timeless, artistic and wearable.

Product Details

• Relaxed muscle tank silhouette
• Sleeveless design with comfortable drape
• Lightweight, breathable fabric
• Large front visionary art graphic
• Meditating figure and lotus flower artwork
• Sacred geometry-inspired design elements
• Ideal for yoga, festivals, travel, meditation, and everyday wear
• Comfortable layering piece
• Unique wearable art aesthetic
• Relaxed unisex-inspired fit

A vibrant fusion of mindfulness, creativity, and symbolic art designed for those who appreciate clothing with meaning and visual impact.","meditation shirt, lotus tank top, yoga clothing, sacred geometry, visionary art, festival clothing, spiritual shirt, psychedelic art, boho tank top, lotus flower shirt, wearable art, hippie fashion, mindfulness gift"
TOC-TANK-M-DRK-BLK-MOR-L,TOC-TANU-BCO-MORNIHAMAN,Summer,Tank Tops - Mens Black/Grey/Blue,Tank Tops,,,Unisex,Mens Tank Top,Tank Tops Unisex Black Colored Morning Glory Shaman,Black,Black with Morning Glory Shaman,Morning Glory Shaman,morning glory shaman ,Colored,100% Cotton,Screen print,,,2,9,6,1,18,,$35,$630,Y,,,Draft,,https://drive.google.com/drive/u/0/folders/1tgoFr9RKgUPjC9ukrO56mxRGOpDH_XNq,etsy.com/your/shops/me/listing-editor/edit/4517699358,,"Morning Glory Shaman Tank Top, Visionary Art Festival Shirt, Sacred Feminine Clothing, Psychedelic Plant Spirit Top, Boho Yoga Muscle Tank","Inspired by the ancient relationship between humanity and the natural world, this visionary art muscle tank features a striking Morning Glory Shaman design that celebrates intuition, transformation, and connection to plant wisdom. Rich in symbolism and vibrant color, the artwork merges botanical elements, sacred feminine imagery, and the spirit of the morning glory flower into a wearable piece of art.

At the center of the composition sits a serene feminine figure adorned with flowing leaves, feathers, and ceremonial ornamentation. Above her, the face of a jaguar emerges as a guardian presence, symbolizing instinct, courage, and the power of inner knowing. Framing the figure are blooming morning glory flowers whose trumpet-shaped petals extend outward in shades of lavender, violet, green, and gold. Together, these elements create a visual narrative rooted in nature, personal transformation, and spiritual exploration.

The design is filled with intricate details that reveal themselves over time. Delicate leaves, luminous dots, layered botanical forms, and hand-drawn textures create depth and movement throughout the artwork. Set against a black background, the vivid palette appears to glow, allowing every detail to stand out with remarkable clarity.

Printed on a relaxed muscle tank silhouette, this piece is designed for comfort as well as expression. The sleeveless cut and flowing fit allow freedom of movement while maintaining an effortless, flattering shape. Lightweight and breathable, it layers easily under jackets and sweaters or can be worn on its own during warmer weather.

Whether worn to a music festival, yoga class, retreat, gathering, market, or everyday adventure, this tank carries a distinctive artistic presence. It pairs beautifully with leggings, flowing skirts, denim, or layered bohemian styling. The artwork serves as a conversation piece while remaining versatile enough for daily wear.

For those drawn to visionary art, sacred botanical imagery, psychedelic aesthetics, and symbolic storytelling, this tank offers something beyond ordinary apparel. It invites reflection, creativity, and connection to the natural world while functioning as a comfortable and practical wardrobe staple.

The Morning Glory Shaman artwork celebrates the meeting place between plant life and human consciousness. The central figure appears rooted within the living world itself, surrounded by leaves, flowers, and symbols of growth. Combined with the protective presence of the jaguar, the imagery evokes a sense of balance between strength and sensitivity, instinct and awareness.

Product Details

• Relaxed muscle tank silhouette
• Sleeveless design with easy drape
• Lightweight, breathable fabric
• Large front visionary art print
• Morning glory flower and shaman-inspired artwork
• Jaguar spirit symbolism incorporated into the design
• Vibrant botanical color palette
• Ideal for yoga, festivals, retreats, travel, and everyday wear
• Comfortable layering piece for all seasons
• Wearable art aesthetic

Created for free spirits, nature lovers, artists, and seekers, this tank combines bold visual storytelling with effortless comfort, transforming an everyday garment into a meaningful expression of creativity and connection.","morning glory shirt, shaman clothing, visionary art, sacred feminine, festival clothing, psychedelic shirt, boho tank top, plant spirit art, yoga clothing, wearable art, hippie fashion, spiritual shirt, jaguar spirit shirt"
TOC-TANK-M-DRK-BLK-ORG-M,TOC-TANU-BOR-STAGSTAG,Summer,Tank Tops - Mens Black/Grey/Blue,Tank Tops,,,Unisex,Mens Tank Top,Tank Tops Unisex Black Orange Stag,Black,Black with Orange Stag,Stag,,Orange,100% Cotton Screen Printed,,,,0,3,0,0,2,,$35,$70,,SACAR FOTO se vendiop. organge stag,,Not Started,,,,,,,
TOC-TANK-M-DRK-BLK-RNBW-L,TOC-TANU-BCO-RAINBAGUAR,Summer,Tank Tops - Mens Black/Grey/Blue,Tank Tops,,,Unisex,Mens Tank Top,Tank Tops Unisex Black Colored Rainbow Jaguar,Black,Black with Rainbow Jaguar,Rainbow Jaguar,rainbow jaguar,Colored,100% Cotton,Screen print,,,1,8,4,1,14,,$35,$490,Y,,,Draft,,https://drive.google.com/drive/u/0/folders/1VSm-fnFVj7JcX12qaUOkg5OOw2c7wmmp,https://www.etsy.com/your/shops/me/listing-editor/edit/4518167238,,"Psychedelic Jaguar Tank Top, Visionary Art Festival Shirt, Snake and Jaguar Graphic Tank, Sacred Geometry Sleeveless Top, Boho Festival Clothing","Vibrant, bold, and rich with symbolic imagery, this psychedelic jaguar tank top combines visionary artwork with an easy-to-wear sleeveless silhouette. Featuring a striking jaguar face framed by radiant botanical elements and intertwined with a flowing serpent, this piece brings together themes of power, transformation, intuition, and connection to the natural world.

The artwork commands attention with its vivid palette of fiery orange, golden yellow, deep blue, violet, emerald green, and crimson accents. At the center, the jaguar's piercing gaze creates an unmistakable focal point, while surrounding leaf-like motifs radiate outward in a symmetrical arrangement that evokes ceremonial adornment and sacred ornamentation. Beneath the jaguar, a winding serpent weaves through geometric pathways, adding movement and visual depth to the composition.

Printed against a deep black background, the colors appear luminous and highly contrasted, allowing every detail of the illustration to stand out. The design balances intricate pattern work with strong visual structure, creating a piece that feels both contemporary and timeless. Each viewing reveals new details hidden within the artwork, making it an engaging and expressive garment for those who appreciate meaningful design.

The sleeveless silhouette offers a relaxed and comfortable fit with generous arm openings that promote ease of movement and breathability. Whether worn during warm summer days, layered beneath outerwear, or styled for festivals and gatherings, the tank delivers both comfort and visual impact.

Inspired by the symbolism of the jaguar and serpent, this design speaks to themes found throughout indigenous art, visionary culture, and sacred storytelling traditions. The jaguar is often associated with courage, awareness, protection, and personal power, while the serpent symbolizes renewal, wisdom, and transformation. Together they create a compelling visual narrative that resonates with artists, travelers, seekers, and lovers of symbolic artwork.

This tank pairs effortlessly with leggings, denim, linen pants, festival attire, or layered bohemian styling. Its bold artwork makes it ideal for music festivals, yoga retreats, conscious gatherings, creative events, travel adventures, or simply as an everyday statement piece.

For those drawn to visionary art, sacred geometry, psychedelic aesthetics, and nature-inspired symbolism, this tank offers a wearable expression of creativity and individuality. It is designed to be both comfortable and memorable—a piece that stands apart while remaining versatile enough for everyday wear.

Product Details

• Color: Black
• Style: Sleeveless tank top
• Fit: Relaxed fit
• Neckline: Scoop neckline
• Graphic: Jaguar and serpent visionary artwork
• Design Colors: Orange, yellow, blue, green, purple, red, and white
• Aesthetic: Visionary art, psychedelic, sacred geometry, festival fashion, bohemian
• Suitable For: Festivals, yoga events, travel, creative gatherings, casual wear, gifting
• Unisex styling with an easy, comfortable silhouette","psychedelic jaguar, jaguar tank top, visionary art shirt, snake graphic tank, festival clothing, sacred geometry, boho tank top, burning man outfit, psychedelic shirt, jaguar graphic tee, spiritual clothing, festival fashion, serpent artwork"
TOC-TANK-M-DRK-BLU-LEP-L,TOC-TANU-BCO-LEOPARPENT,Summer,Tank Tops - Mens Black/Grey/Blue,Tank Tops,,,Unisex,Mens Tank Top,Tank Tops Unisex Bluish Colored Leopard Face Serpent,Bluish,Bluish with Colored Leopard,Leopard Face Serpent,colored leopard ,Colored,100% Cotton,Screen print,,,2,4,3,2,11,,$35,$385,Y,,,Draft,,https://drive.google.com/drive/u/0/folders/1-TWls12JLCnUBTUqFRRgf84JVJjN5bay,https://www.etsy.com/your/shops/me/listing-editor/edit/4519194579,,Leopard Tank Top | Psychedelic Leopard Shirt | Visionary Art Tank | Festival Clothing for Women | Boho Graphic Tank Top | Sacred Geometry Shirt | Jungle Cat Top,"Bold, expressive, and rich with symbolic detail, this leopard graphic tank top is designed for those who appreciate art, nature, and individuality woven into everyday wear. Featuring a vivid leopard illustration surrounded by botanical motifs, geometric elements, and a winding serpent, this piece transforms a simple tank into a striking wearable artwork.

The centerpiece of the design is a powerful leopard rendered in vibrant shades of gold, orange, blue, violet, and green. Its intense gaze creates an immediate visual impact, while intricate floral patterns radiate outward, forming a colorful crown-like arrangement. Below, geometric forms and a flowing serpent add depth and movement, creating a layered composition that rewards a closer look.

Crafted in a deep black fabric, the artwork stands out beautifully against the dark background, allowing every detail and color to shine. The relaxed tank silhouette offers an effortless fit that is both comfortable and versatile. Generous arm openings create a laid-back, breathable feel, making this piece ideal for warm weather, layering, movement practices, festivals, travel, and everyday casual wear.

The elongated length provides styling flexibility and pairs easily with leggings, shorts, skirts, jeans, or layered bohemian ensembles. Whether worn during a yoga class, at a music festival, while exploring nature, or simply as an everyday statement piece, this tank brings a distinctive artistic presence to any outfit.

Inspired by visionary art traditions, jungle imagery, and sacred geometric aesthetics, the design combines the strength and beauty of the leopard with colorful organic forms and symbolic pattern work. The result is a garment that feels both contemporary and timeless, appealing to those drawn to creative self-expression and nature-inspired design.

Its relaxed shape and lightweight feel make it an easy addition to a wardrobe built around comfort and individuality. The artwork serves as a conversation piece while remaining versatile enough for regular wear. Layer it beneath a cardigan, kimono, or jacket, or wear it on its own as the focal point of your look.

Perfect for artists, travelers, yoga practitioners, festival-goers, wildlife lovers, and anyone who enjoys clothing that reflects personality and creativity, this tank top offers a balance of comfort, artistry, and visual impact.

Product Details

• Sleeveless tank top
• Relaxed fit silhouette
• Deep black colorway
• Vibrant leopard artwork graphic
• Botanical and geometric design elements
• Extended length for versatile styling
• Lightweight and comfortable feel
• Suitable for yoga, festivals, travel, and everyday wear
• Visionary art inspired aesthetic
• Easy layering piece

This leopard tank combines bold wildlife imagery with intricate artistic detail, creating a unique garment that celebrates creativity, self-expression, and connection to the natural world.
At the center of the design is a powerful jaguar face framed by radiant botanical elements and geometric patterns. A winding serpent flows through the composition, adding movement and visual depth. Rich shades of orange, blue, violet, yellow, and green contrast beautifully against the dark fabric, allowing every detail of the artwork to stand out.

The relaxed sleeveless silhouette offers an easy, comfortable fit that works well layered over a sports bra, paired with leggings for yoga practice, worn with shorts for summer adventures, or styled beneath a jacket for everyday wear. Generous arm openings create a breathable feel that makes this tank ideal for warm weather, festivals, travel, movement practices, and casual daily wear.

Perfect for those drawn to visionary art, sacred geometry aesthetics, jungle-inspired imagery, psychedelic fashion, and expressive graphic apparel, this piece makes a distinctive addition to any wardrobe. The artwork serves as a focal point while the minimalist tank silhouette keeps the overall look versatile and easy to wear.

Whether you're attending a music festival, heading to a yoga class, spending time outdoors, or simply looking for a unique statement piece, this tank combines comfort with eye-catching artistic detail.

Product Details

• Color: Bluish Black / Deep Midnight Blue
• Style: Sleeveless Tank Top
• Fit: Relaxed, easy fit
• Neckline: Scoop Neck
• Graphic: Multicolor Jaguar and Serpent Artwork
• Theme: Visionary Art, Jungle Inspired, Psychedelic, Festival Wear, Bohemian Style
• Suitable For: Yoga, Festivals, Travel, Casual Wear, Layering, Everyday Style

Why You'll Love It

• Striking wearable artwork with intricate detail
• Comfortable sleeveless silhouette for warm weather
• Versatile styling options for casual or festival looks
• Rich color palette that stands out beautifully against the dark background
• Ideal gift for art lovers, yogis, festival-goers, nature enthusiasts, and lovers of bold graphic fashion

This distinctive tank celebrates color, creativity, and self-expression through a powerful jungle-inspired design that transforms a simple wardrobe staple into a statement piece.","leopard tank top, leopard shirt, visionary art tank, psychedelic clothing, festival tank top, jungle cat shirt, boho tank top, sacred geometry, wearable art top, yoga festival wear, animal graphic tee, leopard graphic, bohemian clothing"
TOC-TANK-M-DRK-GRY-BLU-L,TOC-TANU-GBL-EAGLEEYOTE,Summer,Tank Tops - Mens Black/Grey/Blue,Tank Tops,,,Unisex,Mens Tank Top,Tank Tops Unisex Grey Blue Blue Eagle Peyote,Grey Blue,Grey Blue with Blue Eagle Peyote,Eagle Peyote,blue eagle peyote ,Blue,100% Cotton,Screen print,,,1,2,1,0,4,,$35,$140,Y,,,Draft,,https://drive.google.com/drive/u/0/folders/1qSGlkcZKB6amJ4s6EXNMIMXwfQZVG-o-,https://www.etsy.com/your/shops/me/listing-editor/edit/4518072221,,"Harpy Eagle Tank Top, Visionary Art Festival Shirt, Sacred Geometry Bird Graphic Tank, Psychedelic Sleeveless Top, Boho Festival Clothing","Powerful, symbolic, and richly detailed, this visionary art tank top features a striking harpy eagle design surrounded by sacred geometry-inspired elements, botanical motifs, and intricate pattern work. Combining the majesty of one of the world's most impressive birds of prey with contemporary visionary aesthetics, this piece transforms symbolic artwork into a wearable expression of strength, awareness, and connection to nature.

At the center of the composition, a majestic eagle spreads its wings in a commanding display of presence and power. The detailed feather work creates movement and texture throughout the design, while the bird's intense gaze draws the eye inward. Behind the eagle, a radiant halo-like form frames the composition, creating a sense of illumination and balance.

Beneath the eagle, geometric pathways, flowing organic patterns, and lush botanical imagery merge together to create a layered visual narrative. A large white jungle flower blooms at the center of the design, surrounded by vibrant green foliage and intricate sacred-inspired motifs. The artwork feels ceremonial and deeply connected to the natural world, blending the themes of earth, sky, and spirit into a single cohesive image.

Printed on a deep black background, the artwork stands out with exceptional contrast. Crisp whites, rich greens, earthy golds, deep blues, and subtle crimson accents create a visually captivating palette that remains balanced and sophisticated. The dark fabric allows every detail of the illustration to shine, revealing new layers of pattern and symbolism with each viewing.

The sleeveless silhouette offers a relaxed fit designed for comfort and versatility. With a classic scoop neckline and generous arm openings, this tank is ideal for warm-weather adventures, music festivals, yoga gatherings, travel, outdoor events, and everyday wear. The easy drape makes it equally suitable for layering beneath jackets and sweaters during cooler seasons.

The eagle has long symbolized vision, freedom, courage, wisdom, and spiritual awareness. Combined with the floral and geometric elements, the design evokes themes of transformation, personal growth, and harmony with the natural world. It is a meaningful garment for those drawn to wildlife symbolism, visionary art, sacred geometry, and nature-inspired design.

Whether worn at a festival, retreat, creative gathering, or simply as part of a conscious everyday wardrobe, this tank offers a unique combination of artistic expression and effortless wearability. It is designed for adventurers, artists, nature lovers, and free spirits who appreciate clothing with depth, symbolism, and visual impact.

Product Details

• Color: Black
• Style: Sleeveless tank top
• Fit: Relaxed fit
• Neckline: Scoop neckline
• Graphic: Harpy eagle with botanical and geometric artwork
• Design Colors: White, green, blue, gold, red, and black
• Aesthetic: Visionary art, sacred geometry inspired, nature-inspired, bohemian, festival fashion
• Suitable For: Festivals, yoga, travel, outdoor gatherings, casual wear, gifting
• Lightweight and easy to layer
• Unisex styling","harpy eagle shirt, eagle tank top, visionary art shirt, festival clothing, sacred geometry, bird graphic tank, boho tank top, spiritual clothing, psychedelic art shirt, festival fashion, nature inspired top, burning man outfit, wildlife artwork"
TOC-TANK-M-DRK-GRY-BLU-M,TOC-TANU-GBL-DOUBLPENT ,Summer,Tank Tops - Mens Black/Grey/Blue,Tank Tops,,,Unisex,Mens Tank Top,Tank Tops Unisex Grey Blue Blue Double Shipibo Serpent ,Grey Blue,Grey Blue with Colored Double Shipibo Serpent,Double Shipibo Serpent ,double colored shipibo serpent ,Blue,100% Cotton,Screen print,,,1,6,0,0,7,,$35,$245,Y,,,Draft,,https://drive.google.com/drive/u/0/folders/1Vz7X5HkwqLbwdJXphMe3l-wIb-ecbBNh,https://www.etsy.com/your/shops/me/listing-editor/edit/4519196572,,Sacred Serpent Tank Top | Snake Spirit Sleeveless Shirt | Visionary Art Festival Clothing | Boho Yoga Tank | Mystical Snake Graphic Top | Unisex Grey Blue Tank,"Minimal yet striking, this sleeveless graphic tank showcases a beautifully detailed serpent motif inspired by sacred symbolism, visionary art, and nature-based design. Printed on a soft grey-blue background, the artwork combines elegant linework, geometric elements, and botanical accents to create a wearable piece that feels both contemporary and timeless.

The central design features two intertwined serpents woven into a symmetrical composition that evokes themes of balance, transformation, healing, and connection to the natural world. Delicate leaves frame the artwork while geometric detailing adds visual depth and structure. Soft shades of blue, lavender, teal, and white create a calming color palette that contrasts beautifully against the muted grey-blue fabric.

Designed with a relaxed sleeveless silhouette, this tank offers an easy, comfortable fit perfect for warm-weather wear, movement practices, travel, festivals, and everyday styling. The generous arm openings and lightweight feel create an effortless drape that layers beautifully over a bralette, sports bra, swimsuit, or fitted tank.

This piece appeals to lovers of sacred geometry, serpent symbolism, visionary artwork, yoga culture, botanical aesthetics, and intentional fashion. The artwork serves as a subtle statement while remaining versatile enough to pair with jeans, shorts, skirts, leggings, or layered festival looks.

Whether worn during a yoga session, on a nature walk, at a music festival, or simply as part of a relaxed everyday wardrobe, this tank combines artistic expression with comfortable wearability. Its clean silhouette and thoughtfully designed graphic make it an easy piece to reach for again and again.

Product Details

• Color: Grey Blue
• Style: Sleeveless Tank Top
• Fit: Relaxed, easy fit
• Neckline: Scoop Neck
• Graphic: Intertwined Sacred Serpent Artwork
• Theme: Visionary Art, Botanical Design, Sacred Geometry, Nature Inspired
• Suitable For: Yoga, Festivals, Travel, Casual Wear, Layering, Everyday Style

Design Inspiration

Throughout many cultures, the serpent has symbolized renewal, wisdom, healing, transformation, and the cyclical nature of life. The intertwined snakes in this design create a balanced and harmonious composition, while the surrounding leaves reinforce themes of growth and connection to nature. Together, these elements form a visual story that is both grounding and expressive.

Why You'll Love It

• Elegant and meaningful serpent artwork
• Soft, versatile grey-blue color palette
• Comfortable sleeveless silhouette for everyday wear
• Easy to style with casual, yoga, or festival outfits
• Thoughtful gift for nature lovers, yogis, artists, and those drawn to symbolic design

This distinctive tank blends nature-inspired symbolism with contemporary wearable art, creating a piece that feels both visually captivating and effortlessly wearable.","snake tank top, serpent shirt, sacred serpent, yoga tank top, festival clothing, visionary art, sacred geometry, boho tank top, spiritual clothing, botanical shirt, nature inspired, unisex tank top, wearable art top"
TOC-TANK-M-DRK-BLK-MED-M,TOC-TANHU-BCO-MEDITLOTUS,Summer,Tank Tops - Mens Black/Grey/Blue,Tank Tops,Hoody,,Unisex,Mens Tank Top with Hoody,Tank Tops Unisex Black Colored Meditating Lotus,Black,Black with Meditating Lotus,Meditating Lotus,hoody with meditating litus,Colored,100% Cotton,Screen print,,,0,1,0,0,1,,$40,$40,Y,,,Draft,,https://drive.google.com/drive/u/0/folders/1QiP6VQ6vGmaHOtGU5qb3wFASslchHzGp,https://www.etsy.com/your/shops/me/listing-editor/edit/4518223380,,Black Hooded Tank Top with Lotus Meditation Graphic | Boho Festival Shirt | Sacred Geometry Yoga Top | Sleeveless Hoodie | Spiritual Clothing,"Designed for movement, mindfulness, and self-expression, this black hooded tank top combines artistic symbolism with an effortlessly wearable silhouette. Featuring a vibrant meditating figure seated above a blooming lotus flower, this unique piece blends sacred geometry-inspired artwork with contemporary comfort, creating a garment that feels both visually striking and easy to wear.

Crafted in a deep black hue, the tank provides the perfect backdrop for the colorful front illustration. At the center of the design, a stylized meditative figure is surrounded by radiant geometric elements and intricate decorative details. Beneath the figure, a vivid lotus flower blooms in rich shades of purple, symbolizing growth, transformation, and inner awareness. The artwork's layered composition creates a sense of harmony and balance while adding vibrant color and visual depth.

The relaxed sleeveless silhouette offers comfort and versatility for a wide range of activities and settings. Open armholes allow freedom of movement while the lightweight fabric drapes naturally against the body. The addition of a soft hood gives the piece a casual, contemporary feel, making it equally suited for yoga practice, festival wear, travel, outdoor adventures, or everyday styling.

The combination of spiritual imagery and modern design creates a distinctive aesthetic that appeals to those who appreciate meaningful artwork and thoughtful fashion. Bright accents of purple, turquoise, yellow, green, and coral stand out beautifully against the black fabric, allowing the artwork to remain the focal point while maintaining versatility within a wardrobe.

Pair it with leggings for movement practices, layer it over a sports bra for yoga sessions, or style it with jeans, shorts, or flowing skirts for an effortlessly bohemian look. The relaxed fit makes it comfortable throughout the day while providing a flattering silhouette that works across a variety of body types.

Inspired by themes of mindfulness, creativity, and personal growth, this tank offers more than everyday comfort—it serves as a wearable expression of intentional living and artistic appreciation. The hood adds an extra layer of character while contributing to the garment's relaxed and adventurous feel.

Whether worn at a music festival, meditation retreat, yoga class, or simply as part of a thoughtfully curated wardrobe, this piece blends comfort, symbolism, and artistic expression into a unique everyday essential.

Product Details
Color: Black
Sleeveless hooded tank top
Relaxed fit
Lightweight knit fabric
Meditating figure graphic artwork
Lotus flower design
Sacred geometry-inspired elements
Open armholes
Comfortable everyday wear
Easy layering piece
Perfect For
Yoga practice
Meditation retreats
Festival fashion
Spiritual lifestyles
Bohemian wardrobes
Travel and outdoor adventures
Artistic self-expression
Everyday casual wear

Combining vibrant artwork, mindful symbolism, and an effortlessly comfortable silhouette, this hooded tank is a versatile statement piece designed for movement, creativity, and conscious living.","hooded tank top, yoga tank top, meditation shirt, lotus flower tank, sacred geometry top, boho festival shirt, sleeveless hoodie, spiritual clothing, festival apparel, mindfulness apparel, womens yoga top, wearable art shirt, bohemian clothing"
TOC-TANK-M-DRK-GRY-BLU-L,TOC-TANHU-GBL-EAGLEEYOTE,Summer,Tank Tops - Mens Black/Grey/Blue,Tank Tops,Hoody,,Unisex,Mens Tank Top with Hoody,Tank Tops Unisex Grey Blue Blue Eagle Peyote,Grey Blue,Grey with Blue Eagle Peyote,Eagle Peyote,hoody blue eagle peyote,Blue,100% Cotton,Screen print,,,0,1,1,0,2,,$40,$80,Y,,,Draft,,https://drive.google.com/drive/u/0/folders/15WBbNdOzjHf0mk0IwtjoEdDAK2kP_UJ1,etsy.com/your/shops/me/listing-editor/edit/4519087844,,"Harpy Eagle Hooded Tank Top, Visionary Art Festival Shirt, Sacred Geometry Sleeveless Hoodie, Nature Inspired Boho Clothing, Festival Wear","Bold, symbolic, and richly detailed, this hooded sleeveless tank blends visionary artwork with nature-inspired design to create a wearable statement piece. Featuring a striking harpy eagle motif surrounded by tropical botanical elements and intricate geometric patterning, this garment is designed for those who feel drawn to wild landscapes, artistic expression, and meaningful symbolism.

At the center of the composition, a powerful harpy eagle extends its wings in a commanding display of strength and presence. Revered as one of the most majestic birds of the rainforest, the harpy eagle symbolizes vision, courage, and elevated perspective. The artwork captures these qualities through intricate linework and carefully balanced symmetry, creating a design that feels both grounded in nature and inspired by mythology.

Beneath the eagle, lush tropical foliage unfolds around a large monstera-inspired leaf, framed by geometric motifs reminiscent of traditional textile patterns and sacred design principles. The layered imagery creates depth and movement while celebrating the interconnected beauty of the natural world. A radiant halo-like form behind the eagle further emphasizes the sense of expansion, awareness, and connection embodied within the artwork.

The graphic is printed on a deep charcoal blue hooded tank, creating a dramatic contrast that allows the artwork's rich palette of whites, greens, blues, warm golds, and subtle crimson accents to stand out beautifully. The darker background enhances the visual impact of the design while remaining versatile enough for everyday wear.

The silhouette combines the comfort of a relaxed tank with the unique styling of an integrated hood. Wide arm openings create an airy, effortless fit that works well layered over a sports bra, swimsuit, long-sleeve top, or worn on its own during warmer months. The hood adds an element of contemporary festival style while maintaining a clean and wearable aesthetic.

Ideal for music festivals, yoga retreats, nature gatherings, travel, or everyday expression, this piece bridges the worlds of art and apparel. It offers a distinctive alternative to conventional graphic tanks and appeals to those who appreciate clothing with depth, symbolism, and craftsmanship.

Whether paired with leggings, wide-leg pants, shorts, or layered festival attire, this hooded tank brings a sense of adventure and individuality to your wardrobe. The artwork invites conversation while offering a subtle reminder of resilience, vision, and our connection to the natural world.

Perfect for artists, nature lovers, festival-goers, travelers, bird enthusiasts, and anyone drawn to visionary aesthetics, this piece celebrates both personal expression and the beauty of the wild.

Product Details

• Color: Charcoal blue / deep slate blue
• Style: Hooded sleeveless tank top
• Fit: Relaxed, comfortable fit
• Neckline: Integrated hood
• Graphic: Harpy eagle, tropical foliage, and geometric artwork
• Design Colors: White, green, blue, gold, red, and black
• Aesthetic: Visionary art, sacred geometry inspired, nature-inspired, bohemian, festival fashion
• Lightweight and breathable
• Ideal for layering or standalone wear
• Suitable for festivals, travel, yoga, outdoor gatherings, and casual everyday styling
• Unisex-inspired aesthetic","harpy eagle shirt, hooded tank top, festival clothing, visionary art shirt, sacred geometry, sleeveless hoodie, boho festival wear, nature graphic tee, spiritual clothing, burning man outfit, tropical art shirt, conscious fashion, eagle tank top"
TOC-TANK-M-CPR-CPR-SHPB-L,TOC-TANU-CCO-LEOPAARING,Summer,Tank Tops - Mens Copper,Tank Tops,,,Unisex,Mens Tank Top,Tank Tops Unisex Copper Colored Leopard Roaring,Copper,Copper with Color Shipibo Leopard,Leopard Roaring,color shipibo leopard ,Colored,100% Cotton,Screen print,,,0,1,2,0,3,,$35,$105,Y,,,Draft,,https://drive.google.com/drive/u/0/folders/1UOLOOnezIw47vW2ZrAZCkf3Uj1tINiFR,https://www.etsy.com/your/shops/me/listing-editor/edit/4518065127,,Leopard Spirit Tank Top | Hand Dyed Brown Sleeveless Tunic | Tribal Jaguar Graphic Shirt | Festival Clothing | Boho Oversized Tank | Eco Fashion,"Bold, artistic, and effortlessly wearable, this leopard spirit tank top combines expressive artwork with a relaxed silhouette designed for everyday comfort. Featuring an intricate leopard graphic surrounded by tribal-inspired motifs, hummingbirds, mirrored faces, and vibrant botanical details, this piece brings together elements of nature, symbolism, and contemporary bohemian style.

The warm earthy brown background creates a rich canvas for the colorful artwork, allowing the leopard's striking gaze to take center stage. The design feels both grounded and expressive, making it a versatile statement piece for festivals, yoga gatherings, creative events, travel, or everyday wear.

Crafted from a soft, lightweight knit fabric, this sleeveless tank drapes comfortably over the body with a relaxed fit. The generous arm openings and flowing silhouette provide ease of movement while creating a laid-back, effortless aesthetic. Wear it loose over leggings, pair it with denim shorts for warm-weather adventures, or layer it beneath a cardigan or jacket during cooler seasons.

The artwork draws inspiration from the leopard as a symbol of intuition, confidence, adaptability, and connection to the natural world. The surrounding imagery creates a visually layered composition that invites closer inspection, revealing new details each time it is worn.

Its longer length and comfortable fit make it suitable for a variety of body types and styling preferences. Whether you're curating a festival wardrobe, building a collection of artistic statement pieces, or searching for a unique gift for a nature lover, this tank offers distinctive character without sacrificing comfort.

Each garment has its own unique personality, celebrating artistic expression and conscious fashion. The earthy color palette pairs beautifully with natural fibers, handmade jewelry, boots, sandals, or layered bohemian accessories.

Product Details

• Sleeveless tank top
• Relaxed, oversized silhouette
• Earthy brown colorway
• Leopard spirit graphic artwork
• Lightweight knit fabric
• Scoop neckline
• Longer tunic-style length
• Comfortable everyday wear
• Suitable for layering
• Festival, casual, yoga, and travel styling

Styling Ideas

Pair with leggings and sandals for a relaxed bohemian look, layer over a bralette for festival season, or wear with jeans and boots for an effortless everyday outfit. The warm neutral tone makes it easy to incorporate into a wide variety of wardrobes while the artwork provides a distinctive focal point.

Please refer to photos and measurements for the most accurate representation of fit and condition.
At the center of the design, a fierce jaguar emerges with focused eyes and prominent fangs, symbolizing strength, protection, instinct, and courage. The composition is framed by intricate geometric forms reminiscent of traditional indigenous patterning, creating a layered visual experience that feels both ancient and contemporary. Every element contributes to a sense of balance and storytelling, inviting the viewer to discover new details with each glance.

Flanking the jaguar are two brilliantly colored hummingbirds, bringing movement and vitality to the design. Their vibrant blue, green, and purple plumage contrasts beautifully with the warm copper-brown background, while feathered elements radiate outward from the base of the composition. The combination of wildlife, sacred-inspired geometry, and ceremonial symbolism creates a powerful piece that feels deeply connected to nature and artistic expression.

The warm earth-toned fabric enhances the artwork's organic quality and provides a beautiful backdrop for the vivid colors within the graphic. Rich shades of orange, emerald green, turquoise, crimson, violet, and white stand out against the copper-brown fabric, creating a vibrant yet harmonious palette.

Designed with a relaxed sleeveless silhouette, this tank offers comfort and versatility for everyday wear. The scoop neckline and open arm openings allow for ease of movement and breathability, making it ideal for festivals, yoga gatherings, travel, outdoor adventures, and warm-weather styling. The relaxed fit drapes comfortably and pairs effortlessly with leggings, shorts, denim, linen pants, or layered bohemian pieces.

The jaguar has long been revered as a symbol of power, awareness, and connection to the natural world. Combined with hummingbirds—often associated with joy, resilience, beauty, and adaptability—the imagery creates a unique visual narrative that celebrates both strength and grace. The result is a garment that feels meaningful, expressive, and visually captivating.

Whether worn at a music festival, retreat, conscious gathering, or simply as part of your everyday wardrobe, this tank top offers a distinctive blend of artistry, symbolism, and comfort. It is designed for those who appreciate wearable art, nature-inspired imagery, and clothing that tells a story.

Product Details

• Color: Copper brown / earth brown
• Style: Sleeveless tank top
• Fit: Relaxed fit
• Neckline: Scoop neckline
• Graphic: Jaguar, hummingbird, feather, and geometric artwork
• Design Colors: Orange, green, blue, purple, white, red, and black
• Aesthetic: Visionary art, sacred geometry inspired, bohemian, festival fashion, nature-inspired
• Suitable For: Festivals, yoga, travel, outdoor events, casual wear, gifting
• Lightweight and easy to layer
• Unisex styling","Jaguar tank top, hummingbird shirt, visionary art shirt, festival clothing, sacred geometry, shipibo inspired, boho tank top, psychedelic clothing, spiritual clothing, jaguar artwork, festival fashion, burning man outfit, rainforest art shirt"
TOC-TANK-M-CPR-CPR-HMB-L,TOC-TANU-CBL-DOUBLLOTUS,Summer,Tank Tops - Mens Copper,Tank Tops,,,Unisex,Mens Tank Top,Tank Tops Unisex Copper Black Double Shipibo Hummingbird Lotus,Copper,Copper with Double Hummingbird Peyote,Double Shipibo Hummingbird Lotus,doble hummingbird peyote ,Black,100% Cotton,Screen print,,,2,5,3,2,12,,$35,$420,Y,,,Draft,,https://drive.google.com/drive/u/0/folders/1qw3X0IO77V6dt4HT-awNBOqXBZgZVsaP,etsy.com/your/shops/me/listing-editor/edit/4517677446,,"Hummingbird Spirit Tank Top, Boho Festival Muscle Tank, Sacred Geometry Graphic Shirt, Oversized Sleeveless Top, Nature Inspired Yoga Clothing","Inspired by the beauty of nature, symbolism, and artistic expression, this hummingbird spirit tank brings together intricate illustration and effortless everyday wear. Featuring a detailed central graphic composed of mirrored hummingbirds, sacred geometry-inspired elements, feathers, and ornamental linework, this sleeveless tank is designed for those who appreciate meaningful artwork and relaxed comfort.

The warm earth-toned fabric provides a rich backdrop for the intricate indigo-toned illustration, creating a striking contrast that feels both grounded and refined. The artwork draws influence from the natural world while incorporating geometric and tribal-inspired motifs that give the piece depth, balance, and visual intrigue.

Designed with a relaxed muscle-tank silhouette, this top drapes softly through the body for a comfortable and versatile fit. The sleeveless construction and generous arm openings create ease of movement while lending the garment a modern, laid-back aesthetic. Whether worn over a sports bra for yoga, paired with denim for everyday wear, or styled as part of a festival outfit, this tank offers effortless versatility.

At the heart of the design, two hummingbirds mirror one another in a symmetrical composition surrounded by intricate geometric detailing, feather elements, and layered ornamental forms. Hummingbirds are often associated with joy, adaptability, resilience, and the ability to find beauty in the present moment. Their delicate yet powerful presence creates a visual story that feels uplifting and timeless.

The vertical placement of the artwork elongates the silhouette and creates a bold focal point without overwhelming the garment. The detailed linework rewards a closer look, revealing layers of pattern and symbolism that make the piece feel unique and thoughtfully crafted.

This tank transitions easily from activewear to casual styling. Pair it with leggings and sandals for a relaxed yoga-inspired look, tuck it into high-waisted denim for everyday wear, or layer it beneath a cardigan or kimono when temperatures cool. Its adaptable design allows it to move comfortably between seasons and occasions.

Perfect for music festivals, yoga practice, travel, nature retreats, creative gatherings, beach days, and everyday adventures, this tank offers both comfort and visual impact. The relaxed fit allows for unrestricted movement while maintaining a flattering drape that suits a variety of body types and personal styles.

For lovers of wearable art, nature-inspired design, and meaningful symbolism, this hummingbird tank serves as both a wardrobe staple and an artistic statement piece. Its timeless imagery and versatile silhouette make it a garment you'll continue reaching for year after year.

Product Details

• Relaxed oversized fit
• Sleeveless muscle tank silhouette
• Soft draping fabric
• Large hummingbird spirit graphic artwork
• Sacred geometry and feather-inspired design elements
• Deep-cut arm openings for layering versatility
• Comfortable movement and relaxed wear
• Suitable for yoga, festivals, travel, and everyday styling
• Nature-inspired artistic design
• Easy year-round layering piece

A wearable piece of art inspired by nature, symbolism, freedom, and mindful living.","hummingbird shirt, sacred geometry, boho tank top, festival clothing, yoga tank top, oversized tank, muscle tank top, graphic tank top, hippie clothing, spiritual clothing, nature inspired, wearable art, bohemian apparel"
TOC-TANK-M-CPR-CPR-HMB-L,TOC-TANU-CBL-DOUBLNDALA,Summer,Tank Tops - Mens Copper,Tank Tops,,,Unisex,Mens Tank Top,Tank Tops Unisex Copper Black Double Shipibo Hummingbird Mandala,Copper,Copper with Double Hummingbird Shipibo,Double Shipibo Hummingbird Mandala,doble hummingbird shipibo ,Black,100% Cotton,Screen print,,,0,2,4,1,7,,$35,$245,Y,,,Draft,,https://drive.google.com/drive/u/0/folders/1sWIte0_AsYn6DwIezvZ2L1piPirwWeyJ,https://www.etsy.com/your/shops/me/listing-editor/edit/4517486142#media,,"Hummingbird Mandala Tank Top, Boho Festival Muscle Tank, Copper Graphic Tank, Oversized Sleeveless Shirt, Yoga Clothing, Nature Inspired Top","Designed for comfort, movement, and everyday expression, this hummingbird mandala tank blends artistic detail with an effortlessly relaxed silhouette. Featuring two delicately illustrated hummingbirds surrounding an intricate mandala motif, this sleeveless tank offers a wearable piece of art inspired by nature, balance, and mindful living.

The warm earthy tone creates a rich, grounded aesthetic reminiscent of sunbaked clay, desert landscapes, and natural fibers. Its versatile color pairs beautifully with denim, leggings, linen trousers, flowing skirts, and layered bohemian looks, making it an easy addition to a year-round wardrobe.

The relaxed muscle-tank silhouette drapes softly through the body, creating an easy fit that feels both flattering and comfortable. Deep-cut arm openings give the garment a modern, laid-back character while allowing for effortless layering over a favorite bralette, sports bra, fitted tank, or swimsuit. Whether worn loose, tucked, or tied at the waist, this piece adapts naturally to your individual style.

Positioned across the upper chest, the artwork creates a subtle focal point without overwhelming the garment. Two hummingbirds hover beside an intricate mandala, creating a harmonious composition inspired by movement, beauty, and connection. Hummingbirds are often associated with joy, resilience, freedom, and adaptability, while mandalas symbolize balance, wholeness, and the interconnected nature of life.

The minimalist placement of the design keeps the overall look clean and versatile while still offering meaningful visual interest. This balance allows the tank to move effortlessly between casual everyday wear and more intentional styling.

Perfect for yoga classes, meditation practice, music festivals, travel, outdoor adventures, creative pursuits, or quiet days at home, this tank is designed to be worn often and lived in comfortably. The lightweight feel and flowing shape support ease of movement while maintaining a relaxed and contemporary appearance.

Layer it beneath a cardigan during cooler months, wear it over activewear before and after class, or pair it with your favorite denim shorts on warm summer days. Its versatility makes it equally suited to movement practices, artistic gatherings, weekend markets, beach trips, and everyday life.

For those who appreciate thoughtful design, nature-inspired imagery, and comfortable silhouettes, this hummingbird mandala tank offers an effortless combination of artistry and practicality. It is a piece designed not only to be worn but enjoyed, season after season.

Product Details

• Relaxed oversized fit
• Sleeveless muscle tank silhouette
• Warm earthy copper tone
• Hummingbird and mandala graphic artwork
• Deep-cut arm openings
• Lightweight soft knit fabric
• Comfortable drape and movement
• Suitable for yoga, festivals, travel, and everyday wear
• Nature-inspired artistic design
• Easy layering piece for year-round styling

A versatile graphic tank inspired by nature, movement, and mindful living.","hummingbird tank, mandala tank top, boho clothing, festival shirt, yoga tank top, oversized tank, muscle tank top, graphic tank top, hippie clothing, spiritual shirt, nature inspired, bohemian apparel, sleeveless top"
TOC-TANK-M-CPR-CPR-SRP-L,TOC-TANU-CBL-DOUBLPENT ,Summer,Tank Tops - Mens Copper,Tank Tops,,,Unisex,Mens Tank Top,Tank Tops Unisex Copper Black Double Shipibo Serpent ,Copper,Copper Double Serpent Shipibo,Double Shipibo Serpent ,doble serpent shipibo ,Black,100% Cotton,Screen print,,,0,4,3,0,7,,$35,$245,Y,,,Draft,,https://drive.google.com/drive/u/0/folders/1Y5YleoWUdy8Qv02qip7cdjEtL0o8kEup,https://www.etsy.com/your/shops/me/listing-editor/edit/4517682880,,"Snake Sacred Geometry Tank Top, Boho Festival Shirt, Serpent Graphic Muscle Tank, Nature Inspired Yoga Top, Spiritual Sleeveless Clothing","This striking graphic tank blends symbolic artwork, organic forms, and effortless everyday wear into a piece that feels both grounded and expressive. Featuring an intricately illustrated serpent winding through geometric patterns and botanical elements, the design creates a strong visual focal point while maintaining a refined and wearable aesthetic.

The artwork is inspired by themes of transformation, growth, and connection to the natural world. At the center of the design, a serpent weaves gracefully through sacred geometry-inspired motifs, framed by stylized leaves that echo the rhythm and movement of nature. Fine linework and layered pattern details give the illustration remarkable depth, inviting a closer look and revealing new elements each time it is worn.

The sleeveless silhouette offers a relaxed, easy fit designed for movement and comfort. Cut with generous arm openings and a fluid drape through the body, this tank works beautifully as a layering piece or on its own during warmer weather. The shape feels casual yet intentional, making it equally suited to yoga practice, festival wear, travel, creative work, or everyday styling.

The earthy tone of the fabric complements the artwork beautifully, creating a warm, natural palette that pairs effortlessly with denim, leggings, linen pants, skirts, and layered bohemian pieces. The combination of soft fabric and detailed illustration results in a garment that feels artistic without being overwhelming.

Across many cultures, the serpent symbolizes renewal, transformation, healing, intuition, and personal evolution. Combined with sacred geometry-inspired forms, the artwork evokes themes of balance, interconnectedness, and continual growth. The result is a meaningful wearable artwork that resonates with those drawn to symbolism, nature, and intentional design.

This tank transitions easily between different lifestyles and settings. Wear it to yoga class layered over a sports bra, pair it with denim shorts for summer adventures, or style it beneath a cardigan or kimono for cooler evenings. The versatile design makes it a piece you'll reach for again and again.

Ideal for nature lovers, artists, travelers, yoga practitioners, festival-goers, and anyone who appreciates thoughtful graphic design, this tank offers a distinctive alternative to mass-produced apparel. The detailed illustration serves as both a visual statement and a reflection of personal connection to nature, symbolism, and creative expression.

Whether purchased as a meaningful gift or chosen as a new favorite wardrobe staple, this tank combines comfort, artistry, and versatility in a piece designed to be worn and enjoyed for years to come.

Product Details

• Relaxed oversized fit
• Sleeveless muscle tank silhouette
• Soft draping fabric
• Sacred geometry-inspired artwork
• Detailed serpent illustration
• Botanical leaf motifs
• Generous arm openings for layering
• Lightweight and comfortable for everyday wear
• Suitable for yoga, festivals, travel, and casual styling
• Nature-inspired wearable art

A thoughtfully designed graphic tank celebrating transformation, nature, symbolism, and artistic self-expression.","snake tank top, serpent shirt, sacred geometry, boho tank top, festival clothing, yoga tank top, spiritual clothing, nature inspired, graphic tank, hippie apparel, wearable art, bohemian style, mystical clothing"
TOC-TANK-M-CPR-CPR-SHPB-L,TOC-TANU-CBL-JAGUAWLING,Summer,Tank Tops - Mens Copper,Tank Tops,,,Unisex,Mens Tank Top,Tank Tops Unisex Copper Black Jaguar Prowling,Copper,Copper with Shipibo Jaguar,Jaguar Prowling,shipibo jaguar,Black,100% Cotton,Screen print,,,0,1,4,0,5,,$35,$175,Y,,,Draft,,https://drive.google.com/drive/u/0/folders/1SlEE82S471g4lZIKJsGnM8djBW8CoKCF,https://www.etsy.com/your/shops/me/listing-editor/edit/4517689969,,"Jaguar Tank Top, Sacred Geometry Unisex Muscle Tank, Visionary Art Festival Shirt, Boho Yoga Top, Psychedelic Animal Spirit Clothing","Inspired by the quiet power of the jaguar and the flowing patterns found throughout nature, this unisex tank top combines artistic expression with everyday comfort. Featuring an original jaguar illustration woven from intricate geometric linework, this piece is designed for those who appreciate meaningful imagery, natural aesthetics, and wearable art.

The tank is rendered in a rich earth-toned brown that complements the organic character of the artwork. At the center, a striking jaguar emerges from an elaborate network of flowing lines and interconnected shapes. The design creates the impression that the animal is both appearing from and dissolving into the pattern itself, symbolizing the connection between instinct, nature, and consciousness.

The relaxed unisex silhouette offers an easy, comfortable fit suitable for a wide range of body types. Deep arm openings and a lightweight feel allow for unrestricted movement, making this tank ideal for warm weather, yoga practice, hiking, festivals, travel, workouts, or everyday casual wear. The neutral color palette makes it easy to pair with jeans, shorts, joggers, festival pants, or layered looks.

The jaguar has long held deep significance throughout Central and South American cultures, where it is associated with strength, courage, protection, leadership, and intuition. Often viewed as a guardian and symbol of transformation, the jaguar represents confidence rooted in awareness rather than force. This artwork captures that quiet intensity through detailed linework and a focused gaze that immediately draws attention.

Unlike conventional graphic tanks, this design offers a more refined visual experience. The monochromatic artwork blends seamlessly with the garment, creating a sophisticated look that feels artistic and timeless. The subtle contrast allows the illustration to remain visually impactful while maintaining a grounded, wearable aesthetic.

Whether worn during movement practices, outdoor adventures, creative gatherings, music festivals, or simply as part of your daily wardrobe, this tank is designed to feel both expressive and versatile. It speaks to those who feel connected to wildlife, sacred geometry, visionary art, and the natural world.

The minimalist earth-tone palette and intricate illustration create a garment that can be worn year after year without feeling tied to seasonal trends. It is equally suited to artists, travelers, yoga practitioners, festival-goers, and anyone who appreciates thoughtful design with symbolic meaning.

Product Details

• Unisex tank top design
• Relaxed, comfortable fit
• Earthy brown colorway
• Original jaguar artwork
• Sacred geometry inspired illustration
• Lightweight feel
• Suitable for yoga, festivals, travel, workouts, and everyday wear
• Easy to layer or wear on its own
• Nature-inspired artistic aesthetic

Styling Suggestions

Pair with hemp pants, linen trousers, denim, shorts, leggings, or festival attire. Layer under an open shirt, hoodie, cardigan, or jacket for year-round versatility. The neutral tones make this piece easy to incorporate into both minimalist and eclectic wardrobes.

Care Instructions

• Machine wash cold
• Turn inside out before washing
• Tumble dry low or hang dry
• Do not iron directly on artwork

Designed for those who appreciate art, symbolism, and connection to the natural world, this jaguar tank offers a unique blend of comfort, creativity, and timeless style.","jaguar tank top, unisex tank top, sacred geometry, jaguar shirt, visionary art, festival clothing, boho clothing, animal spirit, psychedelic art, yoga tank top, spiritual clothing, mens festival wear, wearable art shirt"
TOC-TANK-M-CPR-CPR-SHPB-L,TOC-TANU-CBL-SHIPI FACE,Summer,Tank Tops - Mens Copper,Tank Tops,,,Unisex,Mens Tank Top,Tank Tops Unisex Copper Black Shipibo Jaguar Face,Copper,Copper with Shipibo Jaguar Face,Shipibo Jaguar Face,shipibo jaguar face,Black,100% Cotton,Screen print,,,1,7,8,0,16,,$35,$560,Y,,,Draft,,https://drive.google.com/drive/u/0/folders/1T78sAdUbGELo70t4yS9anP88kmgCrqzp,https://www.etsy.com/your/shops/me/listing-editor/edit/4518164856,,"Shipibo Jaguar Tank Top, Sacred Geometry Festival Shirt, Visionary Art Sleeveless Top, Tribal Jaguar Graphic Tank, Boho Psychedelic Clothing","Rooted in sacred pattern, symbolic artistry, and contemporary bohemian style, this distinctive tank top features a geometric jaguar design inspired by traditional indigenous visual language and visionary art aesthetics. Printed in deep charcoal against a warm earth-toned background, the artwork creates a striking balance between subtlety and intricate detail.

At first glance, the design appears as an abstract geometric composition. Looking closer, a powerful jaguar face gradually emerges from the interconnected forms, revealing intelligent eyes hidden within a maze of flowing pathways and symmetrical motifs. This layered visual effect gives the artwork a sense of mystery and depth, inviting repeated observation and discovery.

The warm copper-brown fabric enhances the organic quality of the piece, creating a natural and grounded palette that pairs effortlessly with denim, linen, hemp, earth-toned layers, and festival attire. The monochromatic print allows the intricate linework to take center stage while maintaining a refined, understated appearance.

Designed with a relaxed sleeveless silhouette, this tank offers comfort, versatility, and ease of movement. The scoop neckline and open arm openings create a laid-back fit that works beautifully in warm climates, at outdoor gatherings, music festivals, yoga events, retreats, and everyday adventures. The relaxed shape drapes naturally, making it easy to wear on its own or layered beneath jackets, kimonos, and sweaters.

The artwork draws inspiration from sacred geometry, traditional tribal patterning, and the symbolism of the jaguar. Throughout many cultures, the jaguar represents courage, protection, intuition, and personal power. The geometric construction of the image adds another dimension, suggesting interconnectedness, harmony, and the hidden structures found throughout nature.

Unlike bold multicolored graphics, this design offers a more refined and sophisticated visual presence. The tone-on-tone effect creates an artistic statement without overwhelming the garment, making it especially appealing to those who appreciate meaningful symbolism, subtle design, and handcrafted aesthetics.

Whether worn while traveling, exploring nature, attending a festival, practicing yoga, or simply expressing your personal style, this tank embodies a sense of creativity and connection. It is equally suited to artists, free spirits, outdoor enthusiasts, and anyone drawn to visionary art and symbolic imagery.

The result is a wearable piece of art that feels timeless, intentional, and uniquely expressive—an easy addition to a conscious wardrobe built around comfort, individuality, and meaningful design.

Product Details

• Color: Copper brown / earth brown
• Style: Sleeveless tank top
• Fit: Relaxed fit
• Neckline: Scoop neckline
• Graphic: Geometric jaguar artwork
• Print Color: Deep charcoal / black
• Aesthetic: Sacred geometry, tribal inspired, visionary art, bohemian, festival fashion
• Suitable For: Festivals, yoga, travel, outdoor events, casual wear, gifting
• Lightweight and easy to layer
• Unisex styling
At first glance, the design appears as an abstract geometric composition. Looking closer, a powerful jaguar face gradually emerges from the interconnected forms, revealing intelligent eyes hidden within a maze of flowing pathways and symmetrical motifs. This layered visual effect gives the artwork a sense of mystery and depth, inviting repeated observation and discovery.

The warm copper-brown fabric enhances the organic quality of the piece, creating a natural and grounded palette that pairs effortlessly with denim, linen, hemp, earth-toned layers, and festival attire. The monochromatic print allows the intricate linework to take center stage while maintaining a refined, understated appearance.

Designed with a relaxed sleeveless silhouette, this tank offers comfort, versatility, and ease of movement. The scoop neckline and open arm openings create a laid-back fit that works beautifully in warm climates, at outdoor gatherings, music festivals, yoga events, retreats, and everyday adventures. The relaxed shape drapes naturally, making it easy to wear on its own or layered beneath jackets, kimonos, and sweaters.

The artwork draws inspiration from sacred geometry, traditional tribal patterning, and the symbolism of the jaguar. Throughout many cultures, the jaguar represents courage, protection, intuition, and personal power. The geometric construction of the image adds another dimension, suggesting interconnectedness, harmony, and the hidden structures found throughout nature.

Unlike bold multicolored graphics, this design offers a more refined and sophisticated visual presence. The tone-on-tone effect creates an artistic statement without overwhelming the garment, making it especially appealing to those who appreciate meaningful symbolism, subtle design, and handcrafted aesthetics.

Whether worn while traveling, exploring nature, attending a festival, practicing yoga, or simply expressing your personal style, this tank embodies a sense of creativity and connection. It is equally suited to artists, free spirits, outdoor enthusiasts, and anyone drawn to visionary art and symbolic imagery.

The result is a wearable piece of art that feels timeless, intentional, and uniquely expressive—an easy addition to a conscious wardrobe built around comfort, individuality, and meaningful design.","shipibo art, jaguar tank top, sacred geometry, visionary art shirt, festival clothing, tribal graphic tee, boho tank top, psychedelic clothing, conscious clothing, jaguar artwork, burning man outfit, spiritual clothing, geometric animal shirt"
TOC-TANK-M-CPR-CPR-STG-L,TOC-TANU-CBL-STAGSTAG,Summer,Tank Tops - Mens Copper,Tank Tops,,,Unisex,Mens Tank Top,Tank Tops Unisex Copper Black Stag,Copper,Copper with Stag,Stag,stag deer peyote fractal,Black,100% Cotton,Screen print,,,3,7,3,1,14,,$35,$490,Y,,,Draft,,https://drive.google.com/drive/u/0/folders/1vXv1I8D4thy3asKXKPXnuOAw50wv8C0e,https://www.etsy.com/your/shops/me/listing-editor/edit/4518165545,,"Geometric Deer Tank Top, Festival Boho Muscle Tank, Sacred Geometry Graphic Tee, Woodland Spirit Shirt, Earth Tone Sleeveless Top","A wearable blend of nature, geometry, and artistic expression, this sleeveless graphic tank features an intricate deer illustration framed by sacred geometric elements and tribal-inspired patterns. Printed in deep indigo on a warm earth-toned fabric, the design creates a striking contrast that feels both grounded and contemporary.

The focal point of the artwork is a majestic deer adorned with geometric detailing, layered within a series of interlocking triangles and symbolic motifs. The composition balances organic and structured forms, making this piece equally appealing to lovers of nature, festival fashion, yoga culture, and modern bohemian style.

The relaxed sleeveless silhouette offers an easy, comfortable fit that layers effortlessly throughout the year. Wear it with leggings for yoga, pair it with denim shorts for summer adventures, or style it beneath a cardigan or jacket as temperatures cool. The soft drape and open armholes create a laid-back feel while allowing freedom of movement.

Its earthy camel-brown tone evokes desert landscapes, forest trails, and sun-warmed natural textures. Combined with the detailed graphic artwork, the result is a piece that feels artistic without being overly bold, making it easy to incorporate into an everyday wardrobe.

This tank is ideal for those who appreciate nature-inspired design, sacred geometry aesthetics, and meaningful graphic apparel. Whether worn to a music festival, outdoor gathering, yoga class, weekend market, camping trip, or simply as part of a casual daily outfit, it offers a distinctive look that stands apart from mass-produced graphic tops.

The artwork itself carries a strong visual presence while remaining versatile enough for everyday wear. The deer symbolizes intuition, grace, and connection to the natural world, while the geometric forms introduce balance and structure. Together they create a design that feels intentional, modern, and visually engaging.

Crafted with comfort and style in mind, this tank is designed for people who enjoy expressive clothing with an artistic edge. It also makes a thoughtful gift for nature lovers, hikers, festival goers, yoga enthusiasts, wildlife admirers, and anyone drawn to geometric or bohemian-inspired aesthetics.

Product Details
Sleeveless muscle tank style
Earthy camel brown color
Indigo geometric deer graphic
Relaxed, comfortable fit
Lightweight feel for layering or warm weather wear
Nature-inspired artwork featuring deer and sacred geometry motifs
Suitable for everyday casual wear, festivals, yoga, travel, and outdoor adventures
Unisex-inspired bohemian aesthetic
Handmade or small-batch artisan style appearance
Styling Ideas

Pair with leggings and sandals for a relaxed yoga-inspired look, layer over a bralette with wide-leg pants for festival season, or wear with your favorite jeans and boots for an earthy, everyday outfit. The neutral color palette makes this piece easy to coordinate while the artwork adds a unique visual focal point.","geometric deer, deer tank top, sacred geometry, boho tank top, festival clothing, woodland shirt, nature lover gift, yoga clothing, tribal graphic tee, bohemian apparel, sleeveless tank, hippie clothing, earth tone top"
TOC-TANK-M-GRN-GRN-HMB-M,TOC-TANU-GCO-DOUBLLOTUS,Summer,Tank Tops - Mens Green,Tank Tops,,,Unisex,Mens Tank Top,Tank Tops Unisex Green Colored Double Shipibo Hummingbird Lotus,Green,Green with Color Double Hummingbird,Double Shipibo Hummingbird Lotus,color doble hummingbird ,Colored,100% Cotton,Screen print,,,0,3,0,0,3,,$35,$105,Y,,,Draft,,https://drive.google.com/drive/u/0/folders/1D8JemGM-lP-lxqZZTT8guJs-rh0gC-hl,https://www.etsy.com/your/shops/me/listing-editor/edit/4517496348,,"Boho Festival Tank Top, Hummingbird Graphic Shirt, Sacred Geometry Tank, Yoga Clothing, Visionary Art Top, Tribal Bohemian Sleeveless Tee","Art, symbolism, and effortless comfort come together in this distinctive sleeveless tank designed for those who appreciate clothing with meaning and visual depth.

Featuring an intricate central artwork inspired by nature, geometry, and transformation, this piece showcases mirrored hummingbirds, vibrant feathered forms, and a meditative figure set within a symmetrical geometric composition. The result is a striking design that feels balanced, intentional, and full of movement.

The soft sage green tone creates a calm, grounded backdrop for the vivid artwork. Shades of blue, coral, crimson, violet, and gold emerge throughout the illustration, creating a beautiful contrast against the earthy base color. The design feels both contemporary and timeless, blending artistic expression with everyday wearability.

Cut with a relaxed silhouette and generously dropped arm openings, this tank drapes comfortably through the body while allowing freedom of movement. The lightweight feel makes it ideal for layering over a bralette, sports bra, bikini top, or fitted camisole. Whether worn for yoga, travel, festivals, beach days, or daily life, it delivers an easygoing aesthetic with a distinctive artistic presence.

The artwork itself draws the eye inward. Two hummingbirds appear in mirrored flight above a seated figure, creating a sense of harmony and reflection. Geometric forms frame the composition while colorful feather details add energy and movement. Together, these elements create a visual story that invites personal interpretation and connection.

This is the kind of piece that transitions effortlessly between settings. Pair it with leggings and sandals for a relaxed studio-to-street look, style it with denim shorts and layered jewelry for festival season, or combine it with flowing pants and a kimono for an elevated bohemian outfit.

The elongated body and relaxed fit create a flattering silhouette without feeling restrictive. The sleeveless cut keeps the garment breathable and versatile through warmer months while remaining easy to layer beneath jackets, cardigans, and wraps when temperatures cool.

Perfect for artists, travelers, yoga enthusiasts, nature lovers, festival-goers, and anyone drawn to expressive wearable art, this tank offers an alternative to mass-produced fashion. The graphic serves as a focal point while the understated color palette allows it to remain surprisingly versatile within a wardrobe.

Designed for those who value creativity, individuality, and comfort, this tank is both a statement piece and an everyday essential.

Product Details
Sleeveless tank silhouette
Relaxed, easy-fitting shape
Soft sage green color
Large front graphic artwork
Features hummingbirds, feathers, geometric motifs, and meditative imagery
Lightweight feel
Ideal for layering
Suitable for yoga, festivals, travel, casual wear, and everyday styling
Artistic bohemian aesthetic
Statement graphic design
Unisex-inspired relaxed fit
Styling Suggestions

Wear with:

Yoga leggings and sandals
Distressed denim and boots
Flowing skirts and layered jewelry
Linen pants and natural fiber accessories
Festival outfits and travel wardrobes

The combination of earthy color, visionary artwork, and relaxed styling makes this piece easy to wear while maintaining a strong artistic identity.","hummingbird tank, boho tank top, festival clothing, yoga tank top, sacred geometry, visionary art, bohemian shirt, hippie clothing, meditation shirt, spiritual clothing, graphic tank top, womens festival top, artistic clothing"
TOC-TANK-M-GRN-GRN-SRP-L,TOC-TANU-GCO-DOUBLPENT ,Summer,Tank Tops - Mens Green,Tank Tops,,,Unisex,Mens Tank Top,Tank Tops Unisex Green Colored Double Shipibo Serpent ,Green,Green with Color Double Serpent,Double Shipibo Serpent ,color doble serpent,Colored,100% Cotton,Screen print,,,0,0,2,0,2,,$35,$70,Y,,,Draft,,https://drive.google.com/drive/u/0/folders/12DloBqTI9a_pM2k_Z9pB1dUWkUvo94U0,https://www.etsy.com/your/shops/me/listing-editor/edit/4517688037#media,,"Sacred Serpent Tank Top, Snake Graphic Muscle Tank, Boho Yoga Shirt, Sacred Geometry Clothing, Nature Inspired Festival Top, Spiritual Sleeveless Tee","Designed for those drawn to symbolism, nature, and artistic self-expression, this graphic tank features an intricate serpent illustration woven through sacred geometry-inspired forms and botanical motifs. The artwork creates a striking visual balance between strength and softness, making this piece equally at home in everyday wear, yoga practice, festival settings, or creative environments.

At the center of the design, two serpents intertwine in a flowing, symmetrical composition. Delicate geometric patterns create depth and movement throughout the artwork, while leafy botanical elements soften the structure and connect the piece to the natural world. The detailed linework invites closer inspection, revealing layers of pattern and symbolism that make the garment feel like wearable art rather than a simple graphic top.

The relaxed muscle tank silhouette offers comfort and versatility. Designed with a fluid drape through the body and generous arm openings, it moves easily with you throughout the day. The fit feels effortless and breathable, making it ideal for warm weather, active lifestyles, travel, or layering beneath jackets, cardigans, and kimonos.

The artwork draws inspiration from ancient symbolism associated with transformation, healing, intuition, and personal growth. Across cultures, serpents have long represented renewal and the cyclical nature of life. Combined with sacred geometry-inspired forms and botanical elements, the design evokes themes of balance, interconnectedness, and evolution.

This tank transitions seamlessly between different settings and styles. Pair it with leggings for yoga or movement practices, wear it with denim shorts for festivals and summer adventures, or style it with linen pants and layered jewelry for an elevated bohemian look. The artwork provides a meaningful focal point while remaining versatile enough for everyday wear.

The lightweight fabric and relaxed silhouette make this piece especially comfortable during warmer seasons, while its timeless symbolism gives it year-round appeal. Whether worn for its artistic beauty, personal meaning, or easy comfort, this tank offers a distinctive addition to a thoughtfully curated wardrobe.

Perfect for yoga practitioners, nature lovers, artists, travelers, festival-goers, and those who appreciate symbolic design, this piece makes a meaningful gift or personal keepsake. The detailed illustration reflects a connection to nature, creativity, and transformation while maintaining a modern and wearable aesthetic.

Product Details

• Relaxed oversized muscle tank silhouette
• Sleeveless design with generous arm openings
• Lightweight and breathable feel
• Sacred serpent graphic artwork
• Sacred geometry-inspired patterning
• Botanical leaf details
• Comfortable drape through the body
• Suitable for layering or standalone wear
• Ideal for yoga, festivals, travel, and everyday styling
• Nature-inspired wearable art

A thoughtfully designed graphic tank celebrating transformation, balance, growth, and connection to the natural world.","snake tank top, sacred geometry, serpent shirt, yoga tank top, boho clothing, festival top, spiritual shirt, mystical clothing, nature inspired, graphic tank, hippie fashion, wearable art, bohemian style"
TOC-TANK-M-GRN-GRN-HMB-L,TOC-TANU-GBL-DOUBLNDALA,Summer,Tank Tops - Mens Green,Tank Tops,,,Unisex,Mens Tank Top,Tank Tops Unisex Green Black Double Shipibo Hummingbird Mandala,Green,Green with Double Hummingbird,Double Shipibo Hummingbird Mandala,shipibo hummingbird ,Black,100% Cotton,Screen print,,,0,4,3,0,7,,$35,$245,Y,,,Draft,,https://drive.google.com/drive/u/0/folders/1U9t4GKJebNcQwISxz7d8Ltg9YPspKH1_,etsy.com/your/shops/me/listing-editor/edit/4517672216,,"Hummingbird Mandala Tank Top, Oversized Muscle Tank, Boho Festival Shirt, Sleeveless Graphic Top, Yoga Clothing, Nature Inspired Apparel","Designed for comfort, movement, and effortless self-expression, this hummingbird mandala tank combines a relaxed silhouette with thoughtfully placed artwork inspired by the natural world. Featuring two hummingbirds framing an intricate mandala design, this sleeveless top offers an understated artistic aesthetic that feels equally at home in a yoga studio, at a music festival, on a hiking trail, or as part of an everyday wardrobe.

The relaxed muscle-tank silhouette drapes softly through the body, creating an easy fit that allows for freedom of movement and versatile styling. Deep-cut arm openings add a contemporary feel while making the tank ideal for layering over a favorite bralette, sports bra, swimsuit, or fitted tank. The result is a garment that feels comfortable, breathable, and adaptable throughout the seasons.

The artwork is intentionally positioned across the upper chest, creating a balanced focal point that draws the eye without overwhelming the overall design. Two hovering hummingbirds surround an intricate mandala motif, bringing together symbols of beauty, harmony, resilience, and connection. Hummingbirds are often associated with joy, adaptability, and presence, while mandalas represent balance, wholeness, and the interconnected nature of life.

The clean lines and minimalist composition make this tank exceptionally versatile. It pairs effortlessly with leggings for yoga and movement practices, denim shorts for warm-weather adventures, linen trousers for a relaxed everyday look, or layered beneath jackets, kimonos, and sweaters as the seasons change.

Its lightweight feel and flowing shape make it particularly suited to travel, outdoor gatherings, creative pursuits, and active lifestyles. The sleeveless design offers unrestricted movement, while the relaxed fit provides comfort without feeling oversized or bulky. Whether styled casually or incorporated into a more curated bohemian wardrobe, this tank offers an easy balance of comfort and visual interest.

For those drawn to meaningful design and wearable art, this piece serves as both a practical wardrobe staple and a subtle expression of personal style. The graphic feels timeless rather than trend-driven, allowing it to remain relevant season after season.

Perfect for nature lovers, yoga practitioners, festival-goers, artists, travelers, and anyone who appreciates thoughtful design, this hummingbird tank is a versatile piece designed to be worn often and styled effortlessly.

Product Details

• Relaxed oversized fit
• Sleeveless muscle tank silhouette
• Deep-cut arm openings
• Hummingbird and mandala graphic artwork
• Soft draping fabric
• Lightweight and comfortable for layering
• Suitable for yoga, festivals, travel, and everyday wear
• Nature-inspired artistic design
• Easy-to-style wardrobe staple
• Comfortable year-round layering piece

This tank combines comfort, movement, and meaningful design in a silhouette created for everyday adventures.","hummingbird tank, mandala tank top, muscle tank top, boho clothing, festival shirt, yoga clothing, oversized tank, graphic tank top, hippie clothing, spiritual shirt, nature inspired, bohemian apparel, sleeveless top"
TOC-TANK-M-GRN-GRN-HMB-L,TOC-TANU-GBL-DOUBLLOTUS,Summer,Tank Tops - Mens Green,Tank Tops,,,Unisex,Mens Tank Top,Tank Tops Unisex Green Black Double Shipibo Hummingbird Lotus,Green,Green with Double Hummingbird Peyote,Double Shipibo Hummingbird Lotus,doble hummingbird peyote,Black,100% Cotton,Screen print,,,0,2,2,0,4,,$35,$140,Y,,,Draft,,https://drive.google.com/drive/u/0/folders/18-zp0YWO_YLxv6XByuHJQPM1o8ZFkMCp,https://www.etsy.com/your/shops/me/listing-editor/edit/4521827307#media,,"Hummingbird Sacred Geometry Tank Top, Boho Festival Muscle Tank, Tribal Bird Graphic Tee, Yoga Clothing, Nature Inspired Women's Top, Festival Wear","Light, effortless, and rich with symbolic detail, this hummingbird graphic tank top blends nature-inspired artwork with geometric design to create a piece that feels both contemporary and timeless. Printed on a soft heather gray sleeveless tank, the artwork features two mirrored hummingbirds surrounded by intricate feathered elements and framed by an Amazonian-inspired geometric motif.

The symmetrical composition draws the eye inward, creating a balanced visual rhythm that feels intentional and meditative. Delicate linework showcases the artistry of the illustration, while the neutral gray background allows the dark ink design to stand out with striking clarity. The result is a wearable piece of art that pairs easily with everyday essentials while still making a distinctive statement.

The relaxed silhouette offers versatility and comfort for a wide range of activities. Wear it with leggings for yoga, layer it under a cardigan for cooler evenings, or pair it with denim shorts and boots for festivals, markets, and weekend adventures. The sleeveless cut allows for easy movement and breathability, making it an ideal choice for warmer weather or active lifestyles.

Hummingbirds have long been associated with joy, resilience, adaptability, and presence. Their ability to hover gracefully between stillness and movement makes them a meaningful symbol for those drawn to mindfulness, creativity, and personal growth. Combined with the geometric tribal-inspired artwork, the design creates a harmonious blend of natural beauty and intentional symbolism.

The soft heather gray fabric provides a comfortable, lived-in feel while offering a versatile neutral tone that complements nearly any wardrobe. Whether you're heading to a yoga class, spending time outdoors, attending a music festival, or simply expressing your love of birds and nature-inspired art, this tank offers both comfort and visual impact.

Designed for free spirits, nature lovers, artists, travelers, and anyone drawn to meaningful graphic apparel, this piece transitions effortlessly from casual everyday wear to special adventures. The detailed artwork invites closer inspection, revealing new elements and textures within the design each time it is worn.

Its relaxed fit and timeless color palette make it easy to style year-round. Layer it beneath jackets and sweaters during cooler seasons or wear it on its own when the weather warms. The artistic print creates a conversation piece while remaining refined and wearable.

Whether purchased as a personal favorite or given as a thoughtful gift, this hummingbird tank celebrates creativity, connection to nature, and expressive personal style.

Product Details

• Sleeveless muscle tank silhouette
• Heather gray colorway
• Intricate hummingbird and geometric artwork
• Relaxed, comfortable fit
• Lightweight feel for everyday wear
• Nature-inspired and festival-ready aesthetic
• Ideal for yoga, travel, casual wear, and outdoor gatherings
• Suitable for layering across seasons
• Unique artistic graphic design","hummingbird tank, hummingbird shirt, boho tank top, festival clothing, yoga tank top, sacred geometry, tribal bird art, nature lover gift, festival outfit, bohemian apparel, bird graphic tee, spiritual clothing, womens muscle tank"
TOC-TANK-M-GRN-GRN-SRP-M,TOC-TANU-GBL-DOUBLPENT ,Summer,Tank Tops - Mens Green,Tank Tops,,,Unisex,Mens Tank Top,Tank Tops Unisex Green Black Double Shipibo Serpent ,Green,Green with Double Serpent Kundalini,Double Shipibo Serpent ,doble serpent kindalini,Black,100% Cotton,Screen print,,,0,9,0,1,10,,$35,$350,Y,,,Draft,,https://drive.google.com/drive/u/0/folders/1j_cD5jCbTuYuU2n40UeTDbM32RTvSgLq,https://www.etsy.com/your/shops/me/listing-editor/edit/4518162940,,"Sacred Serpent Muscle Tank, Sacred Geometry Snake Shirt, Boho Festival Tank Top, Spiritual Yoga Clothing, Nature Inspired Sleeveless Tee","Blending symbolism, artistry, and effortless everyday comfort, this graphic muscle tank features an intricate serpent design inspired by sacred geometry, botanical forms, and the timeless relationship between transformation and nature.

At the heart of the artwork, two serpents intertwine in a flowing symmetrical composition framed by delicate leaves and geometric patterns. The design draws the eye downward through a series of repeating forms that create a sense of movement, balance, and harmony. Fine linework and detailed patterning give the illustration remarkable depth, transforming this garment into a wearable piece of art.

The serpent has long been associated with renewal, wisdom, healing, and personal evolution. Combined with sacred geometry-inspired motifs, the artwork evokes themes of interconnectedness, growth, and the cyclical rhythms found throughout the natural world. Whether worn for its symbolism or simply for its visual beauty, the design carries a thoughtful and distinctive presence.

The silhouette is relaxed and easy to wear, featuring a classic muscle tank shape with generous arm openings and a fluid drape through the body. Lightweight and breathable, it offers comfort during movement while maintaining a flattering, laid-back fit. The sleeveless cut makes it ideal for layering over a bralette, sports bra, or swimsuit, while also working beautifully beneath cardigans, kimonos, and jackets.

This tank transitions seamlessly between different lifestyles and settings. Wear it to yoga class, meditation gatherings, music festivals, outdoor markets, creative workshops, or simply as an everyday statement piece. Its versatile design pairs effortlessly with leggings, denim, linen trousers, skirts, or layered bohemian accessories.

The detailed artwork remains sophisticated and wearable, allowing it to function as both a meaningful symbolic piece and a versatile wardrobe staple. It appeals to those who appreciate nature-inspired design, sacred symbolism, spiritual artwork, and slow fashion aesthetics.

Whether purchased for yourself or given as a thoughtful gift, this tank offers a unique combination of comfort, artistry, and personal expression. It is designed for those who seek clothing that reflects creativity, intention, and connection to the natural world.

Product Details

• Relaxed muscle tank silhouette
• Sleeveless design with generous arm openings
• Lightweight and breathable feel
• Sacred serpent artwork
• Sacred geometry-inspired detailing
• Botanical leaf motifs
• Comfortable everyday fit
• Ideal for layering or standalone wear
• Suitable for yoga, festivals, travel, and casual styling
• Nature-inspired wearable art

A distinctive graphic tank that celebrates transformation, balance, and the beauty of symbolic design.","sacred serpent, snake tank top, sacred geometry, yoga clothing, boho tank top, spiritual shirt, festival clothing, nature inspired, hippie fashion, graphic muscle tank, wearable art, mystical apparel, bohemian clothing"
TOC-TANK-M-GRN-GRN-SHPB-L,TOC-TANU-GBL-SHIPI FACE,Summer,Tank Tops - Mens Green,Tank Tops,,,Unisex,Mens Tank Top,Tank Tops Unisex Green Black Shipibo Jaguar Face,Green,Green with Shipibo Jaguar,Shipibo Jaguar Face,shipibo leopard ,Black,100% Cotton,Screen print,,,0,14,4,0,18,,$35,$630,Y,,,Draft,,https://drive.google.com/drive/u/0/folders/1NUskW4a7PaY4qhgdk2zKn6rzam8F9wV8,https://www.etsy.com/your/shops/me/listing-editor/edit/4518160950,,"Shipibo Jaguar Tank Top, Sacred Geometry Sleeveless Shirt, Visionary Art Festival Top, Tribal Jaguar Graphic Tank, Boho Festival Clothing","Inspired by traditional geometric artistry and the enduring symbolism of the jaguar, this distinctive tank top blends minimalism and meaning into a wearable piece of art. Printed in deep charcoal on a soft sage-green background, the design reveals a powerful jaguar face hidden within an intricate network of flowing pathways and symmetrical forms.

At first glance, the artwork appears as an abstract geometric composition. As the eye follows the interconnected patterns, the face of the jaguar gradually emerges from within the design. This subtle visual discovery creates a captivating effect, drawing viewers closer and rewarding attention with increasing detail. The result is an artwork that feels both ancient and contemporary, balancing bold symbolism with refined simplicity.

The muted sage-green fabric gives the piece a natural, grounded quality that pairs beautifully with the geometric linework. The earthy color palette evokes forests, moss-covered landscapes, and connection to the natural world, making it especially appealing to those drawn to nature-inspired clothing and conscious design.

The sleeveless silhouette is relaxed and comfortable, offering freedom of movement and effortless versatility. With a soft scoop neckline and generous arm openings, the tank is ideal for warm-weather wear, layering, travel, yoga practice, outdoor gatherings, and festival adventures. The easy fit creates a laid-back aesthetic while maintaining a clean and intentional appearance.

The jaguar has long been regarded as a symbol of strength, intuition, courage, and protection. In many indigenous traditions, it represents mastery of both the physical and spiritual worlds. Combined with the labyrinth-like pattern work of the design, the imagery suggests hidden wisdom, interconnectedness, and the unseen structures that shape our lives.

Unlike brightly colored festival graphics, this artwork embraces a more understated approach. The monochromatic print allows the complexity of the pattern to shine while maintaining a sophisticated and versatile look. It is a piece that can easily transition from a festival setting to everyday wear without losing its artistic character.

Whether worn while exploring new places, attending conscious gatherings, spending time in nature, or simply expressing your appreciation for symbolic art, this tank offers a unique combination of comfort, creativity, and meaning. The design invites curiosity while remaining timeless and easy to wear.

Created for artists, travelers, free spirits, and lovers of visionary design, this tank top celebrates the beauty of pattern, symbolism, and self-expression through thoughtful wearable art.

Product Details

• Color: Sage green / moss green
• Style: Sleeveless tank top
• Fit: Relaxed fit
• Neckline: Scoop neckline
• Graphic: Geometric jaguar artwork
• Print Color: Deep charcoal / black
• Aesthetic: Sacred geometry, visionary art, tribal inspired, bohemian, festival fashion
• Suitable For: Festivals, yoga, travel, outdoor events, casual wear, gifting
• Lightweight and easy to layer
• Unisex styling","shipibo art, jaguar tank top, sacred geometry, visionary art shirt, festival clothing, tribal graphic tee, boho tank top, conscious clothing, geometric animal, spiritual clothing, jaguar artwork, burning man outfit, festival fashion"
TOC-TANK-M-GRN-GRN-SHPB-M,TOC-TANU-GBL-JAGUAWLING,Summer,Tank Tops - Mens Green,Tank Tops,,,Unisex,Mens Tank Top,Tank Tops Unisex Green Black Jaguar Prowling,Green,Green with Shipibo Leopard Prowling,Jaguar Prowling,shipibo jaguar,Black,100% Cotton,Screen print,,,0,5,0,0,5,,$35,$175,Y,,,Draft,,https://drive.google.com/drive/u/0/folders/157jG9lDtQRyX_Iu6E-q1LMDNdmk6cohN,https://www.etsy.com/your/shops/me/listing-editor/edit/4521437551,,"Psychedelic Jaguar Tank Top, Sacred Geometry Jaguar Shirt, Olive Green Festival Tank, Boho Graphic Muscle Tee, Nature Inspired Unisex Top","Channel confidence, intuition, and connection to the wild with this olive green jaguar graphic tank top featuring an intricate sacred geometry-inspired design. Combining the power of one of the rainforest's most revered animals with mesmerizing geometric linework, this wearable art piece brings together nature, symbolism, and contemporary bohemian style.

At the heart of the design is a striking jaguar face, illustrated through flowing labyrinth-like patterns and detailed black linework. The artwork merges organic forms with geometric symmetry, creating a captivating visual experience that reveals new details with every glance. The jaguar's focused gaze radiates strength and awareness, while the surrounding patterns evoke movement, mystery, and connection to the natural world.

The earthy olive green fabric provides a versatile backdrop that complements the bold black artwork. This muted, nature-inspired tone makes the tank easy to pair with denim, shorts, leggings, linen pants, festival wear, or layered outfits throughout the year. The result is a statement piece that remains wearable and effortlessly integrated into a wide range of personal styles.

Designed with comfort in mind, the tank features a relaxed silhouette and generously cut arm openings that encourage airflow and freedom of movement. The longer length offers versatile styling possibilities, whether worn loose and flowing, knotted at the waist, layered over activewear, or paired with fitted bottoms for balance. Lightweight and easy to wear, it transitions seamlessly from yoga practice and outdoor adventures to music festivals, travel, and everyday casual dressing.

Inspired by the jaguar's symbolism of courage, intuition, protection, and spiritual power, this design appeals to those who appreciate meaningful artwork and expressive fashion. The combination of wildlife imagery and geometric patterning creates a modern bohemian aesthetic that feels artistic, grounded, and distinctive.

Whether you're drawn to jungle wildlife, visionary art, sacred geometry, or nature-inspired clothing, this tank offers a unique way to express your personal style while celebrating one of nature's most powerful creatures.

Product Details

• Olive green sleeveless tank top
• Intricate jaguar graphic artwork
• Sacred geometry inspired design elements
• Relaxed unisex-inspired fit
• Deep arm openings for comfort and movement
• Lightweight everyday wear silhouette
• Soft and breathable appearance
• Suitable for festivals, yoga, travel, casual wear, and layering
• Nature-inspired artistic aesthetic
• Easy-to-style earth-tone color

Perfect for festival lovers, yoga enthusiasts, wildlife admirers, artists, travelers, and anyone who appreciates symbolic wearable art inspired by nature and ancient design traditions.","jaguar tank top, sacred geometry, psychedelic jaguar, festival clothing, boho tank top, jaguar graphic tee, mens festival top, womens tank top, visionary art shirt, nature inspired, olive green tank, spiritual clothing, wearable art top"
TOC-TANK-M-GRN-GRN-STG-L,TOC-TANU-GBL-STAGSTAG,Summer,Tank Tops - Mens Green,Tank Tops,,,Unisex,Mens Tank Top,Tank Tops Unisex Green Black Stag,Green,Green with Stag,Stag,stag' deer peyote fractal,Black,100% Cotton,Screen print,,,0,0,4,1,5,,$35,$175,Y,,,Draft,,https://drive.google.com/drive/u/0/folders/1Eeo4IoF1Vfe5d2YqhSXFU7fAuSjO9GCC,https://www.etsy.com/your/shops/me/listing-editor/edit/4518078709,,"Boho Deer Muscle Tank, Sacred Geometry Festival Top, Woodland Spirit Graphic Tank, Olive Green Sleeveless Shirt, Nature Inspired Bohemian Clothing","Inspired by the quiet beauty of the forest and the harmony of geometric design, this sleeveless graphic tank features an intricate deer illustration framed within layered sacred geometry motifs. The artwork is printed in a deep indigo tone against a soft heathered olive-green fabric, creating a balanced and earthy aesthetic that feels both contemporary and timeless.

At the center of the design is a majestic stag adorned with geometric detailing and surrounded by repeating triangular patterns. The composition blends natural symbolism with structured design elements, creating a piece that feels artistic, intentional, and visually striking. The result is a wearable work of art that appeals to lovers of nature, festival fashion, yoga culture, and modern bohemian style.

The relaxed muscle tank silhouette offers an easy drape and comfortable fit, making it ideal for warm-weather wear or year-round layering. Generous arm openings provide freedom of movement while maintaining a flattering shape that works well with a variety of body types. Whether styled casually or incorporated into a more expressive wardrobe, this tank transitions effortlessly between everyday wear and special occasions.

The muted olive-green fabric evokes natural landscapes and complements the woodland-inspired imagery beautifully. Combined with the intricate navy graphic, the color palette feels grounded, versatile, and easy to style with denim, leggings, linen pants, or layered festival attire.

Perfect for outdoor adventures, yoga practice, music festivals, travel, camping trips, farmers markets, or everyday casual wear, this piece combines comfort and artistic expression in a way that feels authentic and effortless. The deer motif symbolizes intuition, gentleness, strength, and connection to nature, while the sacred geometry elements introduce a sense of balance and symmetry that gives the artwork additional visual depth.

This tank is an excellent choice for anyone drawn to bohemian aesthetics, nature-inspired design, wildlife symbolism, geometric artwork, and artisan graphic apparel. It also makes a thoughtful gift for hikers, yogis, festival-goers, wildlife enthusiasts, and those who appreciate meaningful and distinctive clothing.

The artwork is bold enough to make a statement while remaining versatile enough for daily wear. The intricate line work and layered geometric forms create visual interest without overwhelming the overall design, allowing the tank to feel unique while remaining highly wearable.

Product Details
Sleeveless muscle tank style
Soft heathered olive green color
Indigo geometric deer graphic print
Relaxed, comfortable fit
Lightweight and breathable feel
Sacred geometry and woodland-inspired artwork
Suitable for layering or standalone wear
Ideal for festivals, yoga, travel, outdoor adventures, and everyday styling
Bohemian, nature-inspired aesthetic
Styling Ideas

Pair with leggings and sandals for a relaxed yoga-inspired outfit, wear with distressed denim and boots for an earthy festival look, or layer beneath a cardigan or flannel during cooler seasons. The natural color palette makes this tank easy to integrate into a capsule wardrobe while the detailed artwork provides a distinctive focal point.","deer tank top, sacred geometry, boho tank top, festival clothing, woodland shirt, olive green tank, geometric deer, yoga clothing, nature lover gift, hippie tank top, spiritual clothing, sleeveless graphic, bohemian fashion"
TOC-TANK-M-GRN-GRN-BLU-L,TOC-TANHU-GBL-EAGLEEYOTE,Summer,Tank Tops - Mens Green,Tank Tops,Hoody,,Unisex,Mens Tank Top with Hoody,Tank Tops Unisex Green Blue Eagle Peyote,Green,Green with Blue Eagle Peyote,Eagle Peyote,hoody blue eagle peyote,Blue,100% Cotton,Screen print,,,0,0,1,0,1,,$40,$40,Y,,,Draft,,https://drive.google.com/drive/u/0/folders/118-Vs1MX8vRgcL9g1k3L9G5df8kSWYTv,https://www.etsy.com/your/shops/me/listing-editor/edit/4518100412,,Olive Green Hooded Tank Top with Eagle Graphic | Boho Festival Shirt | Sleeveless Graphic Hoodie | Tribal Art Tank | Yoga Clothing,"Make a statement with this distinctive olive green hooded tank top featuring a striking illustrated eagle graphic framed by intricate geometric and nature-inspired elements. Combining the comfort of a relaxed sleeveless silhouette with the visual impact of wearable art, this piece offers an effortless blend of bohemian, festival, and contemporary casual style.

The soft heathered olive green fabric creates a versatile earthy backdrop for the detailed front artwork. At the center, a majestic eagle spreads its wings above a layered composition of organic motifs, geometric patterns, and symbolic design elements. The artwork brings together natural imagery and artistic detail, creating a garment that feels expressive, creative, and unique.

Designed with a relaxed fit, this sleeveless tank allows for easy movement and comfortable everyday wear. The hood adds an unexpected touch, giving the piece a laid-back, adventurous character that works well across a variety of settings and seasons. Wear it on warm summer days with shorts and sandals, layer it over leggings for yoga and movement practices, or pair it with denim and boots for a casual festival-inspired look.

The open armholes and lightweight feel make it ideal for active lifestyles, outdoor gatherings, travel, and everyday comfort. Whether you're spending the day at a music festival, exploring nature, practicing yoga, or simply expressing your personal style, this tank offers both comfort and visual interest.

The earthy color palette makes it easy to coordinate with a wide range of wardrobe staples while the detailed graphic serves as a natural focal point. Its combination of artistic imagery and practical wearability makes it a versatile addition to any bohemian, alternative, or nature-inspired wardrobe.

This piece is ideal for those who appreciate unique graphic apparel, symbolic artwork, and clothing that reflects creativity and individuality. The relaxed shape provides an easy, comfortable fit while the hooded design adds extra personality and style.

Product Details
Color: Heathered olive green
Style: Hooded sleeveless tank top
Relaxed fit
Lightweight knit fabric
Large front eagle graphic artwork
Open armhole design
Casual, bohemian, festival-inspired aesthetic
Suitable for layering
Comfortable everyday wear

Perfect For:

Festival fashion
Bohemian style
Yoga and wellness lifestyles
Nature lovers
Artistic wardrobes
Casual everyday outfits
Travel and outdoor adventures
Unique graphic apparel collectors

With its earthy color, comfortable fit, and captivating artwork, this hooded tank top offers a balance of comfort, individuality, and artistic expression that stands out while remaining easy to wear.","hooded tank top, eagle graphic tank, boho festival top, sleeveless hoodie, olive green tank, tribal art shirt, yoga tank top, festival clothing, bohemian apparel, graphic tank top, nature inspired top, womens casual top, artistic clothing"
TOC-TANK-W-DRK-BLK-MED-OS,TOC-TANW-BCO-MEDITLOTUS,Summer,Tank Tops - Womens Grey/Black,Tank Tops,,,Womens,Womens Tank Top,Tank Tops Womens Black Colored Meditating Lotus,Black,Black with Meditating Lotus,Meditating Lotus,,Colored,100% Cotton Screen Printed,,OS,1,,,,,1,,$30,$30,,SI HAY FOTO,,Not Started,,,,,,,
TOC-TANK-W-DRK-BLK-MOR-OS,TOC-TANW-BCO-MORNIHAMAN,Summer,Tank Tops - Womens Grey/Black,Tank Tops,,,Womens,Womens Tank Top,Tank Tops Womens Black Colored Morning Glory Shaman,Black,Black with Morning Glory Shaman,Morning Glory Shaman,,Colored,100% Cotton Screen Printed,,OS,1,,,,,1,,$30,$30,,NO EXISTE,,Not Started,,,,,,,
TOC-TANK-W-DRK-BLK-GRN-OS,TOC-TANHW-BGR-JAGUAWOMAN,Summer,Tank Tops - Womens Grey/Black,Tank Tops,Hoody,,Womens,Womens Tank Top with Hoody,Tank Tops Womens Black Green Jaguar Woman,Black,Black with Green Jaguar Woman,Jaguar Woman,hoody color green jaguar woman,Green,100% Cotton,Screen print,OS,3,,,,,3,,$35,$105,Y,,,Draft,,https://drive.google.com/drive/u/0/folders/1f-xZxVYg_vzBWUV_XB-nf_qSZF8OoFjg,https://www.etsy.com/your/shops/me/listing-editor/edit/4518105012,,"Sacred Feminine Crop Hoodie, Visionary Art Festival Top, Goddess Meditation Shirt, Psychedelic Yoga Clothing, Jaguar Spirit Sleeveless Hooded Tank","Infused with symbolism, mystery, and vibrant visionary artwork, this sleeveless crop hoodie is designed for those who feel connected to nature, intuition, and creative self-expression. Featuring a sacred feminine figure surrounded by botanical elements and framed by the watchful eyes of a jaguar spirit, this unique piece blends contemporary style with meaningful artistic storytelling.

At the center of the design is a serene feminine figure seated in a moment of stillness and contemplation. Rendered in luminous shades of turquoise, jade, and emerald, she appears surrounded by flourishing plant life and radiant natural energy. Above her, piercing jaguar eyes emerge from the darkness, creating a powerful visual connection between inner wisdom and primal strength.

The jaguar has long been honored throughout indigenous traditions as a guardian of transformation, intuition, courage, and spiritual awareness. Its presence within the artwork symbolizes protection and the ability to navigate both the visible and unseen worlds. Combined with the peaceful feminine figure below, the composition creates a balance between power and grace, instinct and reflection.

The rich color palette includes vibrant greens, blues, violets, gold, and soft botanical tones that stand out beautifully against the deep black fabric. Intricate details reveal themselves gradually, drawing the eye into the artwork and encouraging deeper appreciation of its layered symbolism.

The sleeveless crop hoodie silhouette offers a modern, relaxed fit designed for comfort and versatility. The cropped length pairs effortlessly with high-waisted leggings, flowing skirts, denim, or festival wear, while the soft hood adds a subtle bohemian and contemporary edge. Lightweight and easy to layer, it transitions seamlessly from yoga classes and meditation retreats to festivals, travel adventures, and everyday wear.

This piece is ideal for those who appreciate visionary art, sacred feminine imagery, nature-inspired design, and clothing that carries a sense of story and meaning. Whether worn as a statement piece or integrated into a conscious lifestyle wardrobe, it offers a unique blend of comfort and artistic expression.

The artwork evokes themes of intuition, connection to nature, personal transformation, and feminine strength. Every detail contributes to a visual narrative that feels both grounded and dreamlike, creating a garment that is as inspiring as it is wearable.

Perfect for artists, yogis, healers, travelers, festival lovers, and anyone drawn to symbolic and imaginative design, this crop hoodie serves as a wearable canvas celebrating creativity, inner wisdom, and connection to the natural world.

Product Details

• Color: Black
• Style: Sleeveless crop hoodie
• Relaxed cropped silhouette
• Soft hooded neckline
• Lightweight and comfortable fit
• Sacred feminine and jaguar spirit artwork
• Vibrant multicolor visionary art print
• Ideal for yoga, festivals, travel, and everyday wear
• Easy to pair with leggings, skirts, shorts, or denim
• Bohemian, spiritual, and artistic aesthetic","sacred feminine, goddess shirt, crop hoodie, visionary art, jaguar spirit, festival clothing, yoga crop top, spiritual clothing, meditation wear, psychedelic art, boho festival top, sleeveless hoodie, plant spirit art"
TOC-TANK-W-DRK-BLK-MED-OS,TOC-TANHW-BCO-MEDITLOTUS,Summer,Tank Tops - Womens Grey/Black,Tank Tops,Hoody,,Womens,Womens Tank Top with Hoody,Tank Tops Womens Black Colored Meditating Lotus,Black,Black with Meditating Lotus,Meditating Lotus,meditating lotus ,Colored,100% Cotton,Screen print,OS,2,,,,,2,,$35,$70,Y,,,Draft,,https://drive.google.com/drive/u/0/folders/10wye2y7ykHyiuPNy6QfTrHEvlW_X8sNf,https://www.etsy.com/your/shops/me/listing-editor/edit/4518105882#media,,"Meditation Lotus Crop Hoodie Tank, Spiritual Yoga Top, Sacred Geometry Festival Shirt, Visionary Art Sleeveless Hoodie, Boho Meditation Clothing","Designed for movement, mindfulness, and self-expression, this sleeveless crop hoodie combines contemporary comfort with visionary artwork inspired by meditation, sacred geometry, and inner stillness. Featuring a vibrant central figure seated in meditation above a radiant purple lotus blossom, this piece offers a distinctive blend of artistic detail and relaxed everyday wear.

The artwork draws the eye immediately. Intricate geometric patterns frame a luminous meditative figure whose form is woven from botanical-inspired shapes, flowing symmetry, and vibrant color. The design rises from a blooming lotus rendered in rich shades of violet and lavender, creating a visual composition that feels balanced, intentional, and uplifting.

The lotus has long been associated with growth, awakening, and transformation. Emerging from still waters to bloom in full beauty, it serves as a powerful symbol of resilience and expansion. Combined with the seated figure and geometric backdrop, the artwork creates a visual reminder of grounding, awareness, and personal evolution.

The color palette is both bold and harmonious. Layers of purple, turquoise, coral, gold, blue, and green create dimension and movement while standing beautifully against the deep black fabric. The result is a striking piece that feels equally at home in a yoga studio, at a music festival, during travel, or as part of an everyday wardrobe.

The silhouette features a modern cropped length paired with a relaxed sleeveless cut and soft draped hood. The cropped fit offers a contemporary shape while maintaining ease of movement and comfort. The hood adds a subtle layer of style and versatility, creating an effortlessly relaxed look that can be dressed up or down.

Wear it with high-waisted leggings for yoga practice, pair it with flowing skirts for festival gatherings, or style it with denim and layered jewelry for everyday wear. The versatile design transitions seamlessly from active moments to creative spaces, offering both comfort and visual impact.

For those drawn to meditation, yoga, sacred symbolism, visionary art, and intentional living, this top offers more than a graphic design—it becomes a wearable expression of creativity and consciousness. The intricate illustration invites closer inspection, revealing new details each time it is worn while maintaining a clean and balanced overall aesthetic.

Whether you're searching for meaningful festival clothing, unique yoga apparel, or an artistic statement piece, this sleeveless crop hoodie brings together comfort, symbolism, and contemporary style in a truly distinctive design.

Product Details

• Color: Black
• Style: Sleeveless crop hoodie
• Fit: Relaxed cropped silhouette
• Hooded neckline
• Lightweight and comfortable feel
• Features meditating figure and lotus artwork
• Sacred geometry inspired design
• Vibrant multicolor print
• Suitable for yoga, festivals, travel, and everyday wear
• Easy to layer with leggings, skirts, shorts, or denim
• Artistic and spiritually inspired aesthetic","meditation shirt, lotus hoodie, yoga crop top, festival clothing, sacred geometry, spiritual clothing, visionary art top, sleeveless hoodie, boho yoga wear, psychedelic art, lotus flower top, mindfulness gift, festival top"
TOC-TANK-W-DRK-BLK-MOR-OS,TOC-TANHW-BCO-MORNIHAMAN,Summer,Tank Tops - Womens Grey/Black,Tank Tops,Hoody,,Womens,Womens Tank Top with Hoody,Tank Tops Womens Black Colored Morning Glory Shaman,Black,Black with Morning Glory Shaman,Morning Glory Shaman,black hoody color morning slay shana,Colored,100% Cotton,Screen print,OS,1,,,,,1,,$35,$35,Y,,,Draft,,https://drive.google.com/drive/u/0/folders/1GAb55BDkfXO3n23dH5VdCsTYkzMbxrYu,https://www.etsy.com/your/shops/me/listing-editor/edit/4518108635,,"Jaguar Spirit Crop Hoodie Tank, Visionary Art Festival Top, Sacred Feminine Shirt, Psychedelic Yoga Clothing, Boho Sleeveless Hooded Crop Top","Bold, expressive, and rich with symbolic detail, this sleeveless crop hoodie is designed for those drawn to visionary art, sacred nature, and creative self-expression. Featuring a striking jaguar spirit illustration layered with botanical elements, ceremonial motifs, and vibrant color, this piece brings together contemporary style and artistic storytelling in a wearable form.

At the center of the design is a powerful jaguar emerging above a serene feminine figure, creating a visual composition that balances strength and intuition. The jaguar has long been revered in indigenous traditions throughout the Americas as a symbol of courage, protection, awareness, and connection to the natural world. Beneath its watchful gaze rests a calm figure surrounded by flowing leaves, feathers, and organic forms that evoke harmony between human consciousness and the living landscape.

The artwork is rendered in an energetic palette of vivid orange, violet, lavender, green, turquoise, and gold. Bright botanical details radiate outward from the central image, creating movement and depth while maintaining a balanced and intentional composition. Set against a deep black background, the colors feel luminous and alive, making the artwork stand out beautifully.

The garment itself features a relaxed cropped silhouette with a soft hood and sleeveless design. The cut is easy to wear and comfortable, allowing for unrestricted movement whether you're practicing yoga, dancing at a festival, traveling, or simply enjoying a relaxed day outdoors. The cropped length pairs naturally with high-waisted leggings, skirts, shorts, or denim, creating a versatile piece that transitions effortlessly between active and casual settings.

The hood adds an additional layer of style and functionality, giving the piece a contemporary festival-inspired aesthetic while maintaining a clean and wearable silhouette. The lightweight feel makes it suitable for layering throughout the seasons.

This design speaks to those who appreciate visionary artwork, sacred symbolism, nature-inspired fashion, and meaningful design. The combination of animal imagery, botanical elements, and feminine energy creates a visual narrative that feels both grounded and imaginative. Every glance reveals another detail, inviting curiosity and connection.

Whether worn as yoga apparel, festival clothing, meditation wear, or simply as a unique artistic statement, this crop hoodie offers a distinctive alternative to conventional graphic tops. It is designed for individuals who value creativity, symbolism, and clothing that reflects their personal aesthetic.

Perfect for gifting to artists, yogis, travelers, nature lovers, and anyone drawn to sacred and visionary imagery, this piece brings together comfort, artistry, and contemporary style in one memorable garment.

Product Details

• Color: Black
• Style: Sleeveless crop hoodie
• Relaxed fit with cropped length
• Soft hooded neckline
• Lightweight and comfortable feel
• Features jaguar spirit and sacred feminine artwork
• Vibrant multicolor visionary art print
• Suitable for yoga, festivals, travel, and everyday wear
• Easy to layer with leggings, skirts, shorts, or denim
• Contemporary bohemian aesthetic","jaguar shirt, jaguar spirit, crop hoodie, festival clothing, visionary art, sacred feminine, yoga crop top, psychedelic shirt, boho festival top, sleeveless hoodie, spiritual clothing, plant spirit art, meditation wear"
TOC-TANK-W-DRK-BLK-SHPB-OS,TOC-TANHW-BCO-LEOPARPENT,Summer,Tank Tops - Womens Grey/Black,Tank Tops,Hoody,,Womens,Womens Tank Top with Hoody,Tank Tops Womens Black Colored Leopard Face Serpent,Black,Black with Shipibo Leopard,Leopard Face Serpent,hoody shipibo leopard ,Colored,100% Cotton,Screen print,OS,2,,,,,2,,$35,$70,Y,,,Draft,,https://drive.google.com/drive/u/0/folders/1x3vMM00xUhNWSsMufYimnrkn7mrMjUaE,https://www.etsy.com/your/shops/me/listing-editor/edit/4519199805,,Leopard Hooded Crop Top | Psychedelic Leopard Tank | Sleeveless Hoodie Crop Top | Festival Clothing | Visionary Art Shirt | Boho Yoga Top | Leopard Graphic Tank,"Make a statement with this striking hooded crop top featuring a vibrant leopard illustration infused with visionary art, botanical motifs, and geometric detailing. Designed for those who appreciate wearable art, this sleeveless hoodie blends bold imagery with a comfortable, versatile silhouette that moves effortlessly between everyday wear, yoga practice, festivals, and creative adventures.

Crafted in a deep black fabric, the artwork becomes the focal point of the garment. The leopard's intense gaze is framed by colorful floral elements and intricate geometric patterns, creating a layered composition rich with visual texture. A winding serpent weaves through the design, adding movement and symbolism while complementing the vivid color palette of blues, golds, oranges, greens, and purples.

The silhouette features a relaxed cropped fit with an attached hood and sleeveless cut. The cropped length pairs easily with high-waisted leggings, yoga pants, skirts, shorts, or denim, while the hood adds an unexpected touch that gives the piece a modern, elevated edge. The arm openings are comfortably cut for ease of movement, making it suitable for active lifestyles as well as casual everyday styling.

Whether worn for a yoga class, music festival, outdoor gathering, travel adventure, or simply as an artistic statement piece, this top offers a distinctive balance between comfort and self-expression. The vivid leopard artwork creates a bold focal point while the black background keeps the overall look versatile and easy to style.

This piece appeals to lovers of visionary art, sacred geometry aesthetics, psychedelic design, nature-inspired imagery, jungle themes, and contemporary bohemian fashion. The detailed illustration invites closer inspection, revealing layers of color and pattern that make the garment feel unique and expressive.

Style it beneath a kimono, pair it with flowing festival layers, or wear it simply with leggings and sandals for an effortless look. The relaxed shape and eye-catching artwork make it an easy choice for those seeking clothing that feels both artistic and wearable.

Product Details

• Sleeveless hooded crop top
• Deep black colorway
• Vibrant leopard graphic artwork
• Botanical and geometric design elements
• Cropped length
• Relaxed fit
• Lightweight and comfortable for layering
• Suitable for yoga, festivals, travel, casual wear, and everyday styling
• Visionary art inspired design
• Pullover style

The combination of the powerful leopard imagery, intricate detailing, and comfortable silhouette creates a garment that feels expressive, creative, and easy to wear throughout the seasons.","Leopard crop top, hooded crop top, leopard tank top, sleeveless hoodie, festival clothing, visionary art, psychedelic shirt, boho yoga top, leopard graphic, sacred geometry, wearable art, jungle clothing, bohemian fashion"
TOC-TANK-W-DRK-GRY-SRP-OS,TOC-TANHW-GCO-DOUBLRPENT,Summer,Tank Tops - Womens Grey/Black,Tank Tops,Hoody,,Womens,Womens Tank Top with Hoody,Tank Tops Womens Grey Colored Double Shipibo Serpent,Grey,Grey with Colored Double Serpent,Double Shipibo Serpent,hoody grey colored double serpent ,Colored,100% Cotton,Screen print,OS,3,,,,,3,,$35,$105,Y,,,Draft,,https://drive.google.com/drive/u/0/folders/1LjljvOaN6qECEuenW790f9V2RFcv80Dt,https://www.etsy.com/your/shops/me/listing-editor/edit/4519202145,,"Sacred Snake Crop Hoodie, Serpent Spirit Tank Top, Sacred Geometry Crop Top, Kundalini Yoga Shirt, Visionary Art Festival Hoodie, Spiritual Boho Top","Elegant, symbolic, and quietly powerful, this sleeveless crop hoodie features an intricate serpent design inspired by sacred geometry, nature, and ancient symbolism. Rendered in soft, flowing lines, the artwork centers around two intertwined snakes framed by botanical elements and geometric motifs, creating a balanced composition that feels both grounded and transformative.

The serpent has long been a symbol of renewal, wisdom, healing, and personal evolution across cultures throughout the world. In yogic traditions, the coiled serpent is often associated with Kundalini energy—the dormant life force said to rest at the base of the spine and awaken through spiritual practice, self-discovery, and transformation. This artwork captures that sense of movement and awakening through a graceful mirrored design that feels both meditative and visually striking.

Set against a deep charcoal background, the soft silver-grey serpent design is accented with subtle touches of green foliage and geometric detailing. The restrained color palette gives the garment a sophisticated aesthetic while allowing the symbolic imagery to remain the focal point. The result is a piece that feels intentional, artistic, and versatile enough for everyday wear.

The silhouette combines comfort and style through a sleeveless cropped cut and softly draped hood. Lightweight and easy to layer, it pairs beautifully with leggings, yoga wear, skirts, denim, or festival outfits. The cropped length creates a flattering shape while maintaining freedom of movement, making it equally suited for active days, creative pursuits, and relaxed evenings.

This design appeals to those drawn to sacred geometry, yoga philosophy, plant symbolism, visionary art, and meaningful wearable artwork. The mirrored snakes and geometric forms create a sense of balance and harmony, making this piece especially attractive to those who appreciate symbolic clothing with a deeper story.

Whether worn to yoga class, meditation retreats, music festivals, nature gatherings, or as part of an intentional everyday wardrobe, this crop hoodie offers a distinctive expression of personal style. The artwork invites reflection while maintaining a clean and contemporary aesthetic that complements a wide range of looks.

Designed for those who appreciate both comfort and symbolism, this piece serves as a reminder of transformation, resilience, wisdom, and growth. It is wearable art that feels as meaningful as it is beautiful.

Product Details

• Color: Charcoal black
• Style: Sleeveless crop hoodie
• Relaxed cropped silhouette
• Soft draped hood
• Sacred serpent artwork
• Sacred geometry inspired design
• Botanical accents and nature-inspired details
• Lightweight and comfortable for layering
• Ideal for yoga, festivals, meditation, travel, and everyday wear
• Artistic bohemian aesthetic","snake shirt, serpent top, sacred geometry, kundalini shirt, crop hoodie, yoga clothing, spiritual clothing, visionary art, boho crop top, festival clothing, snake symbolism, meditation shirt, sacred serpent"
TOC-TANK-W-LIL-LIL-LEP-OS,TOC-TANW-LCO-LEOPAARING,Summer,Tank Tops - Womens Lilac,Tank Tops,,,Womens,Womens Tank Top,Tank Tops Womens Lilac Colored Leopard Roaring,Lilac,Lilac with Leopard,Leopard Roaring,leopard ,Colored,100% Cotton,Screen print,OS,1,,,,,1,,$30,$30,Y,,,Draft,,https://drive.google.com/drive/u/0/folders/1j0zidQRluaN4TLywJQbLPneyYZU-CTOR,https://www.etsy.com/your/shops/me/listing-editor/edit/4518222136,,Leopard Spirit Tank Top | Lavender Graphic Tank | Jaguar Animal Totem Shirt | Boho Festival Clothing | Tribal Art Tank | Women's Sleeveless Top,"Expressive artwork meets effortless everyday comfort in this Leopard Spirit Tank Top, featuring a striking jaguar-inspired illustration set against a soft lavender backdrop. Designed for free spirits, nature lovers, and those drawn to meaningful symbolism, this sleeveless top blends artistic detail with an easy-to-wear silhouette.

At the center of the design is a powerful leopard face surrounded by intricate geometric patterns, hummingbirds, botanical elements, and mirrored human profiles. The composition creates a visually layered piece that feels both contemporary and deeply connected to themes of nature, intuition, transformation, and personal strength.

The soft lavender color offers a gentle, earthy alternative to traditional neutrals while allowing the vibrant artwork to stand out beautifully. Rich accents of coral, green, blue, yellow, and black bring depth and movement to the design, creating a garment that feels equally at home at festivals, yoga retreats, creative gatherings, travel adventures, or everyday wear.

Crafted from a lightweight knit fabric with a soft hand feel, this tank drapes comfortably against the body without feeling restrictive. The sleeveless cut provides freedom of movement while the relaxed silhouette creates a flattering fit that works beautifully on its own or layered beneath jackets, kimonos, cardigans, and wraps.

The leopard has long been associated with confidence, adaptability, courage, and instinct. Combined with hummingbirds, symbolic faces, and decorative motifs, the artwork creates a wearable statement piece that invites curiosity and conversation. Whether you're drawn to the symbolism or simply love distinctive artistic clothing, this tank offers a unique alternative to mass-produced graphic apparel.

Its versatile shape makes styling effortless. Pair it with leggings for yoga and movement practices, tuck it into high-waisted jeans for a casual everyday outfit, or wear it with flowing skirts and layered jewelry for a more expressive bohemian aesthetic.

Designed for comfort while celebrating artistic expression, this tank balances practicality and visual impact. The result is a garment that feels easy to wear while still making a memorable impression.

Product Details

• Sleeveless tank top
• Soft lavender color
• Leopard spirit graphic artwork
• Relaxed, comfortable fit
• Lightweight knit fabric
• Scoop neckline
• Straight hem
• Easy layering piece
• Suitable for casual wear, festivals, travel, and yoga
• Artistic nature-inspired design

Style Inspiration

This tank pairs beautifully with natural fibers, denim, leggings, linen pants, and handcrafted accessories. The soft lavender tone complements both neutral and colorful wardrobes, while the detailed artwork adds a distinctive artistic focal point to any outfit.

Perfect for animal lovers, bohemian wardrobes, festival fashion enthusiasts, yoga practitioners, and anyone who appreciates wearable art inspired by the natural world.","leopard tank top, jaguar graphic shirt, lavender tank top, boho festival wear, spirit animal shirt, tribal art clothing, womens graphic tank, bohemian top, yoga tank top, hummingbird shirt, animal totem top, artistic tank top, nature inspired top"
TOC-TANK-W-LIL-LIL-OWL-OS,TOC-TANW-LCO-OWLOWL,Summer,Tank Tops - Womens Lilac,Tank Tops,,,Womens,Womens Tank Top,Tank Tops Womens Lilac Colored Owl,Lilac,Lilac with Owl,Owl,owl hummingbird ,Colored,100% Cotton,Screen print,OS,2,,,,,2,,$30,$60,Y,,,Draft,,https://drive.google.com/drive/u/0/folders/1MjnyzM2AER9VupDMSgT9Jew6XssD2pYN,https://www.etsy.com/your/shops/me/listing-editor/edit/4518220644,,Owl Spirit Tank Top | Hummingbird Graphic Tank | Lavender Boho Shirt | Animal Spirit Sleeveless Top | Festival Clothing | Nature Inspired Apparel,"Soft, expressive, and rich with symbolic imagery, this Owl Spirit Tank Top brings together vibrant artwork and everyday comfort in a piece designed for nature lovers, creatives, and free spirits alike. Featuring a striking owl and hummingbird illustration framed by intricate geometric motifs, this sleeveless top offers a unique blend of contemporary design and nature-inspired storytelling.

Set against a soft lavender backdrop, the artwork showcases a watchful owl beneath a brilliantly colored hummingbird in flight. The composition is accented by ornamental patterns, botanical elements, and vivid jewel tones that create a captivating focal point while maintaining an elegant, wearable feel.

The owl has long been associated with wisdom, intuition, insight, and inner knowing, while the hummingbird symbolizes joy, resilience, lightness, and presence. Together they create a meaningful visual narrative that speaks to balance, awareness, and connection with the natural world.

Crafted from a lightweight knit fabric with a soft, comfortable hand feel, this tank is designed for effortless wear throughout the seasons. The relaxed silhouette skims the body without feeling restrictive, while the sleeveless cut allows for freedom of movement and easy layering. Whether paired with leggings for yoga, denim for everyday adventures, or flowing skirts for festival season, this versatile top transitions seamlessly between settings.

The gentle lavender tone adds a calming, feminine quality to the garment while allowing the vibrant artwork to stand out beautifully. Shades of emerald, turquoise, coral, magenta, yellow, and violet create depth and dimension within the illustration, making each detail feel alive with color and movement.

Designed for those who appreciate wearable art, this tank offers more than a simple graphic print. It becomes a conversation piece, a reflection of personal style, and a celebration of the beauty found in nature and symbolism.

Perfect for festivals, travel, yoga practice, casual gatherings, creative workspaces, or simply adding an artistic touch to your everyday wardrobe, this tank combines comfort and visual impact in equal measure.

Product Details

• Sleeveless tank top
• Soft lavender color
• Owl and hummingbird graphic artwork
• Lightweight knit fabric
• Relaxed silhouette
• Scoop neckline
• Comfortable everyday fit
• Nature-inspired design
• Easy layering piece
• Suitable for casual wear, festivals, travel, and yoga

Styling Inspiration

Pair with linen pants, leggings, denim, or flowing skirts for an effortless bohemian aesthetic. Layer with a cardigan, kimono, or lightweight jacket during cooler months. The soft lavender tone complements neutral wardrobes while adding a subtle touch of color and personality.

A beautiful choice for owl lovers, bird enthusiasts, spiritual seekers, festival-goers, and anyone drawn to artistic clothing inspired by the natural world.","owl tank top, hummingbird shirt, lavender tank top, boho festival wear, spirit animal shirt, owl graphic tank, bird lover gift, womens graphic top, yoga tank top, nature inspired shirt, bohemian clothing, festival tank top, wearable art top"
TOC-TANK-W-LIL-LIL-SHPB-OS,TOC-TANHW-LRE-SHIPI FACE,Summer,Tank Tops - Womens Lilac,Tank Tops,Hoody,,Womens,Womens Tank Top with Hoody,Tank Tops Womens Lilac Red Shipibo Jaguar Face,Lilac,Lilac with Shipibo Jaguar,Shipibo Jaguar Face,hoody with shipibo leopard -os,Red,100% Cotton,Screen print,OS,2,,,,,2,,$35,$70,Y,,,Draft,,https://drive.google.com/drive/u/0/folders/1-YIEITSFIkorwTh3v7k0b0SEs6k2szZd,https://www.etsy.com/your/shops/me/listing-editor/edit/4518112250,,"Geometric Jaguar Hooded Crop Top, Sacred Geometry Animal Spirit Shirt, Festival Clothing for Women, Boho Yoga Top, Visionary Art Jaguar Tank","Minimalist yet powerful, this geometric jaguar hooded crop top combines clean design with symbolic imagery to create a piece that feels both contemporary and timeless. Featuring a stylized jaguar face rendered through geometric forms and intricate linework, this wearable artwork draws inspiration from sacred geometry, indigenous visual traditions, and the enduring symbolism of the jaguar.

Printed on a soft lavender hooded crop silhouette, the design creates a striking balance between strength and simplicity. The neutral palette allows the artwork to take center stage, while subtle accents of warm gold, terracotta, and deep earth tones add depth and character. The result is an understated statement piece that pairs effortlessly with a wide variety of styles.

The jaguar has long been regarded as one of the most revered animals throughout Central and South America. Associated with courage, intuition, protection, and transformation, the jaguar is often seen as a guardian between worlds and a symbol of personal power. This geometric interpretation captures the animal’s focused gaze and quiet confidence while maintaining a clean, modern aesthetic.

The hooded crop silhouette offers versatility for everyday wear. The sleeveless cut allows for freedom of movement, while the soft hood adds an unexpected detail that brings a relaxed, contemporary feel. Whether paired with leggings for yoga, layered over a sports bra for movement practices, worn with denim shorts at a festival, or styled with high-waisted pants for everyday wear, this piece transitions effortlessly between settings.

The soft lavender tone adds a calm and feminine quality while remaining neutral enough to coordinate with earth tones, black, cream, denim, and natural fibers. The cropped length creates a flattering shape without feeling overly fitted, making it an easy addition to both casual and intentional wardrobes.

Perfect for lovers of sacred geometry, visionary art, wildlife symbolism, yoga culture, conscious fashion, and meaningful design, this top offers a subtle yet distinctive way to express personal style. The artwork feels symbolic rather than loud, creating visual interest through detail, balance, and thoughtful composition.

This piece works beautifully for yoga classes, retreats, travel, music festivals, nature gatherings, meditation practices, and everyday wear. It is equally suited to those drawn to spiritual symbolism and those who simply appreciate unique artistic design.

Product Details

• Sleeveless hooded crop top
• Soft lavender colorway
• Geometric jaguar artwork
• Sacred geometry inspired design
• Cropped silhouette
• Lightweight and comfortable feel
• Relaxed fit for ease of movement
• Hooded neckline detail
• Suitable for yoga, festivals, travel, and everyday wear
• Original wearable art design

Care Instructions

• Machine wash cold
• Turn garment inside out before washing
• Hang dry or tumble dry low
• Avoid ironing directly over artwork

A thoughtful fusion of geometric design and powerful animal symbolism, this jaguar hooded crop top is designed for those who appreciate art, movement, and meaningful self-expression.","jaguar crop top, hooded crop top, sacred geometry, jaguar shirt, animal spirit top, boho yoga top, festival clothing, visionary art, geometric animal, lavender crop top, psychedelic fashion, wearable art top, spiritual clothing"
TOC-TANK-W-LIL-LIL-SHPB-OS,TOC-TANHW-LCO-LEOPAARING,Summer,Tank Tops - Womens Lilac,Tank Tops,Hoody,,Womens,Womens Tank Top with Hoody,Tank Tops Womens Lilac Colored Leopard Roaring,Lilac,Lilac with Shipibo Leopard,Leopard Roaring,hoody with owl hummingbird ,Colored,100% Cotton,Screen print,OS,3,,,,,3,,$35,$105,Y,,,Draft,,https://drive.google.com/drive/u/0/folders/1j0zidQRluaN4TLywJQbLPneyYZU-CTOR,https://www.etsy.com/your/shops/me/listing-editor/edit/4518110096,,Leopard Spirit Crop Hoodie | Lavender Sleeveless Hooded Top | Jaguar Graphic Crop Tank | Festival Clothing | Boho Yoga Hoodie | Animal Totem Shirt,"Artful, expressive, and effortlessly wearable, this Leopard Spirit Crop Hoodie combines symbolic artwork with a modern silhouette designed for movement, creativity, and everyday comfort. Featuring a striking leopard graphic framed by intricate geometric motifs, mirrored faces, hummingbirds, and botanical elements, this unique piece brings together nature-inspired symbolism and contemporary bohemian style.

Rendered on a soft lavender background, the vibrant artwork creates a stunning visual contrast. Rich shades of coral, orange, green, blue, yellow, and black draw the eye toward the leopard's intense gaze, while the surrounding details invite closer exploration. The result is a wearable work of art that feels both bold and meaningful.

The cropped silhouette offers a relaxed, contemporary fit that pairs beautifully with high-waisted leggings, yoga pants, shorts, skirts, or denim. A soft hood adds an unexpected layer of comfort and style, making this piece equally suited to yoga practice, festival adventures, travel, beach days, and casual everyday wear.

The leopard has long been associated with confidence, intuition, adaptability, and personal power. Combined with hummingbirds and tribal-inspired geometric patterns, the artwork creates a visual story rooted in transformation, awareness, and connection with the natural world. Whether worn for its symbolism or simply for its striking design, this garment brings personality and artistic expression to any wardrobe.

Crafted from a lightweight knit fabric, the crop hoodie drapes comfortably without feeling heavy or restrictive. The sleeveless construction allows for ease of movement and effortless layering, while the hood introduces a casual, laid-back aesthetic. The soft lavender tone enhances the artistic quality of the print while remaining versatile enough to coordinate with a wide range of colors and styles.

Ideal for those who appreciate meaningful artwork, festival fashion, yoga-inspired clothing, and distinctive graphic apparel, this piece balances comfort with visual impact. It is designed to become a favorite layering piece and a standout element within a consciously curated wardrobe.

Product Details

• Sleeveless crop hoodie
• Soft lavender color
• Leopard spirit graphic artwork
• Lightweight knit fabric
• Cropped silhouette
• Relaxed fit
• Attached hood
• Easy layering piece
• Festival, yoga, and casual wear
• Nature-inspired artistic design

Style Inspiration

Pair with high-waisted leggings for yoga and movement practices, style with denim shorts for summer festivals, or layer over a bralette for a relaxed bohemian look. The cropped length and lightweight fabric make it perfect for warm-weather adventures while the hood adds a distinctive modern touch.

Designed for free spirits, nature lovers, festival-goers, and anyone who appreciates wearable art inspired by the beauty and symbolism of the natural world.","Jaguar shirt, jaguar hoodie, crop hoodie, sacred geometry, visionary art, festival clothing, boho crop top, yoga clothing, animal spirit, hummingbird art, tribal art shirt, lavender top, psychedelic clothing"
,TOC-TANHW-LCO-OWLOWL,Summer,Tank Tops - Womens Lilac,Tank Tops,Hoody,,Womens,Lilac with Owl,Womens Tank Top with Hoody,Lilac,Lilac with Owl,Owl,hoody with owl hummingbird ,Colored,100% Cotton,Screen print,OS,1,,,,,1,,35,$35,Y,,,Draft,,https://drive.google.com/drive/u/0/folders/1tyUnp1V_hskUWVe3L95S9RfmohkIVXB5,https://www.etsy.com/your/shops/me/listing-editor/edit/4521433449,,"Owl & Hummingbird Hooded Crop Tank Top, Lavender Sleeveless Festival Shirt, Sacred Geometry Boho Yoga Top, Colorful Graphic Women's Tank","Bring art, color, and comfort together with this lavender hooded crop tank featuring a striking owl and hummingbird design inspired by nature and geometric patterns. The soft pastel backdrop allows the vivid artwork to stand out, creating a wearable statement piece that feels equally at home at a yoga studio, music festival, weekend market, or casual day out.
 
 The silhouette combines the ease of a sleeveless tank with the distinctive detail of a relaxed hood. The cropped length creates a modern, flattering shape that pairs effortlessly with leggings, high-waisted jeans, skirts, or shorts. Lightweight and easy to wear, it offers freedom of movement while maintaining a clean, contemporary profile.
 
 At the center of the design, a vibrant hummingbird spreads its wings above a watchful owl. Rich shades of turquoise, blue, green, magenta, orange, and gold create visual depth and energy. Geometric motifs frame the artwork, adding a sense of symmetry and balance that complements the organic imagery of birds and leaves. The combination evokes themes of wisdom, transformation, intuition, freedom, and connection with nature.
 
 The lavender colorway softens the bold artwork while giving the garment a calm, elevated aesthetic. Whether styled for yoga, travel, festivals, spiritual gatherings, creative events, or everyday wear, this piece adds personality and artistic expression to any wardrobe.
 
 Product Details:
 • Sleeveless hooded crop tank
 • Soft lavender color
 • Vibrant owl and hummingbird graphic
 • Geometric and nature-inspired artwork
 • Cropped silhouette
 • Relaxed hood detail
 • Lightweight and comfortable for everyday wear
 • Easy to pair with leggings, denim, skirts, or shorts
 • Suitable for yoga, festivals, travel, and casual styling
 
 This artistic tank is ideal for those who appreciate colorful wildlife imagery, bohemian style, nature-inspired fashion, and expressive wearable art.","owl tank top, hummingbird shirt, hooded crop top, boho festival top, yoga tank women, sacred geometry, colorful graphic tee, lavender tank top, nature lover gift, bohemian clothing, wearable art top, spiritual clothing, owl shirt women"
TOC-TOP-HALTER-PNK-RNBW-S,TOC---,Summer,Tops - Hooded Halter Tie Back,,,,,Hooded Halter Tie Back Top,,,Pink with Rainbow Ties,,,,Mixed Fabric,,S,,,,,,1,,$40,$40,Y,,,Not Started,,,,,,,
TOC-TOP-OWL-LON-SLE-M,TOC---,Summer,Tops - Owl Long Sleeve,,,,,Long Sleeve Owl Top Screen Printed,,,,,,,Mixed Fabric,,M,,,,,,1,,$65,$65,,,,Not Started,,,,,,,
TOC-TUNIC-WRAP-BLK-BLK-SM,TOC---,Summer,Tunic Wrap,,,,,Tunic Wrap,,,Black with Black Velvet Paisley Edging and White Owl Print,,,,Mixed Fabric,,S/M,,,,,,1,,$65,$65,,,,Not Started,,,,,,,
TOC-TUNIC-WRAP-BRN-BLK-SM,TOC---,Summer,Tunic Wrap,,,,,Tunic Wrap,,,Brown with Black and White Striped Edging and Owl Print,,,,Mixed Fabric,,S/M,,,,,,1,,$65,$65,,,,Not Started,,,,,,,
TOC-TUNIC-WRAP-BRN-BLK-SM,TOC---,Summer,Tunic Wrap,,,,,Tunic Wrap,,,Brown with Black and White Striped Edging and Owl Print,,,,Mixed Fabric,,S/M,,,,,,1,,$65,$65,,,,Not Started,,,,,,,
TOC-TUNIC-WRAP-GRY-PNK-SM,TOC---,Summer,Tunic Wrap,,,,,Tunic Wrap,,,Grey with Pink and White Striped Edging and Owl Print,,,,Mixed Fabric,,S/M,,,,,,1,,$65,$65,,,,Not Started,,,,,,,
TOC-TUNIC-WRAP-MID-BLU-SM,TOC---,Summer,Tunic Wrap,,,,,Tunic Wrap,,,Midnight Blue with Black Velvet Edging and Owl Print,,,,Mixed Fabric,,S/M,,,,,,1,,$65,$65,,,,Not Started,,,,,,,
TOC-TUNIC-WRAP-PNK-PNK-SM,TOC---,Summer,Tunic Wrap,,,,,Tunic Wrap,,,Pink with Pink and White Striped Edging and Owl Screen Print,,,,Mixed Fabric,,S/M,,,,,,1,,$65,$65,,,,Not Started,,,,,,,
TOC-TUNIC-WRAP-PNK-PNK-SM,TOC---,Summer,Tunic Wrap,,,,,Tunic Wrap,,,Pink with Pink and White Striped Edging and Owl Screen Print,,,,Mixed Fabric,,S/M,,,,,,1,,$65,$65,,,,Not Started,,,,,,,
TOC-TUNIC-WRAP-TWI-BLU-SM,TOC---,Summer,Tunic Wrap,,,,,Tunic Wrap,,,Twilight Blue with Black Velvet Paisley Edging and Owl Print,,,,Mixed Fabric,,S/M,,,,,,1,,$65,$65,,,,Not Started,,,,,,,
TOC-BRA-VLV-AQU-FLO-XS,TOC---,Summer,Velvet Bikini Bras,,,,,Velvet Bikini Bra,,,Aqua with Flowers,,,,Velvet,,XS,,,,,,1,,$40,$40,Y,,,Not Started,,,,,,,
TOC-BRA-VLV-MOS-FLO-XS,TOC---,Summer,Velvet Bikini Bras,,,,,Velvet Bikini Bra,,,Moss with Flowers,,,,Velvet,,XS,,,,,,1,,$40,$40,Y,,,Not Started,,,,,,,
TOC-BRA-VLV-NVY-FLO-XS,TOC---,Summer,Velvet Bikini Bras,,,,,Velvet Bikini Bra,,,Navy with Flowers,,,,Velvet,,XS,,,,,,1,,$40,$40,Y,,,Not Started,,,,,,,
TOC-BRA-VLV-ORG-FLO-XS,TOC---,Summer,Velvet Bikini Bras,,,,,Velvet Bikini Bra,,,Orange with Flowers,,,,Velvet,,XS,,,,,,1,,$40,$40,Y,,,Not Started,,,,,,,
TOC-BRA-VLV-TEL-BLK-XS,TOC---,Summer,Velvet Bikini Bras,,,,,Velvet Bikini Bra,,,Teal with Black and White,,,,Velvet,,XS,,,,,,1,,$40,$40,Y,,,Not Started,,,,,,,
TOC-BRA-VLV-WHT-BLK-XS,TOC---,Summer,Velvet Bikini Bras,,,,,Velvet Bikini Bra,,,White with Black and White,,,,Velvet,,XS,,,,,,1,,$40,$40,Y,,,Not Started,,,,,,,
TOC-OVRL-VLV-AQU-OS,TOC---,Summer,Velvet Overalls,,,,,Velvet Overalls,,,Aqua,,,,Velvet,,OS,,,,,,1,,$100,$100,Y,,,Not Started,,,,,,,
TOC-OVRL-VLV-AQU-OS,TOC---,Summer,Velvet Overalls,,,,,Velvet Overalls,,,Aqua,,,,Velvet,,OS,,,,,,1,,$100,$100,Y,,,Not Started,,,,,,,
TOC-OVRL-VLV-BLK-OS,TOC---,Summer,Velvet Overalls,,,,,Velvet Overalls,,,Black,,,,Velvet,,OS,,,,,,1,,$100,$100,Y,,,Not Started,,,,,,,
TOC-OVRL-VLV-BLK-OS,TOC---,Summer,Velvet Overalls,,,,,Velvet Overalls,,,Black,,,,Velvet,,OS,,,,,,1,,$100,$100,Y,,,Not Started,,,,,,,
TOC-OVRL-VLV-EMR-OS,TOC---,Summer,Velvet Overalls,,,,,Velvet Overalls,,,Emerald,,,,Velvet,,OS,,,,,,1,,$100,$100,Y,,,Not Started,,,,,,,
TOC-OVRL-VLV-EMR-OS,TOC---,Summer,Velvet Overalls,,,,,Velvet Overalls,,,Emerald,,,,Velvet,,OS,,,,,,1,,$100,$100,Y,,,Not Started,,,,,,,
TOC-OVRL-VLV-MOS-OS,TOC---,Summer,Velvet Overalls,,,,,Velvet Overalls,,,Moss,,,,Velvet,,OS,,,,,,1,,$100,$100,Y,,,Not Started,,,,,,,
TOC-OVRL-VLV-MOS-OS,TOC---,Summer,Velvet Overalls,,,,,Velvet Overalls,,,Moss,,,,Velvet,,OS,,,,,,1,,$100,$100,Y,,,Not Started,,,,,,,
TOC-OVRL-VLV-MOS-OS,TOC---,Summer,Velvet Overalls,,,,,Velvet Overalls,,,Moss,,,,Velvet,,OS,,,,,,1,,$100,$100,Y,,,Not Started,,,,,,,
TOC-OVRL-VLV-NVY-OS,TOC---,Summer,Velvet Overalls,,,,,Velvet Overalls,,,Navy,,,,Velvet,,OS,,,,,,1,,$100,$100,Y,,,Not Started,,,,,,,
TOC-OVRL-VLV-NVY-OS,TOC---,Summer,Velvet Overalls,,,,,Velvet Overalls,,,Navy,,,,Velvet,,OS,,,,,,1,,$100,$100,Y,,,Not Started,,,,,,,
TOC-OVRL-VLV-ORG-OS,TOC---,Summer,Velvet Overalls,,,,,Velvet Overalls,,,Orange,,,,Velvet,,OS,,,,,,1,,$100,$100,Y,,,Not Started,,,,,,,
TOC-OVRL-VLV-ORG-OS,TOC---,Summer,Velvet Overalls,,,,,Velvet Overalls,,,Orange,,,,Velvet,,OS,,,,,,1,,$100,$100,Y,,,Not Started,,,,,,,
TOC-OVRL-VLV-ORG-OS,TOC---,Summer,Velvet Overalls,,,,,Velvet Overalls,,,Orange,,,,Velvet,,OS,,,,,,1,,$100,$100,Y,,,Not Started,,,,,,,
TOC-OVRL-VLV-RED-OS,TOC---,Summer,Velvet Overalls,,,,,Velvet Overalls,,,Red,,,,Velvet,,OS,,,,,,1,,$100,$100,Y,,,Not Started,,,,,,,
TOC-OVRL-VLV-TEL-OS,TOC---,Summer,Velvet Overalls,,,,,Velvet Overalls,,,Teal,,,,Velvet,,OS,,,,,,1,,$100,$100,Y,,,Not Started,,,,,,,
TOC-OVRL-VLV-TEL-OS,TOC---,Summer,Velvet Overalls,,,,,Velvet Overalls,,,Teal,,,,Velvet,,OS,,,,,,1,,$100,$100,Y,,,Not Started,,,,,,,
TOC-OVRL-VLV-WHT-OS,TOC---,Summer,Velvet Overalls,,,,,Velvet Overalls,,,White,,,,Velvet,,OS,,,,,,1,,$100,$100,Y,,,Not Started,,,,,,,
TOC-OVRL-VLV-WHT-OS,TOC---,Summer,Velvet Overalls,,,,,Velvet Overalls,,,White,,,,Velvet,,OS,,,,,,1,,$100,$100,Y,,,Not Started,,,,,,,
TOC-OVRL-VLV-WHT-OS,TOC---,Summer,Velvet Overalls,,,,,Velvet Overalls,,,White,,,,Velvet,,OS,,,,,,1,,$100,$100,Y,,,Not Started,,,,,,,
TOC-HOODY-COWL-PNK-RIB-OS,,Fall,Cowl Neck Hoody,,,,,Cowl Neck Hoody,,,Pink Ribbed,,,,Soft Knit,,OS,,,,,,1,,$35,$35,,,,Not Started,,,,,,,
TOC-HOODY-COWL-PRP-SOF-OS,,Fall,Cowl Neck Hoody,,,,,Cowl Neck Hoody,,,Purple Soft,,,,Soft Knit,,OS,,,,,,1,,$35,$35,,,,Not Started,,,,,,,
TOC-HOODY-COWL-PRP-SOF-OS,,Fall,Cowl Neck Hoody,,,,,Cowl Neck Hoody,,,Purple Soft,,,,Soft Knit,,OS,,,,,,1,,$35,$35,,,,Not Started,,,,,,,
TOC-HOODY-COWL-PRP-SOF-OS,,Fall,Cowl Neck Hoody,,,,,Cowl Neck Hoody,,,Purple Soft,,,,Soft Knit,,OS,,,,,,1,,$35,$35,,,,Not Started,,,,,,,
TOC-HOODY-COWL-PRP-SOF-OS,,Fall,Cowl Neck Hoody,,,,,Cowl Neck Hoody,,,Purple Soft,,,,Soft Knit,,OS,,,,,,1,,$35,$35,,,,Not Started,,,,,,,
TOC-HOODY-COWL-PRP-SOF-OS,,Fall,Cowl Neck Hoody,,,,,Cowl Neck Hoody,,,Purple Soft,,,,Soft Knit,,OS,,,,,,1,,$35,$35,,,,Not Started,,,,,,,
TOC-HOODY-COWL-PRP-SOF-OS,,Fall,Cowl Neck Hoody,,,,,Cowl Neck Hoody,,,Purple Soft,,,,Soft Knit,,OS,,,,,,1,,$35,$35,,,,Not Started,,,,,,,
TOC-HOODY-COWL-PRP-SOF-OS,,Fall,Cowl Neck Hoody,,,,,Cowl Neck Hoody,,,Purple Soft,,,,Soft Knit,,OS,,,,,,1,,$35,$35,,,,Not Started,,,,,,,
TOC-JKT-M-SHPB-BRN-FRE-L,,Fall,Jackets - Mens Shipibo Hooded,,,,,Mens Shipibo Hooded Jacket,,,Brown French Terry with Shipibo Embroidery and Eagle,,,,French Terry Cotton,,L,,,,,,1,,$150,$150,,Brown French terry cotton shipibo embroidery eagle on back central zipper,,Not Started,,,,,,,
TOC-JKT-M-SHPB-BRN-FRE-L,,Fall,Jackets - Mens Shipibo Hooded,,,,,Mens Shipibo Hooded Jacket,,,Brown French Terry with Shipibo Embroidery and Eagle,,,,French Terry Cotton,,L,,,,,,1,,$150,$150,,Brown French terry cotton shipibo embroidery eagle on back central zipper,,Not Started,,,,,,,
TOC-JKT-U-ZIP-BRN-ORG-M,,Fall,Jackets - Unisex Zip Up Corduroy,,,,,Unisex Zip Up Corduroy Jacket with Hood and Embroidery,,,Brown with Orange Textiles,,,,Corduroy,,M,,,,,,1,,$300,$300,,,,Not Started,,,,,,,
TOC-JKT-U-ZIP-GRN-CORD-M,,Fall,Jackets - Unisex Zip Up Corduroy,,,,,Unisex Zip Up Corduroy Jacket with Hood and Embroidery,,,Green Corduroy with Differing Textiles for Edging,,,,Corduroy,,M,,,,,,1,,$300,$300,,,,Not Started,,,,,,,
TOC-JKT-U-ZIP-GRN-CORD-M,,Fall,Jackets - Unisex Zip Up Corduroy,,,,,Unisex Zip Up Corduroy Jacket with Hood and Embroidery,,,Green Corduroy with Differing Textiles for Edging,,,,Corduroy,,M,,,,,,1,,$300,$300,,,,Not Started,,,,,,,
TOC-JKT-U-ZIP-GRN-CORD-M,,Fall,Jackets - Unisex Zip Up Corduroy,,,,,Unisex Zip Up Corduroy Jacket with Hood and Embroidery,,,Green Corduroy with Differing Textiles for Edging,,,,Corduroy,,M,,,,,,1,,$300,$300,,,,Not Started,,,,,,,
TOC-JKT-U-ZIP-GRN-CORD-M,,Fall,Jackets - Unisex Zip Up Corduroy,,,,,Unisex Zip Up Corduroy Jacket with Hood and Embroidery,,,Green Corduroy with Differing Textiles for Edging,,,,Corduroy,,M,,,,,,1,,$300,$300,,,,Not Started,,,,,,,
TOC-JKT-W-BIKER-DAR-PRP-XSS,,Fall,Jackets - Womens Biker with Removable Hoody,,,,,Womens Biker Jacket with Removable Hoody,,,Dark Purple and Gold with Purple and Pink Guate Textiles,,,,Suede and Tweed,,XS/S,,,,,,1,,$350,$350,,,,Not Started,,,,,,,
TOC-JKT-W-BIKER-DAR-PRP-XSS,,Fall,Jackets - Womens Biker with Removable Hoody,,,,,Womens Biker Jacket with Removable Hoody,,,Dark Purple and Gold with Purple and Pink Guate Textiles,,,,Suede and Tweed,,XS/S,,,,,,1,,$350,$350,,,,Not Started,,,,,,,
TOC-JKT-W-BIKER-FWN-CORD-S,,Fall,Jackets - Womens Biker with Removable Hoody,,,,,Womens Biker Jacket with Removable Hoody,,,Fawn Corduroy with Rainbow Textiles,,,,Suede and Tweed,,S,,,,,,1,,$350,$350,,Price TBC,,Not Started,,,,,,,
TOC-JKT-W-BIKER-FWN-CORD-S,,Fall,Jackets - Womens Biker with Removable Hoody,,,,,Womens Biker Jacket with Removable Hoody,,,Fawn Corduroy with Rainbow Textiles,,,,Suede and Tweed,,S,,,,,,1,,$350,$350,,Price TBC,,Not Started,,,,,,,
TOC-JKT-W-BIKER-GRY-GLD-S,,Fall,Jackets - Womens Biker with Removable Hoody,,,,,Womens Biker Jacket with Removable Hoody,,,Grey Gold Tweed,,,,Suede and Tweed,,S,,,,,,1,,$350,$350,,Price TBC,,Not Started,,,,,,,
TOC-JKT-W-BIKER-GRY-GLD-S,,Fall,Jackets - Womens Biker with Removable Hoody,,,,,Womens Biker Jacket with Removable Hoody,,,Grey Gold Tweed,,,,Suede and Tweed,,S,,,,,,1,,$350,$350,,Price TBC,,Not Started,,,,,,,
TOC-JKT-W-BIKER-GRY-GLD-S,,Fall,Jackets - Womens Biker with Removable Hoody,,,,,Womens Biker Jacket with Removable Hoody,,,Grey Gold Tweed,,,,Suede and Tweed,,S,,,,,,1,,$350,$350,,Price TBC,,Not Started,,,,,,,
TOC-JKT-W-BIKER-GRY-TWD-XS,,Fall,Jackets - Womens Biker with Removable Hoody,,,,,Womens Biker Jacket with Removable Hoody,,,Grey Tweed with Rainbow Textiles,,,,Suede and Tweed,,XS,,,,,,1,,$350,$350,,Price TBC,,Not Started,,,,,,,
TOC-JKT-W-BIKER-ROS-SDE-S,,Fall,Jackets - Womens Biker with Removable Hoody,,,,,Womens Biker Jacket with Removable Hoody,,,Rose Suede with Pink Textiles,,,,Suede and Tweed,,S,,,,,,1,,$350,$350,,,,Not Started,,,,,,,
TOC-JKT-W-BIKER-SLV-SDE-S,,Fall,Jackets - Womens Biker with Removable Hoody,,,,,Womens Biker Jacket with Removable Hoody,,,Silver Suede with Rainbow Textiles,,,,Suede and Tweed,,S,,,,,,1,,$350,$350,,Price TBC,,Not Started,,,,,,,
TOC-PANT-MUGW-STR-S,,Fall,Pants,,,,,Mugwort Straight Leg Pants,,,,,,,Natural Dye Hemp and Cotton,,S,,,,,,1,,$120,$120,,Price TBC,,Not Started,,,,,,,
TOC-PANT-SGE-JOG-ML,,Fall,Pants,,,,,Sage Jogging Bottoms,,,,,,,Natural Dye Hemp and Cotton,,M/L,,,,,,1,,$170,$170,,Price TBC,,Not Started,,,,,,,
TOC-PANT-TERRA-STR-S,,Fall,Pants,,,,,Terracotta Straight Leg Pants,,,,,,,Natural Dye Hemp and Cotton,,S,,,,,,1,,$120,$120,,Price TBC,,Not Started,,,,,,,
TOC-SKIRT-ROS-FAL-SML,TOC-SKIW-R-ROSE OLORS,Fall,Skirts,Skirts,,,Womens,OOAK Recycled Patchwork Skirt,Skirts Womens Rose and Fall Colors  Rose and Fall Colors,Rose and Fall Colors,Rose and Fall Colors,Rose and Fall Colors,lila ,,Mixed Fabric,Hand dyed,SML,,,,,,1,,$160,$160,Y,,QUE COLOR ES,Draft,,https://drive.google.com/drive/u/0/folders/1kZX4nYIS4ybq2zqk6nr57x0ug0WIAhJy,https://www.etsy.com/your/shops/me/listing-editor/edit/4521981242,,"Hand Dyed Boho Handkerchief Skirt, Mauve Tie Dye Midi Skirt, Sustainable Festival Skirt, Asymmetrical Women's Skirt, Artisan Clothing","Soft, fluid, and effortlessly expressive, this hand-dyed asymmetrical skirt showcases a rich blend of dusty mauve, plum, lavender, and soft ivory tones. The organic tie-dye pattern creates a watercolor-like effect across the fabric, giving each piece its own distinctive character and depth.

Designed with a comfortable fold-over waistband and a flowing handkerchief hem, the silhouette drapes beautifully while creating movement with every step. The asymmetrical points add an artistic touch that feels both relaxed and refined, making this skirt a versatile addition to a consciously curated wardrobe.

Each skirt is individually hand dyed, embracing the natural variations that make artisan-made clothing unique. The earthy palette evokes wild botanicals, weathered petals, and natural landscapes, resulting in a wearable work of art that balances softness with visual impact.

Created with a commitment to thoughtful craftsmanship, this piece reflects the values of slow fashion and small-batch production. The combination of handcrafted dye work, comfortable fit, and flowing shape makes it ideal for those who appreciate clothing with personality, artistry, and intention.

A timeless skirt designed to celebrate creativity, movement, and individual expression.

Product Details
• Women's asymmetrical handkerchief skirt
•Individually hand dyed
•Soft mixed-fabric construction
•Fold-over waistband for comfort
•Flowing midi-length silhouette
•Mauve, plum, lavender, and ivory color palette
•Small-batch artisan craftsmanship
•Ethically made with a slow-fashion approach","hand dyed skirt, boho skirt, tie dye skirt, festival clothing, asymmetrical skirt, handkerchief hem, artisan clothing, sustainable fashion, women's skirt, hippie skirt, flowy midi skirt, bohemian style, slow fashion clothing"
TOC-SKIRT-PNK-GRY-SM,TOC-SKIW-P-PINK TBAND,Fall,Skirts,Skirts,,,Womens,Skirt,Skirts Womens Pink  Pink with Grey Waistband,Pink,Pink with Grey Waistband,Pink with Grey Waistband,,,Mixed Fabric,,S/M,,,,,,3,,$80,$240,,,,Not Started,,,,,,,
TOC-SKIRT-BLK-BLK-L,TOC-SKIW-B-BLACKTBAND,Fall,Skirts,Skirts,,,Womens,Skirt (OOAK Long),Skirts Womens Black  Black with Black and White Patterned Waistband,Black,Black with Black and White Patterned Waistband,Black with Black and White Patterned Waistband,,,Mixed Fabric,,L,,,,,,1,,$80,$80,,,,Not Started,,,,,,,
TOC-SKIRT-MRN-GRN-SM,TOC-SKIW-M-MAROOESIGN,Fall,Skirts,Skirts,,,Womens,Skirt (OOAK),Skirts Womens Maroon  Maroon and Green Shipibo Design,Maroon,Maroon and Green Shipibo Design,Maroon and Green Shipibo Design,,,Mixed Fabric,,S/M,,,,,,1,,$120,$120,,,,Not Started,,,,,,,
TOC-SKIRT-BLU-STR-M,TOC-SKIW-B-BLUE SLITS,Fall,Skirts - Other,Skirts,,,Womens,Mermaid Skirt (OOAK),Skirts Womens Blue Straight with Slits  Blue Straight with Slits,Blue Straight with Slits,Blue Straight with Slits,Blue Straight with Slits,Celeste,,Mixed Fabric,Hand dyed,M,,,1,,,1,,$80,$80,Y,,,Draft,,https://drive.google.com/drive/u/0/folders/1eqqXrPDoO5RZjoI5nGXHmaarlsUeZYD4,https://www.etsy.com/your/shops/me/listing-editor/edit/4523032799#media,,"Hand Dyed Blue Tie Dye Maxi Skirt, Ice Blue Boho Skirt, Sustainable Women's Long Skirt, Artisan Handcrafted Skirt, Festival Clothing","Inspired by flowing water, drifting clouds, and the soft tones of winter skies, this hand-dyed maxi skirt features an ethereal blend of ice blue, pale aqua, and cloud white. The organic dye pattern creates delicate variations throughout the fabric, making each piece uniquely expressive and one of a kind.

Designed with a comfortable fold-over waistband and a graceful full-length silhouette, the skirt drapes effortlessly while maintaining a flattering, elongated shape. A front slit adds movement and ease, creating a balance between relaxed comfort and understated elegance.

The watercolor-like dye work evokes natural textures found in rivers, mist, and open skies, transforming a simple silhouette into a wearable piece of textile art. Soft and versatile, the color palette offers a calming aesthetic that feels timeless and connected to nature.

Each skirt is individually hand dyed in small batches, celebrating traditional artisan techniques and the beauty of handcrafted variation. Created with a commitment to thoughtful production and slow fashion values, this piece is designed for those who appreciate sustainable clothing, artistic craftsmanship, and enduring style.

A beautifully flowing skirt that combines comfort, movement, and handcrafted artistry in every detail.

Product Details
Women's hand-dyed maxi skirt
Soft mixed-fabric construction
Fold-over comfort waistband
Elegant front slit detail
Ice blue and white tie-dye pattern
Individually hand dyed
Small-batch artisan craftsmanship
Sustainably inspired slow-fashion design","hand dyed skirt, blue maxi skirt, tie dye skirt, boho skirt, long skirt women, festival clothing, artisan skirt, sustainable fashion, hippie clothing, fold over skirt, blue bohemian, handmade clothing, slow fashion style"
TOC-SKIRT-PRP-SM,TOC-SKIOW-P-PURPLURPLE,Fall,Skirts - Other,Skirts,Old Serenity,,Womens,Old Serenity Skirt (OOAK),Skirts Womens Purple  Purple,Purple,Purple,Purple,,,Mixed Fabric,,S/M,,,,,,1,,$110,$110,,,,Not Started,,,,,,,
TOC-SKIRT-SER-PRWK-BLU-SM,TOC-SKISW-P-PERIW BLUE,Fall,Skirts - Serenity,Skirts,Sample Serenity,,Womens,Sample Serenity Skirt,Skirts Womens Periwinkle Blue  Periwinkle Blue,Periwinkle Blue,Periwinkle Blue,Periwinkle Blue,2. axul celeste ,,Hemp Cotton Jersey,Hand dyed,S/M,,,,,,1,,$100,$100,Y,Sample,,Draft,,https://drive.google.com/drive/u/0/folders/1vAmir9qm7XG_DaSbO5SqvHvAQklOKLTU,etsy.com/your/shops/me/listing-editor/edit/4522428513,,"Periwinkle Sky Hemp Cotton Skirt, Hand Dyed Asymmetrical Maxi Skirt, Boho Festival Skirt, Sustainable Women's Clothing, Flowing Artisan Skirt","Inspired by open skies and soft watercolor tones, the Periwinkle Sky skirt combines artistic craftsmanship with effortless comfort. Hand dyed in layered shades of periwinkle blue, this flowing hemp cotton jersey skirt captures the relaxed beauty of natural movement and organic design.

The asymmetrical silhouette features cascading draped panels that create fluid motion with every step. Soft folds fall naturally from the waist, giving the skirt dimension and visual interest while maintaining an easy, wearable shape. The gentle blue palette evokes a sense of calm and openness, making it a beautiful addition to a consciously curated wardrobe.

Crafted from a breathable hemp cotton jersey blend, the fabric feels soft against the skin while offering durability and year-round versatility. The hand-dyed finish creates subtle tonal variations that ensure each piece is unique. Designed with an emphasis on comfort, sustainability, and timeless style, this skirt reflects the values of slow fashion and thoughtful craftsmanship.

Whether appreciated for its artisan dye work, flowing silhouette, or natural fibers, the Periwinkle Sky skirt offers a balance of beauty, comfort, and individuality that transcends seasonal trends.

Product Details:
• Hemp Cotton Jersey
• Hand Dyed Finish
• Women's Fit
• Asymmetrical Draped Design
• Soft Stretch Knit
• Breathable Natural Fibers
• Ethically Produced
• Flowing Maxi Length","periwinkle skirt, blue maxi skirt, hemp skirt, hand dyed skirt, boho skirt, festival clothing, sustainable fashion, asymmetrical skirt, artisan clothing, eco fashion, flowy skirt, womens clothing, bohemian style"
TOC-SKIRT-SER-BLK-SM,TOC-SKISW-B-BLACKBLACK,Fall,Skirts - Serenity,Skirts,Serenity,,Womens,Serenity Skirt,Skirts Womens Black  Black,Black,Black,Black,10. negro,,Hemp Cotton Jersey,Hand dyed,S/M,,,,,,2,,$150,$300,Y,Price TBC,,Draft,,https://drive.google.com/drive/u/0/folders/1b8vmTQO8WIesuh7iW95BNu848h-6XT-i,etsy.com/your/shops/me/listing-editor/edit/4522437566,,"Midnight Black Hemp Cotton Skirt, Asymmetrical Boho Maxi Skirt, Hand Dyed Festival Clothing, Sustainable Women's Fashion","Timeless and versatile, the Midnight Black skirt celebrates the beauty of sculptural design through a dramatic asymmetrical silhouette and rich hand-dyed color. The deep black tone highlights the flowing construction of the garment, allowing every fold and draped layer to stand out with understated elegance.

Made from soft hemp cotton jersey, the fabric offers exceptional comfort while maintaining graceful movement. The asymmetrical cut creates visual depth and an artistic shape that feels contemporary yet enduring. Designed to move naturally with the body, the skirt combines relaxed comfort with a distinctive handcrafted character.

The hand-dyed finish adds subtle variation and depth to the black coloration, giving the piece a unique artisan quality. Crafted with sustainability in mind, the natural fiber blend reflects a commitment to conscious fashion and long-lasting wear.

Minimalist yet expressive, Midnight Black serves as a foundational wardrobe piece while retaining the individuality and artistry that define handmade clothing. Its flowing form, natural materials, and timeless palette make it an enduring favorite for those who appreciate thoughtful design.

Product Details:
• Hemp Cotton Jersey
• Hand Dyed Black Finish
• Women's Fit
• Asymmetrical Draped Silhouette
• Soft Stretch Fabric
• Breathable Natural Fibers
• Ethically Produced
• Maxi Length","black maxi skirt, hemp skirt, boho skirt, asymmetrical skirt, hand dyed clothing, festival fashion, sustainable clothing, flowy skirt, artisan fashion, eco clothing, womens skirt, gothic boho, slow fashion"
TOC-SKIRT-SER-CHML-SM,TOC-SKISW-C-CHAMOOMILE,Fall,Skirts - Serenity,Skirts,Serenity,,Womens,Serenity Skirt,Skirts Womens Chamomile  Chamomile,Chamomile,Chamomile,Chamomile,11. amarillo claro,,Hemp Cotton Jersey,Hand dyed,S/M,,,,,,1,,$150,$150,Y,,,Draft,,https://drive.google.com/drive/u/0/folders/1KaaxMXTPY8mUaZYxc-UZpzGVy7MmUEAb,etsy.com/your/shops/me/listing-editor/edit/4523038217,,"Hand Dyed Asymmetrical Boho Skirt, Cream Handkerchief Hem Skirt, Sustainable Women's Festival Skirt, Artisan Draped Skirt, Flowing Bohemian Clothing","Elegant in its simplicity, this hand-dyed asymmetrical skirt features a soft cream color palette inspired by natural fibers, sun-bleached textiles, and organic minimalism. The subtle tonal variations created through the hand-dye process add depth and character while preserving the garment's understated beauty.

Designed with a comfortable fold-over waistband and an artfully draped silhouette, the skirt falls into soft cascading folds that create graceful movement and visual texture. The asymmetrical handkerchief-style hem adds dimension and fluidity, giving the piece an effortlessly sculptural quality.

The warm ivory tone highlights the craftsmanship of the design, allowing the flowing lines and unique construction to take center stage. Both relaxed and refined, this skirt embodies a timeless aesthetic that transcends trends and celebrates individuality.

Each piece is hand dyed in small batches, embracing the subtle variations that make artisan-made clothing unique. Thoughtfully crafted with sustainability and slow fashion values in mind, this skirt offers a wearable expression of conscious design and enduring style.

A versatile wardrobe staple that combines comfort, movement, and handcrafted artistry in a beautifully balanced silhouette.

Product Details
• Women's asymmetrical draped skirt
• Individually hand dyed
• Soft mixed-fabric construction
• Comfortable fold-over waistband
• Handkerchief-inspired hemline
• Flowing midi-length silhouette
• Cream and soft ivory color palette
• Small-batch artisan craftsmanship","hand dyed skirt, boho skirt, asymmetrical skirt, cream skirt, festival clothing, artisan clothing, draped skirt, handkerchief hem, sustainable fashion, bohemian skirt, women's midi skirt, slow fashion, flowy skirt women"
TOC-SKIRT-SER-FWN-SM,TOC-SKISW-F-FAWNFAWN,Fall,Skirts - Serenity,Skirts,Serenity,,Womens,Serenity Skirt,Skirts Womens Fawn  Fawn,Fawn,Fawn,Fawn,5. cafe claro ,,Hemp Cotton Jersey,Hand dyed,S/M,,,,,,1,,$150,$150,Y,Price TBC,,Draft,,https://drive.google.com/drive/u/0/folders/1NJFnnAz_Ev2aWAI0OpwMrzCGx3f7izVq,https://www.etsy.com/your/shops/me/listing-editor/edit/4522439306,,"Desert Fawn Hemp Cotton Skirt, Hand Dyed Earth Tone Maxi Skirt, Sustainable Boho Clothing, Asymmetrical Festival Skirt","Warm and grounded, the Desert Fawn skirt draws inspiration from natural landscapes, sun-washed earth, and organic textures. Hand dyed in soft fawn tones, this flowing hemp cotton jersey skirt embodies the relaxed elegance of nature-inspired design.

Its asymmetrical silhouette creates movement and dimension through cascading layers and sculptural draping. The warm neutral color highlights the texture and shape of the garment while maintaining a versatile palette that complements a wide range of personal styles. Each skirt is individually hand dyed, producing subtle tonal variations that make every piece unique.

The hemp cotton jersey fabric combines softness, breathability, and durability, creating a comfortable garment designed for long-term wear. Lightweight yet substantial, the fabric drapes beautifully while allowing freedom of movement throughout the day.

Created with sustainability and craftsmanship at its core, the Desert Fawn skirt reflects a slower approach to fashion—one that values quality materials, thoughtful construction, and enduring design. The result is a versatile artisan piece that feels both timeless and distinctive.

Product Details:
• Hemp Cotton Jersey
• Hand Dyed Finish
• Women's Fit
• Asymmetrical Draped Design
• Soft Stretch Knit
• Breathable Natural Fibers
• Ethically Produced
• Flowing Maxi Length","fawn skirt, earth tone skirt, hemp clothing, hand dyed skirt, boho fashion, sustainable clothing, maxi skirt, asymmetrical skirt, artisan clothing, eco fashion, flowy skirt, festival clothing, slow fashion"
TOC-SKIRT-SER-FRST-SM,TOC-SKISW-F-FORESOREST,Fall,Skirts - Serenity,Skirts,Serenity,,Womens,Serenity Skirt,Skirts Womens Forest  Forest,Forest,Forest,Forest,8. verde calipso (oscuro),,Hemp Cotton Jersey,Hand dyed,S/M,,,,,,2,,$150,$300,Y,,,Draft,,https://drive.google.com/drive/u/0/folders/1glxpwjA78dfPGv3j7pSXJDPhoYMiyoHg,etsy.com/your/shops/me/listing-editor/edit/4522443488,,"Forest Moss Hemp Cotton Skirt, Hand Dyed Green Maxi Skirt, Asymmetrical Boho Skirt, Sustainable Festival Clothing, Women's Artisan Fashion","Rich, earthy, and inspired by woodland landscapes, the Forest Moss skirt brings together natural color, artisan craftsmanship, and effortless comfort. Hand dyed in layered shades of deep forest green, this flowing hemp cotton jersey skirt reflects the textures and tones found in nature, creating a garment that feels both grounded and expressive.

The asymmetrical silhouette is designed to create movement and visual interest through cascading draped panels and fluid lines. Soft folds fall naturally from the waist, creating a sculptural shape that moves beautifully with the body. The deep green coloration highlights the dimensional qualities of the design while maintaining a timeless versatility that transcends seasonal trends.

Crafted from a breathable hemp cotton jersey blend, the fabric combines softness, durability, and comfort. The hand-dyed process creates subtle variations in tone, ensuring that each skirt possesses its own unique character. Natural fibers provide a comfortable feel against the skin while supporting a more sustainable approach to clothing production.

Forest Moss is designed for women who appreciate artisan clothing, conscious fashion, and timeless silhouettes. The combination of flowing drape, earthy color, and handcrafted detail creates a versatile piece that embodies both creativity and simplicity.

Product Details:
• Hemp Cotton Jersey
• Hand Dyed Forest Green Finish
• Women's Fit
• Asymmetrical Draped Design
• Soft Stretch Knit
• Breathable Natural Fibers
• Ethically Produced
• Flowing Maxi Length

","green skirt, forest skirt, hemp skirt, hand dyed clothing, boho skirt, maxi skirt, sustainable fashion, asymmetrical skirt, artisan clothing, eco fashion, festival clothing, flowy skirt, woodland style"
TOC-SKIRT-SER-LIL-SM,TOC-SKISW-L-LILACLILAC,Fall,Skirts - Serenity,Skirts,Serenity,,Womens,Serenity Skirt,Skirts Womens Lilac  Lilac,Lilac,Lilac,Lilac,9. lila,,Hemp Cotton Jersey,Hand dyed,S/M,,,,,,2,,$150,$300,Y,,,Draft,,https://drive.google.com/drive/u/0/folders/1L675akDGEwg1oExA8cj_WT74AIVXiX4O,etsy.com/your/shops/me/listing-editor/edit/4522440827,,"Moon Lilac Hemp Cotton Skirt, Hand Dyed Lavender Maxi Skirt, Boho Festival Skirt, Sustainable Women's Clothing, Asymmetrical Skirt","Soft, ethereal, and quietly expressive, the Moon Lilac skirt is inspired by twilight skies and delicate botanical tones. Hand dyed in gentle shades of lilac and lavender, this flowing hemp cotton jersey skirt offers a balance of romantic color and contemporary design.

Its asymmetrical silhouette creates graceful movement through layered draping and flowing lines. The soft purple tones enhance the sculptural shape of the garment while adding a subtle sense of individuality. Every piece is hand dyed, resulting in natural tonal variation that makes each skirt unique.

The hemp cotton jersey fabric is chosen for its comfort, breathability, and durability. Soft against the skin yet substantial enough to maintain beautiful drape, it offers versatility across seasons and occasions. The flowing maxi-length design encourages ease of movement while creating an elegant and artistic profile.

Designed with sustainability and craftsmanship at its core, Moon Lilac celebrates slow fashion values and thoughtful production. Its calming palette, natural fibers, and timeless silhouette create a garment that feels both distinctive and enduring.

Product Details:
• Hemp Cotton Jersey
• Hand Dyed Lilac Finish
• Women's Fit
• Asymmetrical Draped Silhouette
• Soft Stretch Knit
• Breathable Natural Fibers
• Ethically Produced
• Maxi Length Design","lilac skirt, lavender skirt, hemp skirt, boho skirt, hand dyed skirt, festival fashion, sustainable clothing, flowy skirt, asymmetrical skirt, artisan fashion, eco clothing, womens skirt, fairycore clothing"
TOC-SKIRT-SER-MRGLD-SM,TOC-SKISW-M-MARIGIGOLD,Fall,Skirts - Serenity,Skirts,Serenity,,Womens,Serenity Skirt,Skirts Womens Marigold  Marigold,Marigold,Marigold,Marigold,3. amarillo mostaza,,Hemp Cotton Jersey,Hand dyed,S/M,,,,,,1,,$150,$150,Y,,,Draft,Solo hay fotos de 2 y son 3,https://drive.google.com/drive/u/0/folders/1JTTHdarrg1m8UGV4AnNSurtOJIiLiKTJ,etsy.com/your/shops/me/listing-editor/edit/4523051048,,"Hand Dyed Golden Yellow Boho Skirt, Asymmetrical Festival Skirt, Sustainable Women's Midi Skirt, Artisan Handkerchief Hem Skirt, Earthy Bohemian Clothing","Warm, luminous, and effortlessly artistic, this hand-dyed asymmetrical skirt features soft golden yellow tones inspired by wildflowers, sunlit meadows, and natural plant dyes. The subtle tonal variations throughout the fabric create depth and texture while preserving the simplicity of the design.

A comfortable fold-over waistband transitions into an elegantly draped silhouette with cascading panels that flow into a distinctive handkerchief-style hem. The asymmetrical construction creates beautiful movement and gives the skirt a sculptural quality that feels both organic and refined.

The golden hue brings a sense of warmth and optimism, reminiscent of dried grasses, chamomile blossoms, and late afternoon sunlight. The understated dye work allows the craftsmanship and fluid shape of the garment to remain the focal point, resulting in a timeless piece that balances comfort with artistry.

Each skirt is individually hand dyed, making every piece uniquely its own. Produced in small batches with an emphasis on thoughtful craftsmanship and slow fashion values, this skirt celebrates the beauty of handmade clothing and conscious design.

Designed for women who appreciate natural color palettes, flowing silhouettes, and artisan-made garments, this skirt offers a versatile expression of sustainable style and creative individuality.

Product Details
Women's asymmetrical midi skirt
Individually hand dyed
Soft mixed-fabric construction
Comfortable fold-over waistband
Draped handkerchief-style hem
Golden yellow botanical-inspired colorway
Small-batch artisan craftsmanship
Sustainably inspired slow-fashion design","hand dyed skirt, yellow skirt, boho skirt, festival clothing, asymmetrical skirt, artisan clothing, handkerchief hem, sustainable fashion, women's midi skirt, bohemian clothing, earthy style, slow fashion, flowy skirt women"
TOC-SKIRT-SER-MRGLD-SM,TOC-SKISW-M-MARIGIGOLD,Fall,Skirts - Serenity,Skirts,Serenity,,Womens,Serenity Skirt,Skirts Womens Marigold  Marigold,Marigold,Marigold,Marigold,3. amarillo mostaza,,Hemp Cotton Jersey,Hand dyed,S/M,,,,,,1,,$150,$150,Y,,,Draft,Solo hay fotos de 2 y son 3,https://drive.google.com/drive/u/0/folders/1JTTHdarrg1m8UGV4AnNSurtOJIiLiKTJ,etsy.com/your/shops/me/listing-editor/edit/4523051048,,"Hand Dyed Golden Yellow Boho Skirt, Asymmetrical Festival Skirt, Sustainable Women's Midi Skirt, Artisan Handkerchief Hem Skirt, Earthy Bohemian Clothing","Warm, luminous, and effortlessly artistic, this hand-dyed asymmetrical skirt features soft golden yellow tones inspired by wildflowers, sunlit meadows, and natural plant dyes. The subtle tonal variations throughout the fabric create depth and texture while preserving the simplicity of the design.

A comfortable fold-over waistband transitions into an elegantly draped silhouette with cascading panels that flow into a distinctive handkerchief-style hem. The asymmetrical construction creates beautiful movement and gives the skirt a sculptural quality that feels both organic and refined.

The golden hue brings a sense of warmth and optimism, reminiscent of dried grasses, chamomile blossoms, and late afternoon sunlight. The understated dye work allows the craftsmanship and fluid shape of the garment to remain the focal point, resulting in a timeless piece that balances comfort with artistry.

Each skirt is individually hand dyed, making every piece uniquely its own. Produced in small batches with an emphasis on thoughtful craftsmanship and slow fashion values, this skirt celebrates the beauty of handmade clothing and conscious design.

Designed for women who appreciate natural color palettes, flowing silhouettes, and artisan-made garments, this skirt offers a versatile expression of sustainable style and creative individuality.

Product Details
Women's asymmetrical midi skirt
Individually hand dyed
Soft mixed-fabric construction
Comfortable fold-over waistband
Draped handkerchief-style hem
Golden yellow botanical-inspired colorway
Small-batch artisan craftsmanship
Sustainably inspired slow-fashion design","hand dyed skirt, yellow skirt, boho skirt, festival clothing, asymmetrical skirt, artisan clothing, handkerchief hem, sustainable fashion, women's midi skirt, bohemian clothing, earthy style, slow fashion, flowy skirt women"
TOC-SKIRT-SER-MRGLD-SM,TOC-SKISW-M-MARIGIGOLD,Fall,Skirts - Serenity,Skirts,Serenity,,Womens,Serenity Skirt,Skirts Womens Marigold  Marigold,Marigold,Marigold,Marigold,3. amarillo mostaza,,Hemp Cotton Jersey,Hand dyed,S/M,,,,,,1,,$150,$150,Y,,,Draft,Solo hay fotos de 2 y son 3,https://drive.google.com/drive/u/0/folders/1JTTHdarrg1m8UGV4AnNSurtOJIiLiKTJ,etsy.com/your/shops/me/listing-editor/edit/4523051048,,"Hand Dyed Golden Yellow Boho Skirt, Asymmetrical Festival Skirt, Sustainable Women's Midi Skirt, Artisan Handkerchief Hem Skirt, Earthy Bohemian Clothing","Warm, luminous, and effortlessly artistic, this hand-dyed asymmetrical skirt features soft golden yellow tones inspired by wildflowers, sunlit meadows, and natural plant dyes. The subtle tonal variations throughout the fabric create depth and texture while preserving the simplicity of the design.

A comfortable fold-over waistband transitions into an elegantly draped silhouette with cascading panels that flow into a distinctive handkerchief-style hem. The asymmetrical construction creates beautiful movement and gives the skirt a sculptural quality that feels both organic and refined.

The golden hue brings a sense of warmth and optimism, reminiscent of dried grasses, chamomile blossoms, and late afternoon sunlight. The understated dye work allows the craftsmanship and fluid shape of the garment to remain the focal point, resulting in a timeless piece that balances comfort with artistry.

Each skirt is individually hand dyed, making every piece uniquely its own. Produced in small batches with an emphasis on thoughtful craftsmanship and slow fashion values, this skirt celebrates the beauty of handmade clothing and conscious design.

Designed for women who appreciate natural color palettes, flowing silhouettes, and artisan-made garments, this skirt offers a versatile expression of sustainable style and creative individuality.

Product Details
Women's asymmetrical midi skirt
Individually hand dyed
Soft mixed-fabric construction
Comfortable fold-over waistband
Draped handkerchief-style hem
Golden yellow botanical-inspired colorway
Small-batch artisan craftsmanship
Sustainably inspired slow-fashion design","hand dyed skirt, yellow skirt, boho skirt, festival clothing, asymmetrical skirt, artisan clothing, handkerchief hem, sustainable fashion, women's midi skirt, bohemian clothing, earthy style, slow fashion, flowy skirt women"
TOC-SKIRT-SER-RST-SM,TOC-SKISW-R-RUSTRUST,Fall,Skirts - Serenity,Skirts,Serenity,,Womens,Serenity Skirt,Skirts Womens Rust  Rust,Rust,Rust,Rust,6. rosa tierra,,Hemp Cotton Jersey,Hand dyed,S/M,,,,,,1,,$150,$150,Y,Price TBC,,Draft,,https://drive.google.com/drive/u/0/folders/1YdhCEMi8XRDzSjZdwdtweOdRkciA-S1B,https://www.etsy.com/your/shops/me/listing-editor/edit/4522439549#media,,"Terracotta Rust Hemp Cotton Skirt, Hand Dyed Earth Tone Maxi Skirt, Boho Festival Clothing, Sustainable Women's Fashion","Inspired by desert landscapes, sunbaked clay, and natural earth pigments, the Terracotta Rust skirt celebrates warmth, texture, and artisan craftsmanship. Hand dyed in rich rust and terracotta tones, this flowing hemp cotton jersey skirt offers a distinctive color palette rooted in the beauty of the natural world.

The asymmetrical design creates movement through layered draping and sculptural folds that flow effortlessly with the body. The warm rust coloration enhances the depth and dimension of the silhouette, creating a garment that feels both artistic and timeless. Each skirt is individually hand dyed, resulting in subtle variations that highlight its handcrafted nature.

Made from a soft hemp cotton jersey blend, the fabric combines breathability, comfort, and durability. Natural fibers create a comfortable wearing experience while supporting a more sustainable approach to fashion. The flowing maxi shape and relaxed construction allow the skirt to move gracefully while maintaining a flattering silhouette.

Terracotta Rust is designed for women who appreciate earthy palettes, artisan clothing, and thoughtful design. Its combination of natural materials, handcrafted dye work, and sculptural drape creates a piece that feels both expressive and effortlessly wearable.

Product Details:
• Hemp Cotton Jersey
• Hand Dyed Rust Finish
• Women's Fit
• Asymmetrical Draped Design
• Soft Stretch Knit
• Breathable Natural Fibers
• Ethically Produced
• Flowing Maxi Length","terracotta skirt, hemp clothing, hand dyed skirt, boho fashion, sustainable clothing, maxi skirt, asymmetrical skirt, artisan clothing, earth tone clothing, festival skirt, flowy skirt, slow fashion"
TOC-SKIRT-SER-SGE-SM,TOC-SKISW-S-SAGESAGE,Fall,Skirts - Serenity,Skirts,Serenity,,Womens,Serenity Skirt,Skirts Womens Sage  Sage,Sage,Sage,Sage,1.verde calipso (claro),,Hemp Cotton Jersey,Hand dyed,S/M,,,,,,3,,$150,$450,Y,,,Draft,,https://drive.google.com/drive/u/0/folders/1kdDnEhmqBNONNpG0AHlk82mjFAi7CakY,https://www.etsy.com/your/shops/me/listing-editor/edit/4522450306#media,,"Sage Mist Hemp Cotton Skirt, Hand Dyed Sage Green Maxi Skirt, Sustainable Boho Clothing, Asymmetrical Festival Skirt, Women's Artisan Fashion","Inspired by wild herbs, soft landscapes, and the muted beauty of natural botanicals, the Sage Mist skirt offers a calming balance of artistry and comfort. Hand dyed in layered shades of sage green, this flowing hemp cotton jersey skirt reflects the subtle color variations found throughout nature, creating a timeless piece with an organic character.

The asymmetrical silhouette features cascading draped panels that create graceful movement and sculptural dimension. Soft folds fall naturally from the waist, giving the skirt a fluid shape that feels relaxed yet elevated. The gentle sage coloration enhances the flowing design while maintaining a versatile, nature-inspired palette that works beautifully year-round.

Crafted from a breathable hemp cotton jersey blend, the fabric combines softness, durability, and flexibility. The hand-dyed process ensures that each piece is unique, with slight variations that celebrate its artisan origins. Designed with sustainability in mind, this skirt embraces slow fashion values through natural fibers, thoughtful production, and enduring style.

Elegant without being formal and expressive without being overpowering, Sage Mist offers a refined interpretation of bohemian design that can become a long-lasting staple in a consciously curated wardrobe.

Product Details:
• Hemp Cotton Jersey
• Hand Dyed Sage Green Finish
• Women's Fit
• Asymmetrical Draped Design
• Soft Stretch Knit
• Breathable Natural Fibers
• Ethically Produced
• Flowing Maxi Length","sage skirt, green maxi skirt, hemp skirt, hand dyed clothing, boho skirt, sustainable fashion, asymmetrical skirt, artisan clothing, eco fashion, flowy skirt, festival clothing, slow fashion, botanical style"
TOC-SKIRT-SER-STO-SM,TOC-SKISW-S-STONESTONE,Fall,Skirts - Serenity,Skirts,Serenity,,Womens,Serenity Skirt,Skirts Womens Stone  Stone,Stone,Stone,Stone,7. Stone,,Hemp Cotton Jersey,Hand dyed,S/M,,,,,,1,,$150,$150,Y,Price TBC,,Draft,,https://drive.google.com/drive/u/0/folders/1WOKDdFenzwTbdWiswhFTUHUWaSdqjO-i,etsy.com/your/shops/me/listing-editor/edit/4522450306,,"River Stone Hemp Cotton Skirt, Hand Dyed Gray Maxi Skirt, Asymmetrical Boho Skirt, Sustainable Women's Clothing, Artisan Festival Fashion","Inspired by weathered stone, riverbeds, and the quiet beauty of natural textures, the River Stone skirt embodies understated elegance through color, movement, and craftsmanship. Hand dyed in layered shades of soft gray, this hemp cotton jersey skirt offers a versatile neutral palette that highlights its sculptural silhouette.

The asymmetrical design creates movement through flowing draped panels that shift naturally with the body. Soft folds add depth and dimension while maintaining a relaxed and wearable shape. The subtle gray coloration allows the texture and construction of the garment to take center stage, creating a sophisticated balance between simplicity and artistic detail.

Made from a breathable hemp cotton jersey blend, the fabric offers exceptional comfort while maintaining durability and graceful drape. The hand-dyed process produces slight tonal variations that enhance the handcrafted quality of each piece. Natural fibers and thoughtful construction reflect a commitment to sustainability and long-lasting wear.

River Stone is designed for women who appreciate minimalist design, artisan clothing, and versatile wardrobe pieces that remain relevant season after season. Its timeless color and flowing form create an effortlessly elegant statement rooted in conscious craftsmanship.

Product Details:
• Hemp Cotton Jersey
• Hand Dyed Stone Gray Finish
• Women's Fit
• Asymmetrical Draped Silhouette
• Soft Stretch Knit
• Breathable Natural Fibers
• Ethically Produced
• Maxi Length Design","gray skirt, stone skirt, hemp clothing, hand dyed skirt, boho fashion, sustainable clothing, artisan skirt, asymmetrical skirt, eco fashion, flowy maxi skirt, festival clothing, minimalist clothing, slow fashion"
TOC-SKIRT-SER-WHT-SM,TOC-SKISW-W-WHITEWHITE,Fall,Skirts - Serenity,Skirts,Serenity,,Womens,Serenity Skirt,Skirts Womens White  White,White,White,White,4. Blanco,,Hemp Cotton Jersey,Hand dyed,S/M,,,,,,1,,$150,$150,Y,Price TBC,,Draft,,https://drive.google.com/drive/u/0/folders/181AaXHvVHyTMzq4lF_UJEC800-FBrhDX,etsy.com/your/shops/me/listing-editor/edit/4522448105,,"Moon White Hemp Cotton Skirt, Hand Dyed White Maxi Skirt, Sustainable Boho Clothing, Asymmetrical Festival Skirt, Women's Artisan Fashion","Clean, luminous, and effortlessly versatile, the Moon White skirt celebrates the beauty of simplicity through thoughtful craftsmanship and natural materials. Hand dyed in soft white tones, this flowing hemp cotton jersey skirt offers a fresh, timeless aesthetic inspired by moonlight, clouds, and organic textures.

The asymmetrical silhouette features layered draping that creates movement and visual interest while maintaining an elegant simplicity. Soft folds flow naturally from the waist into a graceful maxi-length shape, creating a garment that feels both artistic and easy to wear. The white coloration highlights the sculptural qualities of the design, allowing every fold and contour to stand out beautifully.

Crafted from a breathable hemp cotton jersey blend, the fabric offers softness, comfort, and durability. The natural fiber construction supports a more sustainable approach to fashion while providing a beautiful drape that moves effortlessly with the body. Subtle tonal variations from the hand-dye process add depth and individuality to each piece.

Moon White reflects the values of slow fashion through its combination of timeless design, artisan craftsmanship, and conscious material choices. The result is a versatile wardrobe staple that feels refined, modern, and enduring.

Product Details:
• Hemp Cotton Jersey
• Hand Dyed White Finish
• Women's Fit
• Asymmetrical Draped Design
• Soft Stretch Knit
• Breathable Natural Fibers
• Ethically Produced
• Flowing Maxi Length","white skirt, hemp skirt, boho clothing, hand dyed skirt, sustainable fashion, artisan clothing, asymmetrical skirt, flowy maxi skirt, eco fashion, festival clothing, minimalist style, womens clothing, slow fashion"
TOC-SKIRT-PCKT-CRM-OS,,Fall,Skirts - Womens Pocket,,,,,Womens Skirt with Pockets,,,Cream,,,,Cotton and Guatemala Fabric,,OS,,,,,,1,,$120,$120,,Cotton with brass button and Guatemala fabric rouching,,Not Started,,,,,,,
TOC-SKIRT-PCKT-CRM-OS,,Fall,Skirts - Womens Pocket,,,,,Womens Skirt with Pockets,,,Cream,,,,Cotton and Guatemala Fabric,,OS,,,,,,1,,$120,$120,,Cotton with brass button and Guatemala fabric rouching,,Not Started,,,,,,,
TOC-SKIRT-PCKT-CRM-OS,,Fall,Skirts - Womens Pocket,,,,,Womens Skirt with Pockets,,,Cream,,,,Cotton and Guatemala Fabric,,OS,,,,,,1,,$120,$120,,Cotton with brass button and Guatemala fabric rouching,,Not Started,,,,,,,
TOC-SKIRT-PCKT-GRN-OS,,Fall,Skirts - Womens Pocket,,,,,Womens Skirt with Pockets,,,Green,,,,Cotton and Guatemala Fabric,,OS,,,,,,1,,$120,$120,,Cotton with brass button and Guatemala fabric rouching,,Not Started,,,,,,,
TOC-SKIRT-PCKT-GRN-OS,,Fall,Skirts - Womens Pocket,,,,,Womens Skirt with Pockets,,,Green,,,,Cotton and Guatemala Fabric,,OS,,,,,,1,,$120,$120,,Cotton with brass button and Guatemala fabric rouching,,Not Started,,,,,,,
TOC-SKIRT-PCKT-RST-OS,,Fall,Skirts - Womens Pocket,,,,,Womens Skirt with Pockets,,,Rust,,,,Cotton and Guatemala Fabric,,OS,,,,,,1,,$120,$120,,Cotton with brass button and Guatemala fabric rouching,,Not Started,,,,,,,
TOC-SKIRT-WRAP-GRN-OS,,Fall,Skirts - Wrap Popper,,,,,Wrap Around Popper Skirt,,,Green,,,,Recycled Corduroy and Suede,,OS,,,,,,1,,$90,$90,,Recycled corduroy and suede with dreamcatcher embroidery,,Not Started,,,,,,,
TOC-SKIRT-WRAP-LIG-BRN-OS,,Fall,Skirts - Wrap Popper,,,,,Wrap Around Popper Skirt,,,Light Brown,,,,Recycled Corduroy and Suede,,OS,,,,,,1,,$90,$90,,Recycled corduroy and suede with dreamcatcher embroidery,,Not Started,,,,,,,
TOC-TUNIC-BLK-SM,,Fall,Tunics,,,,,Tunic,,,Black,,,,Hemp Cotton Jersey,,S/M,,,,,,1,,$110,$110,,Hemp cotton jersey,,Not Started,,,,,,,
TOC-TUNIC-BLK-SM,,Fall,Tunics,,,,,Tunic,,,Black,,,,Natural Dye Hemp and Cotton,,S/M,,,,,,1,,$110,$110,,Price TBC,,Not Started,,,,,,,
TOC-TUNIC-YEL-SM,,Fall,Tunics,,,,,Tunic,,,Yellow,,,,Natural Dye Hemp and Cotton,,S/M,,,,,,1,,$110,$110,,Price TBC,,Not Started,,,,,,,
TOC-VEST-M-BTN-BGE-SRP-L,,Fall,Vests - Mens Button Up,,,,,Mens Button Up Vest,,,Beige with Double Serpent Merkaba Light Language,,,,Recycled Suede and Cotton,,L,,,,,,1,,$130,$130,,Embroidered pockets stud recycled suede and cotton,,Not Started,,,,,,,
TOC-VEST-M-BTN-BGE-SRP-XL,,Fall,Vests - Mens Button Up,,,,,Mens Button Up Vest,,,Beige with Double Serpent Merkaba Light Language,,,,Recycled Suede and Cotton,,XL,,,,,,1,,$130,$130,,Embroidered pockets stud recycled suede and cotton,,Not Started,,,,,,,
TOC-VEST-M-COL-BLK-BLK-SHPB-L,,Fall,Vests - Mens Collared - Black Shipibo,,,,,Mens Black Collared Vest,,,Black with Shipibo Screen Print and Gold Zipper,,,,Cotton,,L,,,,,,1,,$130,$130,,Tailored cotton gold zipper front and pockets,,Not Started,,,,,,,
TOC-VEST-M-COL-BLK-MRN-ML,,Fall,Vests - Mens Collared with Guate Textiles,,,,,Mens Collared Vest with Guate Textiles,,,Black and Maroon with Rainbow Edges - Reversible,,,,Mixed with Guatemala Textiles,,M/L,,,,,,1,,$175,$175,,,,Not Started,,,,,,,
TOC-VEST-M-COL-BLK-MRN-ML,,Fall,Vests - Mens Collared with Guate Textiles,,,,,Mens Collared Vest with Guate Textiles,,,Black and Maroon with Rainbow Edges - Reversible,,,,Mixed with Guatemala Textiles,,M/L,,,,,,1,,$175,$175,,,,Not Started,,,,,,,
TOC-VEST-M-COL-BLK-MRN-ML,,Fall,Vests - Mens Collared with Guate Textiles,,,,,Mens Collared Vest with Guate Textiles,,,Black and Maroon with Rainbow Edges - Reversible,,,,Mixed with Guatemala Textiles,,M/L,,,,,,1,,$175,$175,,,,Not Started,,,,,,,
TOC-VEST-M-COL-BLK-MRN-ML,,Fall,Vests - Mens Collared with Guate Textiles,,,,,Mens Collared Vest with Guate Textiles,,,Black and Maroon with Rainbow Edges - Reversible,,,,Mixed with Guatemala Textiles,,M/L,,,,,,1,,$175,$175,,,,Not Started,,,,,,,
TOC-VEST-M-COL-BRN-GRY-ML,,Fall,Vests - Mens Collared with Guate Textiles,,,,,Mens Collared Vest with Guate Textiles,,,Brown and Grey with Blue Edges,,,,Mixed with Guatemala Textiles,,M/L,,,,,,1,,$150,$150,,,,Not Started,,,,,,,
TOC-VEST-M-COL-BRN-GRY-ML,,Fall,Vests - Mens Collared with Guate Textiles,,,,,Mens Collared Vest with Guate Textiles,,,Brown and Grey with Blue Edges,,,,Mixed with Guatemala Textiles,,M/L,,,,,,1,,$150,$150,,,,Not Started,,,,,,,
TOC-VEST-M-GUATE-BGE-GRN-OS,TOC-VESGM--,Fall,Vests - Mens Guatemala Hooded,Vests,Guatemala,,Mens,Mens Guatemala Hooded Vest,Vests Mens   ,,Beige and Green with Pink Guate Textiles,,,,Mixed with Guatemala Textiles,,OS,,,,,,1,,$250,$250,Y,,,Draft,,,,,,,
TOC-VEST-M-GUATE-BRN-GLD-OS,TOC-VESGM--,Fall,Vests - Mens Guatemala Hooded,Vests,Guatemala,,Mens,Mens Guatemala Hooded Vest,Vests Mens   ,,Brown and Gold with Pink Guate Textiles,,,,Mixed with Guatemala Textiles,,OS,,,,,,1,,$250,$250,Y,,,Draft,,,,,,,
TOC-VEST-M-GUATE-BRN-GRY-OS,TOC-VESGM--,Fall,Vests - Mens Guatemala Hooded,Vests,Guatemala,,Mens,Mens Guatemala Hooded Vest,Vests Mens   ,,Brown and Grey with Pink Guate Textiles,,,,Mixed with Guatemala Textiles,,OS,,,,,,1,,$250,$250,Y,,,Draft,,,,,,,
TOC-VEST-M-GUATE-BRN-WHT-OS,TOC-VESGM--,Fall,Vests - Mens Guatemala Hooded,Vests,Guatemala,,Mens,Mens Guatemala Hooded Vest,Vests Mens   ,,Brown and White with Blue Guate Textiles,,,,Mixed with Guatemala Textiles,,OS,,,,,,1,,$250,$250,Y,,,Draft,,,,,,,
TOC-VEST-M-GUATE-BRN-WHT-OS,TOC-VESGM--,Fall,Vests - Mens Guatemala Hooded,Vests,Guatemala,,Mens,Mens Guatemala Hooded Vest,Vests Mens   ,,Brown and White with Maroon and Blue Guate Textiles,,,,Mixed with Guatemala Textiles,,OS,,,,,,1,,$250,$250,Y,,,Draft,,,,,,,
TOC-VEST-M-GUATE-GLD-BGE-OS,TOC-VESGM--,Fall,Vests - Mens Guatemala Hooded,Vests,Guatemala,,Mens,Mens Guatemala Hooded Vest,Vests Mens   ,,Gold Beige Green with Red and Green Guate Textiles,,,,Mixed with Guatemala Textiles,,OS,,,,,,1,,$250,$250,Y,,,Draft,,,,,,,
TOC-VEST-M-GUATE-GRY-PRP-OS,TOC-VESGM--,Fall,Vests - Mens Guatemala Hooded,Vests,Guatemala,,Mens,Mens Guatemala Hooded Vest,Vests Mens   ,,Grey and Purple with Red Guate Textiles,,,,Mixed with Guatemala Textiles,,OS,,,,,,1,,$250,$250,,Photo not done,,Draft,,,,,,,
TOC-VEST-M-GUATE-GRY-HBONE-OS,TOC-VESGM--,Fall,Vests - Mens Guatemala Hooded,Vests,Guatemala,,Mens,Mens Guatemala Hooded Vest,Vests Mens   ,,Grey Herringbone and Cream with Purple and Blue Guate Textiles,,,,Mixed with Guatemala Textiles,,OS,,,,,,1,,$250,$250,Y,,,Draft,,,,,,,
TOC-VEST-M-GUATE-GRY-HBONE-OS,TOC-VESGM--,Fall,Vests - Mens Guatemala Hooded,Vests,Guatemala,,Mens,Mens Guatemala Hooded Vest,Vests Mens   ,,Grey Herringbone and Grey/Beige with Purple Guate Textiles,,,,Mixed with Guatemala Textiles,,OS,,,,,,1,,$250,$250,Y,,,Draft,,,,,,,
TOC-VEST-M-KUND-BGE-SDE-L,,Fall,Vests - Mens Kundalini Serpents,,,,,Mens Vest with Kundalini Serpents,,,Beige Suede,,,,Suede,,L,,,,,,1,,$100,$100,,,,Not Started,,,,,,,
TOC-VEST-M-KUND-BGE-SDE-M,,Fall,Vests - Mens Kundalini Serpents,,,,,Mens Vest with Kundalini Serpents,,,Beige Suede,,,,Suede,,M,,,,,,1,,$100,$100,,,,Not Started,,,,,,,
TOC-VEST-M-RMVHD-DAR-BRN-L,,Fall,Vests - Mens Removable Hood,,,,,Mens Vest with Removable Hood,,,Dark Brown and Green,,,,Suede and Cotton,,L,,,,,,1,,$75,$75,,Damaged - fabric peeling off,,Not Started,,,,,,,
TOC-VEST-M-RMVHD-DAR-BRN-M,,Fall,Vests - Mens Removable Hood,,,,,Mens Vest with Removable Hood,,,Dark Brown with Flower of Life and Light Language Mandala,,,,Suede and Cotton,,M,,,,,,1,,$150,$150,,M discounted - hood missing ($100),,Not Started,,,,,,,
TOC-VEST-M-RMVHD-DAR-BRN-XL,,Fall,Vests - Mens Removable Hood,,,,,Mens Vest with Removable Hood,,,Dark Brown with Flower of Life and Light Language Mandala,,,,Suede and Cotton,,XL,,,,,,1,,$150,$150,,M discounted - hood missing ($100),,Not Started,,,,,,,
TOC-VEST-M-RMVHD-BLU-BLU-WHT-L,,Fall,Vests - Mens Removable Hood - Blue White Screenprint,,,,,Mens Vest with Removable Hood Blue White Screenprint,,,Blue and White,,,,Corduroy Cotton and Indigenous Textiles,,L,,,,,,1,,$150,$150,,Snappers and screen printed corduroy cotton and indigenous textiles,,Not Started,,,,,,,
TOC-VEST-M-RMVHD-BLU-BLU-WHT-XL,,Fall,Vests - Mens Removable Hood - Blue White Screenprint,,,,,Mens Vest with Removable Hood Blue White Screenprint,,,Blue and White,,,,Corduroy Cotton and Indigenous Textiles,,XL,,,,,,1,,$150,$150,,Snappers and screen printed corduroy cotton and indigenous textiles,,Not Started,,,,,,,
TOC-VEST-M-RMVHD-BLU-BLU-WHT-XL,,Fall,Vests - Mens Removable Hood - Blue White Screenprint,,,,,Mens Vest with Removable Hood Blue White Screenprint,,,Blue and White,,,,Corduroy Cotton and Indigenous Textiles,,XL,,,,,,1,,$150,$150,,Snappers and screen printed corduroy cotton and indigenous textiles,,Not Started,,,,,,,
TOC-VEST-M-RMVHD-BRN-BRN-SDE-L,,Fall,Vests - Mens Removable Hood - Brown Suede Light Language,,,,,Mens Vest with Removable Hood Brown Suede Light Language,,,Brown Suede,,,,Suede and Cotton,,L,,,,,,1,,$150,$150,,Brown suede embroidery and cotton light language,,Not Started,,,,,,,
TOC-VEST-M-RMVHD-BRN-BRN-SDE-L,,Fall,Vests - Mens Removable Hood - Brown Suede Light Language,,,,,Mens Vest with Removable Hood Brown Suede Light Language,,,Brown Suede,,,,Suede and Cotton,,L,,,,,,1,,$150,$150,,Brown suede embroidery and cotton light language,,Not Started,,,,,,,
TOC-VEST-M-RMVHD-BRN-BRN-SDE-M,,Fall,Vests - Mens Removable Hood - Brown Suede Light Language,,,,,Mens Vest with Removable Hood Brown Suede Light Language,,,Brown Suede,,,,Suede and Cotton,,M,,,,,,1,,$150,$150,,Brown suede embroidery and cotton light language,,Not Started,,,,,,,
TOC-VEST-M-RMVHD-DBRN-DAR-BRN-L,,Fall,Vests - Mens Removable Hood - Dark Brown Suede Light Language,,,,,Mens Vest with Removable Hood Dark Brown Suede Light Language,,,Dark Brown Suede with Orange Embroidery,,,,Suede,,L,,,,,,1,,$150,$150,,Orange embroidery zipper pockets,,Not Started,,,,,,,
TOC-VEST-M-RMVHD-DBRN-DAR-BRN-L,,Fall,Vests - Mens Removable Hood - Dark Brown Suede Light Language,,,,,Mens Vest with Removable Hood Dark Brown Suede Light Language,,,Dark Brown Suede with Orange Embroidery,,,,Suede,,L,,,,,,1,,$150,$150,,Orange embroidery zipper pockets,,Not Started,,,,,,,
TOC-VEST-M-SCRN-BLU-WHT-L,,Fall,Vests - Mens Removable Hoody Screen Printed,,,,,Mens Vest with Removable Hoody Screen Printed,,,Blue and White,,,,Corduroy and Indigenous Textiles,,L,,,,,,1,,$120,$120,,M missing button,,Not Started,,,,,,,
TOC-VEST-M-SCRN-BLU-WHT-M,,Fall,Vests - Mens Removable Hoody Screen Printed,,,,,Mens Vest with Removable Hoody Screen Printed,,,Blue and White,,,,Corduroy and Indigenous Textiles,,M,,,,,,1,,$120,$120,,M missing button,,Not Started,,,,,,,
TOC-VEST-M-SCRN-BLU-WHT-S,,Fall,Vests - Mens Removable Hoody Screen Printed,,,,,Mens Vest with Removable Hoody Screen Printed,,,Blue and White,,,,Corduroy and Indigenous Textiles,,S,,,,,,1,,$120,$120,,M missing button,,Not Started,,,,,,,
TOC-VEST-M-SCRN-BRN-PNK-L,,Fall,Vests - Mens Removable Hoody Screen Printed,,,,,Mens Vest with Removable Hoody Screen Printed,,,Brown with Pink Textiles,,,,Corduroy and Indigenous Textiles,,L,,,,,,1,,$120,$120,,,,Not Started,,,,,,,
TOC-VEST-M-SCRN-BRN-PNK-L,,Fall,Vests - Mens Removable Hoody Screen Printed,,,,,Mens Vest with Removable Hoody Screen Printed,,,Brown with Pink Textiles,,,,Corduroy and Indigenous Textiles,,L,,,,,,1,,$120,$120,,,,Not Started,,,,,,,
TOC-VEST-M-SCRN-BRN-PNK-L,,Fall,Vests - Mens Removable Hoody Screen Printed,,,,,Mens Vest with Removable Hoody Screen Printed,,,Brown with Pink Textiles,,,,Corduroy and Indigenous Textiles,,L,,,,,,1,,$120,$120,,,,Not Started,,,,,,,
TOC-VEST-M-TLRD-GRY-CORD-M,,Fall,Vests - Mens Tailored with Guate Fabric,,,,,Mens Tailored Vest with Guate Fabric,,,Grey Corduroy with Rainbow Textiles,,,,Corduroy with Guatemala Fabric,,M,,,,,,1,,$95,$95,,,,Not Started,,,,,,,
TOC-VEST-M-TLRD-GRY-CORD-M,,Fall,Vests - Mens Tailored with Guate Fabric,,,,,Mens Tailored Vest with Guate Fabric,,,Grey Corduroy with Rainbow Textiles,,,,Corduroy with Guatemala Fabric,,M,,,,,,1,,$95,$95,,,,Not Started,,,,,,,
TOC-VEST-M-TLRD-GRY-CORD-M,,Fall,Vests - Mens Tailored with Guate Fabric,,,,,Mens Tailored Vest with Guate Fabric,,,Grey Corduroy with Rainbow Textiles,,,,Corduroy with Guatemala Fabric,,M,,,,,,1,,$95,$95,,,,Not Started,,,,,,,
TOC-VEST-M-HMB-BRN-SDE-L,,Fall,Vests - Mens Tailored with Hummingbird,,,,,Mens Tailored Vest with Hummingbird,,,Brown Suede,,,,Suede and Corduroy,,L,,,,,,1,,$100,$100,,,,Not Started,,,,,,,
TOC-VEST-M-HMB-BRN-SDE-XL,,Fall,Vests - Mens Tailored with Hummingbird,,,,,Mens Tailored Vest with Hummingbird,,,Brown Suede,,,,Suede and Corduroy,,XL,,,,,,1,,$100,$100,,,,Not Started,,,,,,,
TOC-VEST-M-HMB-GRN-CORD-SM,,Fall,Vests - Mens Tailored with Hummingbird,,,,,Mens Tailored Vest with Hummingbird,,,Green Corduroy with Embroidered Peyote Flower Mandala,,,,Suede and Corduroy,,S/M,,,,,,1,,$100,$100,,,,Not Started,,,,,,,
TOC-VEST-M-HMB-GRN-CORD-SM,,Fall,Vests - Mens Tailored with Hummingbird,,,,,Mens Tailored Vest with Hummingbird,,,Green Corduroy with Embroidered Peyote Flower Mandala,,,,Suede and Corduroy,,S/M,,,,,,1,,$100,$100,,,,Not Started,,,,,,,
TOC-VEST-M-HMB-GRN-CORD-SM,,Fall,Vests - Mens Tailored with Hummingbird,,,,,Mens Tailored Vest with Hummingbird,,,Green Corduroy with Embroidered Peyote Flower Mandala,,,,Suede and Corduroy,,S/M,,,,,,1,,$100,$100,,,,Not Started,,,,,,,
TOC-VEST-M-HMB-WHT-SDE-L,,Fall,Vests - Mens Tailored with Hummingbird,,,,,Mens Tailored Vest with Hummingbird,,,White Suede,,,,Suede and Corduroy,,L,,,,,,1,,$100,$100,,,,Not Started,,,,,,,
TOC-VEST-M-HMB-WHT-SDE-M,,Fall,Vests - Mens Tailored with Hummingbird,,,,,Mens Tailored Vest with Hummingbird,,,White Suede,,,,Suede and Corduroy,,M,,,,,,1,,$100,$100,,,,Not Started,,,,,,,
TOC-VEST-M-HMB-WHT-SDE-S,,Fall,Vests - Mens Tailored with Hummingbird,,,,,Mens Tailored Vest with Hummingbird,,,White Suede,,,,Suede and Corduroy,,S,,,,,,1,,$100,$100,,,,Not Started,,,,,,,
TOC-VEST-M-HMB-WHT-SDE-S,,Fall,Vests - Mens Tailored with Hummingbird,,,,,Mens Tailored Vest with Hummingbird,,,White Suede,,,,Suede and Corduroy,,S,,,,,,1,,$100,$100,,,,Not Started,,,,,,,
TOC-VEST-M-HMB-WHT-SDE-S,,Fall,Vests - Mens Tailored with Hummingbird,,,,,Mens Tailored Vest with Hummingbird,,,White Suede,,,,Suede and Corduroy,,S,,,,,,1,,$100,$100,,,,Not Started,,,,,,,
TOC-VEST-M-HMB-WHT-SDE-S,,Fall,Vests - Mens Tailored with Hummingbird,,,,,Mens Tailored Vest with Hummingbird,,,White Suede,,,,Suede and Corduroy,,S,,,,,,1,,$100,$100,,,,Not Started,,,,,,,
TOC-VEST-M-HMB-WHT-SDE-S,,Fall,Vests - Mens Tailored with Hummingbird,,,,,Mens Tailored Vest with Hummingbird,,,White Suede,,,,Suede and Corduroy,,S,,,,,,1,,$100,$100,,,,Not Started,,,,,,,
TOC-VEST-M-HMB-WHT-SDE-S,,Fall,Vests - Mens Tailored with Hummingbird,,,,,Mens Tailored Vest with Hummingbird,,,White Suede,,,,Suede and Corduroy,,S,,,,,,1,,$100,$100,,,,Not Started,,,,,,,
TOC-VEST-U-COL-BRN-CORD-SM,,Fall,Vests - Unisex Collared Fitted,,,,,Unisex Collared Fitted Vest with Reverse Appliqué and Guate Textiles,,,Brown Corduroy with Symbol,,,,Corduroy and Tweed,,S/M,,,,,,1,,$150,$150,,,,Not Started,,,,,,,
TOC-VEST-U-COL-BUR-RST-SM,,Fall,Vests - Unisex Collared Fitted,,,,,Unisex Collared Fitted Vest with Reverse Appliqué and Guate Textiles,,,Burnt Rust Corduroy,,,,Corduroy and Tweed,,S/M,,,,,,1,,$120,$120,,,,Not Started,,,,,,,
TOC-VEST-U-COL-BUR-RST-SM,,Fall,Vests - Unisex Collared Fitted,,,,,Unisex Collared Fitted Vest with Reverse Appliqué and Guate Textiles,,,Burnt Rust Corduroy with Elephant Design,,,,Corduroy and Tweed,,S/M,,,,,,1,,$150,$150,,,,Not Started,,,,,,,
TOC-VEST-U-COL-GRY-TWD-SM,,Fall,Vests - Unisex Collared Fitted,,,,,Unisex Collared Fitted Vest with Reverse Appliqué and Guate Textiles,,,Grey Tweed with Eagle Design,,,,Corduroy and Tweed,,S/M,,,,,,1,,$150,$150,,,,Not Started,,,,,,,
TOC-VEST-U-COL-GRY-TWD-SM,,Fall,Vests - Unisex Collared Fitted,,,,,Unisex Collared Fitted Vest with Reverse Appliqué and Guate Textiles,,,Grey Tweed with Elephant Design,,,,Corduroy and Tweed,,S/M,,,,,,1,,$150,$150,,,,Not Started,,,,,,,
TOC-VEST-U-COL-GRY-TWD-SM,,Fall,Vests - Unisex Collared Fitted,,,,,Unisex Collared Fitted Vest with Reverse Appliqué and Guate Textiles,,,Grey Tweed with Geometric Design,,,,Corduroy and Tweed,,S/M,,,,,,1,,$150,$150,,,,Not Started,,,,,,,
TOC-VEST-W-CROP-BEJ-WHT-SDE-OS,,Fall,Vests - Womens Cropped Hooded - Beja Flor,,,,,Womens Shipibo Beja Flor Vest,,,White Suede with Shipibo Beja Flor,,,,Suede,,OS,,,,,,1,,$140,$140,,White suede pockets recycled material,,Not Started,,,,,,,
TOC-VEST-W-CROP-FOL-CRM-FLW-OS,,Fall,Vests - Womens Cropped Hooded - Flower of Life,,,,,Womens Flower of Life Hooded Vest,,,Cream with Flower of Life Light Language,,,,Recycled Material,,OS,,,,,,1,,$120,$120,,Embroidered pockets recycled material,,Not Started,,,,,,,
TOC-VEST-W-CROP-GAL-SHA-GRY-OS,,Fall,Vests - Womens Cropped Hooded - Galactic,,,,,Womens Hooded Cropped Vest Galactic,,,Shades of Grey with Galactic Light Language,,,,Recycled Material,,OS,,,,,,1,,$110,$110,,Embroidered recycled material,,Not Started,,,,,,,
TOC-VEST-W-CROP-GAL-SHA-GRY-OS,,Fall,Vests - Womens Cropped Hooded - Galactic,,,,,Womens Hooded Cropped Vest Galactic,,,Shades of Grey with Galactic Light Language,,,,Recycled Material,,OS,,,,,,1,,$110,$110,,Embroidered recycled material,,Not Started,,,,,,,
TOC-VEST-W-HD-BGE-CORD-SM,,Fall,Vests - Womens Hooded,,,,,Womens Hooded Vest,,,Beige Corduroy and Textile Piping - Embroidery - Rev App on Hood and Back - Hive Design,,,,Suede and Corduroy,,S/M,,,,,,1,,$200,$200,,,,Not Started,,,,,,,
TOC-VEST-W-HD-BGE-SDE-SM,,Fall,Vests - Womens Hooded,,,,,Womens Hooded Vest,,,Beige Suede with Patchwork Hood - Dandelion and Wildflower Embroidery - Guate Textiles - Zip Pockets,,,,Suede and Corduroy,,S/M,,,,,,1,,$220,$220,,,,Not Started,,,,,,,
TOC-VEST-W-HD-BRN-CORD-SM,,Fall,Vests - Womens Hooded,,,,,Womens Hooded Vest,,,Brown Corduroy with Earth Toned Textiles - Rev App Embroidery - Front and Back - Hive and Geometric,,,,Suede and Corduroy,,S/M,,,,,,1,,$200,$200,,,,Not Started,,,,,,,
TOC-VEST-W-HD-GRN-TWD-SM,,Fall,Vests - Womens Hooded,,,,,Womens Hooded Vest,,,Green Tweed and Corduroy with Piping - Elephant and Hand Embroidery - Rev App,,,,Suede and Corduroy,,S/M,,,,,,1,,$220,$220,,,,Not Started,,,,,,,
TOC-ND-HOODIE-BGE-M,,Winter,Natural Dye Clothing - Hoodies,,,,,Hoodie,,,Beige,,,,Natural Dye Hemp and Cotton,,M,,,,,,1,,$175,$175,,,,Not Started,,,,,,,
TOC-ND-HOODIE-BRN-M,,Winter,Natural Dye Clothing - Hoodies,,,,,Hoodie,,,Brown,,,,Natural Dye Hemp and Cotton,,M,,,,,,1,,$175,$175,,,,Not Started,,,,,,,
TOC-ND-HOODIE-GRY-M,,Winter,Natural Dye Clothing - Hoodies,,,,,Hoodie,,,Grey,,,,Natural Dye Hemp and Cotton,,M,,,,,,1,,$175,$175,,,,Not Started,,,,,,,
TOC-PONCHO-OOA-LAC-OS,,Winter,Ponchos and Wraps,,,,,OOAK Lac Cardigan Throw,,,,,,,Natural Dye Hemp and Cotton,,OS,,,,,,1,,$170,$170,,Price TBC,,Not Started,,,,,,,
TOC-PONCHO-TERRA-PON-OS,,Winter,Ponchos and Wraps,,,,,Terracotta Poncho,,,,,,,Natural Dye Hemp and Cotton,,OS,,,,,,1,,$120,$120,,Price TBC (one with tassels),,Not Started,,,,,,,
TOC-PONCHO-TERRA-PON-OS,,Winter,Ponchos and Wraps,,,,,Terracotta Poncho,,,,,,,Natural Dye Hemp and Cotton,,OS,,,,,,1,,$120,$120,,With tassels,,Not Started,,,,,,,
TOC-VEST-FUREDGE-BGE-CORD-OS,,Winter,Vests - Long Hooded Fur Edged,,,,,Long Hooded Fur Edged Vest,,,Beige Corduroy and Brown Herringbone,,,,Corduroy with Fur Trim,,OS,,,,,,1,,$200,$200,Y,Listed,,Listed,,,,,,,
TOC-VEST-FUREDGE-BGE-CORD-OS,,Winter,Vests - Long Hooded Fur Edged,,,,,Long Hooded Fur Edged Vest,,,Beige Corduroy and Brown Squares,,,,Corduroy with Fur Trim,,OS,,,,,,1,,$200,$200,Y,Listed,,Listed,,,,,,,
TOC-VEST-FUREDGE-BGE-SDE-OS,,Winter,Vests - Long Hooded Fur Edged,,,,,Long Hooded Fur Edged Vest,,,Beige Suede,,,,Corduroy with Fur Trim,,OS,,,,,,1,,$200,$200,Y,Listed,,Listed,,,,,,,
TOC-VEST-FUREDGE-GRY-HBONE-OS,,Winter,Vests - Long Hooded Fur Edged,,,,,Long Hooded Fur Edged Vest,,,Grey Herringbone,,,,Corduroy with Fur Trim,,OS,,,,,,1,,$200,$200,Y,Listed,,Listed,,,,,,,
TOC-VEST-FUREDGE-GRY-HBONE-OS,,Winter,Vests - Long Hooded Fur Edged,,,,,Long Hooded Fur Edged Vest,,,Grey Herringbone,,,,Corduroy with Fur Trim,,OS,,,,,,1,,$200,$200,Y,Listed,,Listed,,,,,,,
TOC-VEST-FUREDGE-GRY-HBONE-OS,,Winter,Vests - Long Hooded Fur Edged,,,,,Long Hooded Fur Edged Vest,,,Grey Herringbone,,,,Corduroy with Fur Trim,,OS,,,,,,1,,$200,$200,Y,Listed,,Listed,,,,,,,
TOC-VEST-FUREDGE-GRY-HBONE-OS,,Winter,Vests - Long Hooded Fur Edged,,,,,Long Hooded Fur Edged Vest,,,Grey Herringbone,,,,Corduroy with Fur Trim,,OS,,,,,,1,,$200,$200,Y,Listed,,Listed,,,,,,,
TOC-VEST-M-SHEEP-BLK-GRY-L,,Winter,Vests - Mens Sheepskin Lined Hooded,,,,,Mens Sheepskin Lined Hooded Vest,,,Black and Grey with Rainbow Guate Textiles,,,,Sheepskin Lined,,L,,,,,,1,,$150,$150,,,,Not Started,,,,,,,
,,,,,,,,,,,,,,,,,,,,,,,,,,$0,,,,,,,,,,,
,,,,,,,,,,,,,,,,,,,,,,,,,,$0,,,,,,,,,,,
,,,,,,,,,,,,,,,,,,,,,,,,,,$0,,,,,,,,,,,
,,,,,,,,,,,,,,,,,,,,,,,,,,$0,,,,,,,,,,,
,,,,,,,,,,,,,,,,,,,,,,,,,,$0,,,,,,,,,,,
,,,,,,,,,,,,,,,,,,,,,,,,,,$0,,,,,,,,,,,
,,,,,,,,,,,,,,,,,,,,,,,,,,$0,,,,,,,,,,,
,,,,,,,,,,,,,,,,,,,,,,,,,,$0,,,,,,,,,,,
,,,,,,,,,,,,,,,,,,,,,,,,,,$0,,,,,,,,,,,
,,,,,,,,,,,,,,,,,,,,,,,,,,$0,,,,,,,,,,,
,,,,,,,,,,,,,,,,,,,,,,,,,,$0,,,,,,,,,,,
,,,,,,,,,,,,,,,,,,,,,,,,,,$0,,,,,,,,,,,
,,,,,,,,,,,,,,,,,,,,,,,,,,$0,,,,,,,,,,,
,,,,,,,,,,,,,,,,,,,,,,,,,,$0,,,,,,,,,,,
,,,,,,,,,,,,,,,,,,,,,,,,,,$0,,,,,,,,,,,
,,,,,,,,,,,,,,,,,,,,,,,,,,$0,,,,,,,,,,,
,,,,,,,,,,,,,,,,,,,,,,,,,,$0,,,,,,,,,,,
,,,,,,,,,,,,,,,,,,,,,,,,,,$0,,,,,,,,,,,
,,,,,,,,,,,,,,,,,,,,,,,,,,$0,,,,,,,,,,,
,,,,,,,,,,,,,,,,,,,,,,,,,,$0,,,,,,,,,,,
,,,,,,,,,,,,,,,,,,,,,,,,,,$0,,,,,,,,,,,
,,,,,,,,,,,,,,,,,,,,,,,,,,$0,,,,,,,,,,,
,,,,,,,,,,,,,,,,,,,,,,,,,,$0,,,,,,,,,,,
,,,,,,,,,,,,,,,,,,,,,,,,,,$0,,,,,,,,,,,
,,,,,,,,,,,,,,,,,,,,,,,,,,$0,,,,,,,,,,,
,,,,,,,,,,,,,,,,,,,,,,,,,,$0,,,,,,,,,,,
,,,,,,,,,,,,,,,,,,,,,,,,,,$0,,,,,,,,,,,
,,,,,,,,,,,,,,,,,,,,,,,,,,$0,,,,,,,,,,,
,,,,,,,,,,,,,,,,,,,,,,,,,,$0,,,,,,,,,,,
,,,,,,,,,,,,,,,,,,,,,,,,,,$0,,,,,,,,,,,
,,,,,,,,,,,,,,,,,,,,,,,,,,$0,,,,,,,,,,,
,,,,,,,,,,,,,,,,,,,,,,,,,,$0,,,,,,,,,,,
,,,,,,,,,,,,,,,,,,,,,,,,,,$0,,,,,,,,,,,
,,,,,,,,,,,,,,,,,,,,,,,,,,$0,,,,,,,,,,,
,,,,,,,,,,,,,,,,,,,,,,,,,,$0,,,,,,,,,,,
,,,,,,,,,,,,,,,,,,,,,,,,,,$0,,,,,,,,,,,
,,,,,,,,,,,,,,,,,,,,,,,,,,$0,,,,,,,,,,,
,,,,,,,,,,,,,,,,,,,,,,,,,,$0,,,,,,,,,,,
,,,,,,,,,,,,,,,,,,,,,,,,,,$0,,,,,,,,,,,
,,,,,,,,,,,,,,,,,,,,,,,,,,$0,,,,,,,,,,,
,,,,,,,,,,,,,,,,,,,,,,,,,,$0,,,,,,,,,,,
,,,,,,,,,,,,,,,,,,,,,,,,,,$0,,,,,,,,,,,
,,,,,,,,,,,,,,,,,,,,,,,,,,$0,,,,,,,,,,,
,,,,,,,,,,,,,,,,,,,,,,,,,,$0,,,,,,,,,,,
,,,,,,,,,,,,,,,,,,,,,,,,,,$0,,,,,,,,,,,
,,,,,,,,,,,,,,,,,,,,,,,,,,$0,,,,,,,,,,,
,,,,,,,,,,,,,,,,,,,,,,,,,,$0,,,,,,,,,,,
,,,,,,,,,,,,,,,,,,,,,,,,,,$0,,,,,,,,,,,
,,,,,,,,,,,,,,,,,,,,,,,,,,$0,,,,,,,,,,,
,,,,,,,,,,,,,,,,,,,,,,,,,,$0,,,,,,,,,,,
,,,,,,,,,,,,,,,,,,,,,,,,,,$0,,,,,,,,,,,
,,,,,,,,,,,,,,,,,,,,,,,,,,$0,,,,,,,,,,,
,,,,,,,,,,,,,,,,,,,,,,,,,,$0,,,,,,,,,,,
,,,,,,,,,,,,,,,,,OS,,,,,,,,,$0,,,,,,,,,,,
,,,,,,,,,,,,,,,,,OS,,,,,,,,,$0,,,,,,,,,,,
,,,,,,,,,,,,,,,,,OS,,,,,,,,,$0,,,,,,,,,,,
,,,,,,,,,,,,,,,,,OS,,,,,,,,,$0,,,,,,,,,,,
,,,,,,,,,,,,,,,,,OS,,,,,,,,,$0,,,,,,,,,,,
,,,,,,,,,,,,,,,,,OS,,,,,,,,,$0,,,,,,,,,,,
,,,,,,,,,,,,,,,,,OS,,,,,,,,,$0,,,,,,,,,,,
,,,,,,,,,,,,,,,,,OS,,,,,,,,,$0,,,,,,,,,,,
,,,,,,,,,,,,,,,,,OS,,,,,,,,,$0,,,,,,,,,,,
,,,,,,,,,,,,,,,,,OS,,,,,,,,,$0,,,,,,,,,,,
,,,,,,,,,,,,,,,,,OS,,,,,,,,,$0,,,,,,,,,,,
,,,,,,,,,,,,,,,,,OS,,,,,,,,,$0,,,,,,,,,,,
,,,,,,,,,,,,,,,,,OS,,,,,,,,,$0,,,,,,,,,,,
,,,,,,,,,,,,,,,,,OS,,,,,,,,,$0,,,,,,,,,,,
,,,,,,,,,,,,,,,,,OS,,,,,,,,,$0,,,,,,,,,,,
,,,,,,,,,,,,,,,,,OS,,,,,,,,,$0,,,,,,,,,,,
,,,,,,,,,,,,,,,,,OS,,,,,,,,,$0,,,,,,,,,,,
,,,,,,,,,,,,,,,,,OS,,,,,,,,,$0,,,,,,,,,,,
,,,,,,,,,,,,,,,,,OS,,,,,,,,,$0,,,,,,,,,,,
,,,,,,,,,,,,,,,,,OS,,,,,,,,,$0,,,,,,,,,,,
,,,,,,,,,,,,,,,,,OS,,,,,,,,,$0,,,,,,,,,,,
,,,,,,,,,,,,,,,,,OS,,,,,,,,,$0,,,,,,,,,,,
,,,,,,,,,,,,,,,,,OS,,,,,,,,,$0,,,,,,,,,,,
,,,,,,,,,,,,,,,,,OS,,,,,,,,,$0,,,,,,,,,,,
,,,,,,,,,,,,,,,,,OS,,,,,,,,,$0,,,,,,,,,,,
,,,,,,,,,,,,,,,,,OS,,,,,,,,,$0,,,,,,,,,,,
,,,,,,,,,,,,,,,,,OS,,,,,,,,,$0,,,,,,,,,,,
,,,,,,,,,,,,,,,,,OS,,,,,,,,,$0,,,,,,,,,,,
,,,,,,,,,,,,,,,,,OS,,,,,,,,,$0,,,,,,,,,,,
,,,,,,,,,,,,,,,,,OS,,,,,,,,,$0,,,,,,,,,,,
,,,,,,,,,,,,,,,,,OS,,,,,,,,,$0,,,,,,,,,,,
,,,,,,,,,,,,,,,,,OS,,,,,,,,,$0,,,,,,,,,,,
,,,,,,,,,,,,,,,,,OS,,,,,,,,,$0,,,,,,,,,,,
,,,,,,,,,,,,,,,,,OS,,,,,,,,,$0,,,,,,,,,,,
,,,,,,,,,,,,,,,,,OS,,,,,,,,,$0,,,,,,,,,,,
,,,,,,,,,,,,,,,,,OS,,,,,,,,,$0,,,,,,,,,,,
,,,,,,,,,,,,,,,,,OS,,,,,,,,,$0,,,,,,,,,,,
,,,,,,,,,,,,,,,,,OS,,,,,,,,,$0,,,,,,,,,,,
,,,,,,,,,,,,,,,,,OS,,,,,,,,,$0,,,,,,,,,,,
,,,,,,,,,,,,,,,,,OS,,,,,,,,,$0,,,,,,,,,,,
,,,,,,,,,,,,,,,,,OS,,,,,,,,,$0,,,,,,,,,,,
,,,,,,,,,,,,,,,,,OS,,,,,,,,,$0,,,,,,,,,,,
,,,,,,,,,,,,,,,,,OS,,,,,,,,,$0,,,,,,,,,,,
,,,,,,,,,,,,,,,,,OS,,,,,,,,,$0,,,,,,,,,,,
,,,,,,,,,,,,,,,,,OS,,,,,,,,,$0,,,,,,,,,,,
,,,,,,,,,,,,,,,,,OS,,,,,,,,,$0,,,,,,,,,,,
,,,,,,,,,,,,,,,,,OS,,,,,,,,,$0,,,,,,,,,,,
,,,,,,,,,,,,,,,,,OS,,,,,,,,,$0,,,,,,,,,,,
,,,,,,,,,,,,,,,,,OS,,,,,,,,,$0,,,,,,,,,,,
,,,,,,,,,,,,,,,,,OS,,,,,,,,,$0,,,,,,,,,,,
,,,,,,,,,,,,,,,,,OS,,,,,,,,,$0,,,,,,,,,,,
,,,,,,,,,,,,,,,,,OS,,,,,,,,,$0,,,,,,,,,,,
,,,,,,,,,,,,,,,,,OS,,,,,,,,,$0,,,,,,,,,,,
,,,,,,,,,,,,,,,,,OS,,,,,,,,,$0,,,,,,,,,,,
,,,,,,,,,,,,,,,,,OS,,,,,,,,,$0,,,,,,,,,,,
,,,,,,,,,,,,,,,,,OS,,,,,,,,,$0,,,,,,,,,,,
,,,,,,,,,,,,,,,,,OS,,,,,,,,,$0,,,,,,,,,,,
,,,,,,,,,,,,,,,,,OS,,,,,,,,,$0,,,,,,,,,,,
,,,,,,,,,,,,,,,,,OS,,,,,,,,,$0,,,,,,,,,,,
,,,,,,,,,,,,,,,,,OS,,,,,,,,,$0,,,,,,,,,,,
,,,,,,,,,,,,,,,,,OS,,,,,,,,,$0,,,,,,,,,,,
,,,,,,,,,,,,,,,,,OS,,,,,,,,,$0,,,,,,,,,,,
,,,,,,,,,,,,,,,,,OS,,,,,,,,,$0,,,,,,,,,,,
,,,,,,,,,,,,,,,,,OS,,,,,,,,,$0,,,,,,,,,,,
,,,,,,,,,,,,,,,,,OS,,,,,,,,,$0,,,,,,,,,,,
,,,,,,,,,,,,,,,,,OS,,,,,,,,,$0,,,,,,,,,,,
,,,,,,,,,,,,,,,,,OS,,,,,,,,,$0,,,,,,,,,,,
,,,,,,,,,,,,,,,,,OS,,,,,,,,,$0,,,,,,,,,,,
,,,,,,,,,,,,,,,,,OS,,,,,,,,,$0,,,,,,,,,,,
,,,,,,,,,,,,,,,,,OS,,,,,,,,,$0,,,,,,,,,,,
,,,,,,,,,,,,,,,,,OS,,,,,,,,,$0,,,,,,,,,,,
,,,,,,,,,,,,,,,,,OS,,,,,,,,,$0,,,,,,,,,,,
,,,,,,,,,,,,,,,,,OS,,,,,,,,,$0,,,,,,,,,,,
,,,,,,,,,,,,,,,,,OS,,,,,,,,,$0,,,,,,,,,,,
,,,,,,,,,,,,,,,,,OS,,,,,,,,,$0,,,,,,,,,,,
,,,,,,,,,,,,,,,,,OS,,,,,,,,,$0,,,,,,,,,,,
,,,,,,,,,,,,,,,,,OS,,,,,,,,,$0,,,,,,,,,,,
,,,,,,,,,,,,,,,,,OS,,,,,,,,,$0,,,,,,,,,,,
,,,,,,,,,,,,,,,,,OS,,,,,,,,,$0,,,,,,,,,,,
,,,,,,,,,,,,,,,,,OS,,,,,,,,,$0,,,,,,,,,,,
,,,,,,,,,,,,,,,,,OS,,,,,,,,,$0,,,,,,,,,,,
,,,,,,,,,,,,,,,,,OS,,,,,,,,,$0,,,,,,,,,,,
,,,,,,,,,,,,,,,,,OS,,,,,,,,,$0,,,,,,,,,,,
,,,,,,,,,,,,,,,,,OS,,,,,,,,,$0,,,,,,,,,,,
,,,,,,,,,,,,,,,,,OS,,,,,,,,,$0,,,,,,,,,,,
,,,,,,,,,,,,,,,,,OS,,,,,,,,,$0,,,,,,,,,,,
,,,,,,,,,,,,,,,,,OS,,,,,,,,,$0,,,,,,,,,,,
,,,,,,,,,,,,,,,,,OS,,,,,,,,,$0,,,,,,,,,,,
,,,,,,,,,,,,,,,,,OS,,,,,,,,,$0,,,,,,,,,,,
,,,,,,,,,,,,,,,,,OS,,,,,,,,,$0,,,,,,,,,,,
,,,,,,,,,,,,,,,,,OS,,,,,,,,,$0,,,,,,,,,,,
,,,,,,,,,,,,,,,,,OS,,,,,,,,,$0,,,,,,,,,,,
,,,,,,,,,,,,,,,,,OS,,,,,,,,,$0,,,,,,,,,,,
,,,,,,,,,,,,,,,,,OS,,,,,,,,,$0,,,,,,,,,,,
,,,,,,,,,,,,,,,,,OS,,,,,,,,,$0,,,,,,,,,,,
,,,,,,,,,,,,,,,,,OS,,,,,,,,,$0,,,,,,,,,,,
,,,,,,,,,,,,,,,,,OS,,,,,,,,,$0,,,,,,,,,,,
,,,,,,,,,,,,,,,,,OS,,,,,,,,,$0,,,,,,,,,,,
,,,,,,,,,,,,,,,,,OS,,,,,,,,,$0,,,,,,,,,,,
,,,,,,,,,,,,,,,,,OS,,,,,,,,,$0,,,,,,,,,,,
,,,,,,,,,,,,,,,,,OS,,,,,,,,,$0,,,,,,,,,,,
,,,,,,,,,,,,,,,,,OS,,,,,,,,,$0,,,,,,,,,,,
,,,,,,,,,,,,,,,,,OS,,,,,,,,,$0,,,,,,,,,,,
,,,,,,,,,,,,,,,,,OS,,,,,,,,,$0,,,,,,,,,,,
,,,,,,,,,,,,,,,,,OS,,,,,,,,,$0,,,,,,,,,,,
,,,,,,,,,,,,,,,,,OS,,,,,,,,,$0,,,,,,,,,,,
,,,,,,,,,,,,,,,,,OS,,,,,,,,,$0,,,,,,,,,,,
,,,,,,,,,,,,,,,,,OS,,,,,,,,,$0,,,,,,,,,,,
,,,,,,,,,,,,,,,,,OS,,,,,,,,,$0,,,,,,,,,,,
,,,,,,,,,,,,,,,,,OS,,,,,,,,,$0,,,,,,,,,,,
,,,,,,,,,,,,,,,,,OS,,,,,,,,,$0,,,,,,,,,,,
,,,,,,,,,,,,,,,,,OS,,,,,,,,,$0,,,,,,,,,,,
,,,,,,,,,,,,,,,,,OS,,,,,,,,,$0,,,,,,,,,,,
,,,,,,,,,,,,,,,,,OS,,,,,,,,,$0,,,,,,,,,,,
,,,,,,,,,,,,,,,,,OS,,,,,,,,,$0,,,,,,,,,,,
,,,,,,,,,,,,,,,,,OS,,,,,,,,,$0,,,,,,,,,,,
,,,,,,,,,,,,,,,,,OS,,,,,,,,,$0,,,,,,,,,,,
,,,,,,,,,,,,,,,,,OS,,,,,,,,,$0,,,,,,,,,,,
,,,,,,,,,,,,,,,,,OS,,,,,,,,,$0,,,,,,,,,,,
,,,,,,,,,,,,,,,,,OS,,,,,,,,,$0,,,,,,,,,,,
,,,,,,,,,,,,,,,,,OS,,,,,,,,,$0,,,,,,,,,,,
,,,,,,,,,,,,,,,,,OS,,,,,,,,,$0,,,,,,,,,,,
,,,,,,,,,,,,,,,,,OS,,,,,,,,,$0,,,,,,,,,,,
TOTAL,,,,,,,,,,,,,,,,,,,,,,,853,,,$0,,,,,,,,,,,
,,,,,,,,,,,,,,,,,,,,,,,,,,$0,,,,,,,,,,,
,,,,,,,,,,,,,,,,,,,,,,,,,,$0,,,,,,,,,,,
,,,,,,,,,,,,,,,,,,,,,,,,,,$0,,,,,,,,,,,
,,,,,,,,,,,,,,,,,,,,,,,,,,$0,,,,,,,,,,,
,,,,,,,,,,,,,,,,,,,,,,,,,,$0,,,,,,,,,,,
,,,,,,,,,,,,,,,,,,,,,,,,,,$0,,,,,,,,,,,
,,,,,,,,,,,,,,,,,,,,,,,,,,$0,,,,,,,,,,,
,,,,,,,,,,,,,,,,,,,,,,,,,,$0,,,,,,,,,,,
,,,,,,,,,,,,,,,,,,,,,,,,,,$0,,,,,,,,,,,
,,,,,,,,,,,,,,,,,,,,,,,,,,$0,,,,,,,,,,,
,,,,,,,,,,,,,,,,,,,,,,,,,,$0,,,,,,,,,,,
,,,,,,,,,,,,,,,,,,,,,,,,,,$0,,,,,,,,,,,
,,,,,,,,,,,,,,,,,,,,,,,,,,$0,,,,,,,,,,,
,,,,,,,,,,,,,,,,,,,,,,,,,,$0,,,,,,,,,,,
,,,,,,,,,,,,,,,,,,,,,,,,,,$0,,,,,,,,,,,
,,,,,,,,,,,,,,,,,,,,,,,,,,$0,,,,,,,,,,,
,,,,,,,,,,,,,,,,,,,,,,,,,,$0,,,,,,,,,,,