SKU,Season,Category,Item,Color/Design,Fabric,Size,Quantity,Price,Total Value,Photo,Status,Etsy Link,Website Link,Notes,Titles GPT,Description,Key words
TOC-ONESIE-BLU-BRY-03months,Lifestyle,Baby Onesies,Baby Onesie,Blue Berry,100% Organic Cotton,0-3 months,1,$18,$18,,Not Started,,,100% organic cotton,,,
TOC-ONESIE-BLU-BRY-36months,Lifestyle,Baby Onesies,Baby Onesie,Blue Berry,100% Organic Cotton,3-6 months,1,$18,$18,,Not Started,,,100% organic cotton,,,
TOC-ONESIE-BLU-BRY-69months,Lifestyle,Baby Onesies,Baby Onesie,Blue Berry,100% Organic Cotton,6-9 months,1,$18,$18,,Not Started,,,100% organic cotton,,,
TOC-ONESIE-CRL-36months,Lifestyle,Baby Onesies,Baby Onesie,Coral,100% Organic Cotton,3-6 months,1,$18,$18,,Not Started,,,100% organic cotton,,,
TOC-ONESIE-CRL-36months,Lifestyle,Baby Onesies,Baby Onesie,Coral,100% Organic Cotton,3-6 months,1,$18,$18,,Not Started,,,100% organic cotton,,,
TOC-ONESIE-DRK-GRY-36months,Lifestyle,Baby Onesies,Baby Onesie,Dark Grey,100% Organic Cotton,3-6 months,1,$18,$18,,Not Started,,,100% organic cotton,,,
TOC-ONESIE-DRK-GRY-36months,Lifestyle,Baby Onesies,Baby Onesie,Dark Grey,100% Organic Cotton,3-6 months,1,$18,$18,,Not Started,,,100% organic cotton,,,
TOC-ONESIE-DRK-GRY-36months,Lifestyle,Baby Onesies,Baby Onesie,Dark Grey,100% Organic Cotton,3-6 months,1,$18,$18,,Not Started,,,100% organic cotton,,,
TOC-ONESIE-DRK-GRY-36months,Lifestyle,Baby Onesies,Baby Onesie,Dark Grey,100% Organic Cotton,3-6 months,1,$18,$18,,Not Started,,,100% organic cotton,,,
TOC-ONESIE-DRK-SGE-03months,Lifestyle,Baby Onesies,Baby Onesie,Dark Sage,100% Organic Cotton,0-3 months,1,$18,$18,,Not Started,,,100% organic cotton,,,
TOC-ONESIE-DRK-SGE-36months,Lifestyle,Baby Onesies,Baby Onesie,Dark Sage,100% Organic Cotton,3-6 months,1,$18,$18,,Not Started,,,100% organic cotton,,,
TOC-ONESIE-DRK-SGE-36months,Lifestyle,Baby Onesies,Baby Onesie,Dark Sage,100% Organic Cotton,3-6 months,1,$18,$18,,Not Started,,,100% organic cotton,,,
TOC-ONESIE-DRK-SGE-36months,Lifestyle,Baby Onesies,Baby Onesie,Dark Sage,100% Organic Cotton,3-6 months,1,$18,$18,,Not Started,,,100% organic cotton,,,
TOC-ONESIE-DNM-36months,Lifestyle,Baby Onesies,Baby Onesie,Denim,100% Organic Cotton,3-6 months,1,$18,$18,,Not Started,,,100% organic cotton,,,
TOC-ONESIE-GRN-69months,Lifestyle,Baby Onesies,Baby Onesie,Green,100% Organic Cotton,6-9 months,1,$18,$18,,Not Started,,,100% organic cotton,,,
TOC-ONESIE-KING-03months,Lifestyle,Baby Onesies,Baby Onesie,Kingfisher,100% Organic Cotton,0-3 months,1,$18,$18,,Not Started,,,100% organic cotton,,,
TOC-ONESIE-KING-03months,Lifestyle,Baby Onesies,Baby Onesie,Kingfisher,100% Organic Cotton,0-3 months,1,$18,$18,,Not Started,,,100% organic cotton,,,
TOC-ONESIE-KING-69months,Lifestyle,Baby Onesies,Baby Onesie,Kingfisher,100% Organic Cotton,6-9 months,1,$18,$18,,Not Started,,,100% organic cotton,,,
TOC-ONESIE-LGT-BLU-03months,Lifestyle,Baby Onesies,Baby Onesie,Light Blue,100% Organic Cotton,0-3 months,1,$18,$18,,Not Started,,,100% organic cotton,,,
TOC-ONESIE-LGT-BLU-69months,Lifestyle,Baby Onesies,Baby Onesie,Light Blue,100% Organic Cotton,6-9 months,1,$18,$18,,Not Started,,,100% organic cotton,,,
TOC-ONESIE-LGT-BLU-69months,Lifestyle,Baby Onesies,Baby Onesie,Light Blue,100% Organic Cotton,6-9 months,1,$18,$18,,Not Started,,,100% organic cotton,,,
TOC-ONESIE-LOG-03months,Lifestyle,Baby Onesies,Baby Onesie,Logwood,100% Organic Cotton,0-3 months,1,$18,$18,,Not Started,,,100% organic cotton,,,
TOC-ONESIE-LOG-03months,Lifestyle,Baby Onesies,Baby Onesie,Logwood,100% Organic Cotton,0-3 months,1,$18,$18,,Not Started,,,100% organic cotton,,,
TOC-ONESIE-NEB-NAV-03months,Lifestyle,Baby Onesies,Baby Onesie,Nebula Navy,100% Organic Cotton,0-3 months,1,$18,$18,,Not Started,,,100% organic cotton,,,
TOC-ONESIE-NEB-NAV-03months,Lifestyle,Baby Onesies,Baby Onesie,Nebula Navy,100% Organic Cotton,0-3 months,1,$18,$18,,Not Started,,,100% organic cotton,,,
TOC-ONESIE-NEB-NAV-36months,Lifestyle,Baby Onesies,Baby Onesie,Nebula Navy,100% Organic Cotton,3-6 months,1,$18,$18,,Not Started,,,100% organic cotton,,,
TOC-ONESIE-OLV-03months,Lifestyle,Baby Onesies,Baby Onesie,Olive,100% Organic Cotton,0-3 months,1,$18,$18,,Not Started,,,100% organic cotton,,,
TOC-ONESIE-OLV-03months,Lifestyle,Baby Onesies,Baby Onesie,Olive,100% Organic Cotton,0-3 months,1,$18,$18,,Not Started,,,100% organic cotton,,,
TOC-ONESIE-PCH-69months,Lifestyle,Baby Onesies,Baby Onesie,Peach,100% Organic Cotton,6-9 months,1,$18,$18,,Not Started,,,100% organic cotton,,,
TOC-ONESIE-PCH-Newborn,Lifestyle,Baby Onesies,Baby Onesie,Peach,100% Organic Cotton,Newborn,1,$18,$18,,Not Started,,,100% organic cotton,,,
TOC-ONESIE-PCH-FERN-69months,Lifestyle,Baby Onesies,Baby Onesie,Peach with Fern,100% Organic Cotton,6-9 months,1,$18,$18,,Not Started,,,100% organic cotton,,,
TOC-ONESIE-PCH-FERN-69months,Lifestyle,Baby Onesies,Baby Onesie,Peach with Fern,100% Organic Cotton,6-9 months,1,$18,$18,,Not Started,,,100% organic cotton,,,
TOC-ONESIE-PRWK-03months,Lifestyle,Baby Onesies,Baby Onesie,Periwinkle,100% Organic Cotton,0-3 months,1,$18,$18,,Not Started,,,100% organic cotton,,,
TOC-ONESIE-PRWK-36months,Lifestyle,Baby Onesies,Baby Onesie,Periwinkle,100% Organic Cotton,3-6 months,1,$18,$18,,Not Started,,,100% organic cotton,,,
TOC-ONESIE-PLM-BLO-03months,Lifestyle,Baby Onesies,Baby Onesie,Plum Blossom,100% Organic Cotton,0-3 months,1,$18,$18,,Not Started,,,100% organic cotton,,,
TOC-ONESIE-PWR-BRY-36months,Lifestyle,Baby Onesies,Baby Onesie,Power Berry,100% Organic Cotton,3-6 months,1,$18,$18,,Not Started,,,100% organic cotton,,,
TOC-ONESIE-RAI-03months,Lifestyle,Baby Onesies,Baby Onesie,Raisins,100% Organic Cotton,0-3 months,1,$18,$18,,Not Started,,,100% organic cotton,,,
TOC-ONESIE-RAI-03months,Lifestyle,Baby Onesies,Baby Onesie,Raisins,100% Organic Cotton,0-3 months,1,$18,$18,,Not Started,,,100% organic cotton,,,
TOC-ONESIE-RAI-36months,Lifestyle,Baby Onesies,Baby Onesie,Raisins,100% Organic Cotton,3-6 months,1,$18,$18,,Not Started,,,100% organic cotton,,,
TOC-ONESIE-ROS-36months,Lifestyle,Baby Onesies,Baby Onesie,Rose with ToC Print,100% Organic Cotton,3-6 months,1,$18,$18,,Not Started,,,100% organic cotton,,,
TOC-ONESIE-SEQ-03months,Lifestyle,Baby Onesies,Baby Onesie,Sequoia,100% Organic Cotton,0-3 months,1,$18,$18,,Not Started,,,100% organic cotton,,,
TOC-ONESIE-SEQ-Newborn,Lifestyle,Baby Onesies,Baby Onesie,Sequoia,100% Organic Cotton,Newborn,1,$18,$18,,Not Started,,,100% organic cotton,,,
TOC-ONESIE-SKY-BLU-36months,Lifestyle,Baby Onesies,Baby Onesie,Sky Blue,100% Organic Cotton,3-6 months,1,$18,$18,,Not Started,,,100% organic cotton,,,
TOC-ONESIE-SKY-BLU-36months,Lifestyle,Baby Onesies,Baby Onesie,Sky Blue,100% Organic Cotton,3-6 months,1,$18,$18,,Not Started,,,100% organic cotton,,,
TOC-ONESIE-SKY-BLU-36months,Lifestyle,Baby Onesies,Baby Onesie,Sky Blue,100% Organic Cotton,3-6 months,1,$18,$18,,Not Started,,,100% organic cotton,,,
TOC-ONESIE-SKY-GRY-69months,Lifestyle,Baby Onesies,Baby Onesie,Sky Grey,100% Organic Cotton,6-9 months,1,$18,$18,,Not Started,,,100% organic cotton,,,
TOC-ONESIE-TAN-03months,Lifestyle,Baby Onesies,Baby Onesie,Tan,100% Organic Cotton,0-3 months,1,$18,$18,,Not Started,,,100% organic cotton,,,
TOC-ONESIE-TEL-BLU-36months,Lifestyle,Baby Onesies,Baby Onesie,Teal Blue,100% Organic Cotton,3-6 months,1,$18,$18,,Not Started,,,100% organic cotton,,,
TOC-ONESIE-TEL-BLU-36months,Lifestyle,Baby Onesies,Baby Onesie,Teal Blue,100% Organic Cotton,3-6 months,1,$18,$18,,Not Started,,,100% organic cotton,,,
TOC-ONESIE-TEL-BLU-36months,Lifestyle,Baby Onesies,Baby Onesie,Teal Blue,100% Organic Cotton,3-6 months,1,$18,$18,,Not Started,,,100% organic cotton,,,
TOC-ONESIE-TMBR-03months,Lifestyle,Baby Onesies,Baby Onesie,Timberwolf,100% Organic Cotton,0-3 months,1,$18,$18,,Not Started,,,100% organic cotton,,,
TOC-ONESIE-TMBR-03months,Lifestyle,Baby Onesies,Baby Onesie,Timberwolf,100% Organic Cotton,0-3 months,1,$18,$18,,Not Started,,,100% organic cotton,,,
TOC-ONESIE-TMBR-03months,Lifestyle,Baby Onesies,Baby Onesie,Timberwolf,100% Organic Cotton,0-3 months,1,$18,$18,,Not Started,,,100% organic cotton,,,
TOC-ONESIE-SET-RAINBOW-ASST,Lifestyle,Baby Onesies,Onesie Set of 5,"Rainbow - Rose, Peach, Nude, Green, Grey",100% Cotton,Assorted,1,$60,$60,,Not Started,,,100% cotton assorted sizes,,,
TOC-HDSRF-CHOC-OS,Lifestyle,Headscarves,Hemp Silk Headscarf,Chocolate,Hemp Silk,OS,1,$30,$30,,Not Started,,,Hemp silk,,,
TOC-HDSRF-GLD-OS,Lifestyle,Headscarves,Hemp Silk Headscarf,Gold,Hemp Silk,OS,1,$30,$30,,Not Started,,,Hemp silk,,,
TOC-HDSRF-IND-OS,Lifestyle,Headscarves,Hemp Silk Headscarf,Indigo,Hemp Silk,OS,1,$30,$30,,Not Started,,,Hemp silk,,,
TOC-HDSRF-IVY-OS,Lifestyle,Headscarves,Hemp Silk Headscarf,Ivory,Hemp Silk,OS,1,$30,$30,,Not Started,,,Hemp silk,,,
TOC-HDSRF-NDE-OS,Lifestyle,Headscarves,Hemp Silk Headscarf,Nude,Hemp Silk,OS,1,$30,$30,,Not Started,,,Hemp silk,,,
TOC-HDSRF-SLV-OS,Lifestyle,Headscarves,Hemp Silk Headscarf,Silver,Hemp Silk,OS,1,$30,$30,,Not Started,,,Hemp silk,,,
TOC-HDSRF-SUN-OS,Lifestyle,Headscarves,Hemp Silk Headscarf,Sunshine,Hemp Silk,OS,1,$30,$30,,Not Started,,,Hemp silk,,,
TOC-LEG-LUM-GRN-FLW-OS,Lifestyle,Leggings - Luminaya,Womens Leggings,Green with Flower of Life Print,Mixed,OS,1,$40,$40,,Not Started,,,Screen printed,,,
TOC-LEG-LUM-GRN-FLW-OS,Lifestyle,Leggings - Luminaya,Womens Leggings,Green with Flower of Life Print,Mixed,OS,1,$40,$40,,Not Started,,,Screen printed,,,
TOC-LEG-LUM-GRN-SHPB-OS,Lifestyle,Leggings - Luminaya,Womens Leggings,Green with Shipibo Screen Print,Mixed,OS,1,$40,$40,,Not Started,,,Screen printed,,,
TOC-PATCH-ASS-ASSORTED,Lifestyle,Patches,Patch,Assorted,Mixed,Assorted,1,$5,$5,,Not Started,,,Assorted patches,,,
TOC-PATCH-ASS-ASSORTED,Lifestyle,Patches,Patch,Assorted,Mixed,Assorted,1,$5,$5,,Not Started,,,Assorted patches,,,
TOC-PATCH-ASS-ASSORTED,Lifestyle,Patches,Patch,Assorted,Mixed,Assorted,1,$5,$5,,Not Started,,,Assorted patches,,,
TOC-PATCH-ASS-ASSORTED,Lifestyle,Patches,Patch,Assorted,Mixed,Assorted,1,$5,$5,,Not Started,,,Assorted patches,,,
TOC-PATCH-ASS-ASSORTED,Lifestyle,Patches,Patch,Assorted,Mixed,Assorted,1,$5,$5,,Not Started,,,Assorted patches,,,
TOC-PATCH-ASS-ASSORTED,Lifestyle,Patches,Patch,Assorted,Mixed,Assorted,1,$5,$5,,Not Started,,,Assorted patches,,,
TOC-PATCH-ASS-ASSORTED,Lifestyle,Patches,Patch,Assorted,Mixed,Assorted,1,$5,$5,,Not Started,,,Assorted patches,,,
TOC-PATCH-ASS-ASSORTED,Lifestyle,Patches,Patch,Assorted,Mixed,Assorted,1,$5,$5,,Not Started,,,Assorted patches,,,
TOC-PATCH-ASS-ASSORTED,Lifestyle,Patches,Patch,Assorted,Mixed,Assorted,1,$5,$5,,Not Started,,,Assorted patches,,,
TOC-PATCH-ASS-ASSORTED,Lifestyle,Patches,Patch,Assorted,Mixed,Assorted,1,$5,$5,,Not Started,,,Assorted patches,,,
TOC-PATCH-ASS-ASSORTED,Lifestyle,Patches,Patch,Assorted,Mixed,Assorted,1,$5,$5,,Not Started,,,Assorted patches,,,
TOC-PATCH-ASS-ASSORTED,Lifestyle,Patches,Patch,Assorted,Mixed,Assorted,1,$5,$5,,Not Started,,,Assorted patches,,,
TOC-PATCH-ASS-ASSORTED,Lifestyle,Patches,Patch,Assorted,Mixed,Assorted,1,$5,$5,,Not Started,,,Assorted patches,,,
TOC-PATCH-ASS-ASSORTED,Lifestyle,Patches,Patch,Assorted,Mixed,Assorted,1,$5,$5,,Not Started,,,Assorted patches,,,
TOC-PATCH-ASS-ASSORTED,Lifestyle,Patches,Patch,Assorted,Mixed,Assorted,1,$5,$5,,Not Started,,,Assorted patches,,,
TOC-PATCH-ASS-ASSORTED,Lifestyle,Patches,Patch,Assorted,Mixed,Assorted,1,$5,$5,,Not Started,,,Assorted patches,,,
TOC-PATCH-GRN-HEX-SMALL,Lifestyle,Patches,Patch - Hexagon Geometric,Green Hexagon with Blue Geometric Print,Mixed,Small,1,$5,$5,,Not Started,,,Hand sewn and screen printed,,,
TOC-PATCH-COL-TRBL-LARGE,Lifestyle,Patches,Patch - Large Natural Tribal,Natural Colors with Tribal Design,Mixed,Large,1,$5,$5,,Not Started,,,Hand sewn and screen printed,,,
TOC-PATCH-COL-TRBL-LARGE,Lifestyle,Patches,Patch - Large Natural Tribal,Natural Colors with Tribal Design,Mixed,Large,1,$5,$5,,Not Started,,,Hand sewn and screen printed,,,
TOC-PATCH-COL-TRBL-LARGE,Lifestyle,Patches,Patch - Large Natural Tribal,Natural Colors with Tribal Design,Mixed,Large,1,$5,$5,,Not Started,,,Hand sewn and screen printed,,,
TOC-PATCH-COL-TRBL-LARGE,Lifestyle,Patches,Patch - Large Natural Tribal,Natural Colors with Tribal Design,Mixed,Large,1,$5,$5,,Not Started,,,Hand sewn and screen printed,,,
TOC-PATCH-COL-TRBL-LARGE,Lifestyle,Patches,Patch - Large Natural Tribal,Natural Colors with Tribal Design,Mixed,Large,1,$5,$5,,Not Started,,,Hand sewn and screen printed,,,
TOC-PATCH-BRN-SQU-SMALL,Lifestyle,Patches,Patch - Small Geometric,Brown Square with Geometric Print,Mixed,Small,1,$5,$5,,Not Started,,,Hand sewn and screen printed,,,
TOC-LEO-REV-AQU-VLV-XS,Lifestyle,Reversible Leotards,Reversible Leotard,Aqua Velvet with Flowers,Velvet,XS,1,$80,$80,,Not Started,,,,,,
TOC-LEO-REV-BLK-VLV-XS,Lifestyle,Reversible Leotards,Reversible Leotard,Black Velvet with Black and White Stripes,Velvet,XS,1,$80,$80,,Not Started,,,,,,
TOC-LEO-REV-EMR-VLV-XS,Lifestyle,Reversible Leotards,Reversible Leotard,Emerald Velvet with Black and White Stripes,Velvet,XS,1,$80,$80,,Not Started,,,,,,
TOC-LEO-REV-MOS-VLV-XS,Lifestyle,Reversible Leotards,Reversible Leotard,Moss Velvet with Flowers,Velvet,XS,1,$80,$80,,Not Started,,,,,,
TOC-LEO-REV-TEL-VLV-XS,Lifestyle,Reversible Leotards,Reversible Leotard,Teal Velvet with Black and White Stripes,Velvet,XS,1,$70,$70,,Not Started,,,,,,
TOC-LEO-REV-WHT-VLV-XS,Lifestyle,Reversible Leotards,Reversible Leotard,White Velvet with Black and White Stripes,Velvet,XS,1,$80,$80,,Not Started,,,,,,
TOC-LEG-SMPL-ASSTGEO-S,Lifestyle,Sample Leggings,Sample Leggings,Assorted Geometric,Recycled Polyester,S,1,$20,$20,,Not Started,,,,,,
TOC-LEG-SMPL-ASSTGEO-S,Lifestyle,Sample Leggings,Sample Leggings,Assorted Geometric,Recycled Polyester,S,1,$20,$20,,Not Started,,,,,,
TOC-LEG-SMPL-ASSTGEO-S,Lifestyle,Sample Leggings,Sample Leggings,Assorted Geometric,Recycled Polyester,S,1,$20,$20,,Not Started,,,,,,
TOC-LEG-SMPL-ASSTGEO-S,Lifestyle,Sample Leggings,Sample Leggings,Assorted Geometric,Recycled Polyester,S,1,$20,$20,,Not Started,,,,,,
TOC-SCRUNCH-BLU-OS,Lifestyle,Scrunchies,Hand Dyed Scrunchie,Blue,Hemp,OS,1,$15,$15,,Not Started,,,Hemp scrap fabric hand dyed,,,
TOC-SCRUNCH-GRY-OS,Lifestyle,Scrunchies,Hand Dyed Scrunchie,Grey,Hemp,OS,1,$15,$15,,Not Started,,,Hemp scrap fabric hand dyed,,,
TOC-SCRUNCH-ORG-OS,Lifestyle,Scrunchies,Hand Dyed Scrunchie,Orange,Hemp,OS,1,$15,$15,,Not Started,,,Hemp scrap fabric hand dyed,,,
TOC-SCRUNCH-SGE-OS,Lifestyle,Scrunchies,Hand Dyed Scrunchie,Sage,Hemp,OS,1,$15,$15,,Not Started,,,Hemp scrap fabric hand dyed,,,
TOC-SCRUNCH-SGE-OS,Lifestyle,Scrunchies,Hand Dyed Scrunchie,Sage,Hemp,OS,1,$15,$15,,Not Started,,,Hemp scrap fabric hand dyed,,,
TOC-SCRUNCH-TUR-OS,Lifestyle,Scrunchies,Hand Dyed Scrunchie,Turquoise,Hemp,OS,1,$15,$15,,Not Started,,,Hemp scrap fabric hand dyed,,,
TOC-SCRUNCH-TUR-OS,Lifestyle,Scrunchies,Hand Dyed Scrunchie,Turquoise,Hemp,OS,1,$15,$15,,Not Started,,,Hemp scrap fabric hand dyed,,,
TOC-SCRUNCH-TUR-OS,Lifestyle,Scrunchies,Hand Dyed Scrunchie,Turquoise,Hemp,OS,1,$15,$15,,Not Started,,,Hemp scrap fabric hand dyed,,,
TOC-SCRUNCH-TUR-OS,Lifestyle,Scrunchies,Hand Dyed Scrunchie,Turquoise,Hemp,OS,1,$15,$15,,Not Started,,,Hemp scrap fabric hand dyed,,,
TOC-SHORT-HIVE-MIN-M,Lifestyle,Shorts,Shorts,Hive Mind,Recycled Polyester,M,1,$55,$55,,Not Started,,,,,,
TOC-SHORT-HIVE-MIN-S,Lifestyle,Shorts,Shorts,Hive Mind,Recycled Polyester,S,1,$55,$55,,Not Started,,,,,,
TOC-SHORT-RNBW-RIV-S,Lifestyle,Shorts,Shorts,Rainbow River,Recycled Polyester,S,1,$55,$55,,Not Started,,,,,,
TOC-SHORT-TERRA-BUT-S,Lifestyle,Shorts,Shorts,Terracotta Butterfly,Recycled Polyester,S,1,$55,$55,,Not Started,,,,,,
TOC-PILLOW-SILK-AVO-OS,Lifestyle,Silk Pillowcases,Silk Pillowcases (set of 2),Avocado,Silk,OS,1,$80,$80,,Not Started,,,Price TBC,,,
TOC-PILLOW-SILK-CHML-OS,Lifestyle,Silk Pillowcases,Silk Pillowcases (set of 2),Chamomile,Silk,OS,1,$80,$80,,Not Started,,,Plant dyed silk,,,
TOC-PILLOW-SILK-CHE-QUE-OS,Lifestyle,Silk Pillowcases,Silk Pillowcases (set of 2),Chestnut and Quebracha,Silk,OS,1,$80,$80,,Not Started,,,Price TBC,,,
TOC-PILLOW-SILK-COC-OS,Lifestyle,Silk Pillowcases,Silk Pillowcases (set of 2),Cochineal,Silk,OS,1,$80,$80,,Not Started,,,Price TBC,,,
TOC-PILLOW-SILK-COR-OS,Lifestyle,Silk Pillowcases,Silk Pillowcases (set of 2),Coreopsis,Silk,OS,1,$80,$80,,Not Started,,,Plant dyed silk,,,
TOC-PILLOW-SILK-LAC-OS,Lifestyle,Silk Pillowcases,Silk Pillowcases (set of 2),Lac,Silk,OS,1,$80,$80,,Not Started,,,Price TBC,,,
TOC-PILLOW-SILK-MAD-ROO-OS,Lifestyle,Silk Pillowcases,Silk Pillowcases (set of 2),Madder Root,Silk,OS,1,$80,$80,,Not Started,,,Price TBC,,,
TOC-PILLOW-SILK-MRGLD-OS,Lifestyle,Silk Pillowcases,Silk Pillowcases (set of 2),Marigold,Silk,OS,1,$80,$80,,Not Started,,,Plant dyed silk,,,
TOC-PILLOW-SILK-ONI-SKI-OS,Lifestyle,Silk Pillowcases,Silk Pillowcases (set of 2),Onion Skins,Silk,OS,1,$80,$80,,Not Started,,,Price TBC,,,
TOC-BRA-YOGA-HIVE-MIN-S,Lifestyle,Yoga Bras,Yoga Bra,Hive Mind,Recycled Polyester,S,1,$45,$45,,Not Started,,,,,,
TOC-BRA-YOGA-SOU-S,Lifestyle,Yoga Bras,Yoga Bra,Sound,Recycled Polyester,S,1,$45,$45,,Not Started,,,,,,
TOC-BRA-YOGA-SOU-S,Lifestyle,Yoga Bras,Yoga Bra,Sound,Recycled Polyester,S,1,$45,$45,,Not Started,,,,,,
TOC-BRA-YOGA-SOU-S,Lifestyle,Yoga Bras,Yoga Bra,Sound,Recycled Polyester,S,1,$45,$45,,Not Started,,,,,,
TOC-BRA-YOGA-SOU-S,Lifestyle,Yoga Bras,Yoga Bra,Sound,Recycled Polyester,S,1,$45,$45,,Not Started,,,,,,
TOC-BRA-YOGA-SOU-S,Lifestyle,Yoga Bras,Yoga Bra,Sound,Recycled Polyester,S,1,$45,$45,,Not Started,,,,,,
TOC-BRA-YOGA-SOU-S,Lifestyle,Yoga Bras,Yoga Bra,Sound,Recycled Polyester,S,1,$45,$45,,Not Started,,,,,,
TOC-BRA-YOGA-WIN-CHA-S,Lifestyle,Yoga Bras,Yoga Bra,Winds of Change,Recycled Polyester,S,1,$45,$45,,Not Started,,,,,,
TOC-YL-CLASSIC-BIR-BRA-S,Lifestyle,Yoga Leggings - Classics Collection,Yoga Leggings,Bird Brain,Recycled Polyester,S,1,$75,$75,,Not Started,,,Photo TBC,,,
TOC-YL-CLASSIC-COS-GEO-S,Lifestyle,Yoga Leggings - Classics Collection,Yoga Leggings,Cosmic Geometry,Recycled Polyester,S,1,$75,$75,,Not Started,,,Photo TBC,,,
TOC-YL-CLASSIC-SPI-OWL-L,Lifestyle,Yoga Leggings - Classics Collection,Yoga Leggings,Spirit Owl,Recycled Polyester,L,1,$75,$75,,Not Started,,,Photo TBC,,,
TOC-YL-CLASSIC-SPI-OWL-S,Lifestyle,Yoga Leggings - Classics Collection,Yoga Leggings,Spirit Owl,Recycled Polyester,S,1,$75,$75,,Not Started,,,Photo TBC,,,
TOC-YL-PAINT-AYA-S,Lifestyle,Yoga Leggings - Paintings Collection,Yoga Leggings,Ayala,Recycled Polyester,S,1,$75,$75,,Not Started,,,Photo TBC,,,
TOC-YL-PAINT-CRES-MOON-S,Lifestyle,Yoga Leggings - Paintings Collection,Yoga Leggings,Crescent Moon,Recycled Polyester,S,1,$75,$75,,Not Started,,,Photo TBC,,,
TOC-YL-PAINT-ELE-S,Lifestyle,Yoga Leggings - Paintings Collection,Yoga Leggings,Elements,Recycled Polyester,S,1,$75,$75,,Not Started,,,Photo TBC,,,
TOC-YL-PAINT-GER-S,Lifestyle,Yoga Leggings - Paintings Collection,Yoga Leggings,Germination,Recycled Polyester,S,1,$75,$75,,Not Started,,,Photo TBC,,,
TOC-YL-PAINT-GER-S,Lifestyle,Yoga Leggings - Paintings Collection,Yoga Leggings,Germination,Recycled Polyester,S,1,$75,$75,,Not Started,,,Photo TBC,,,
TOC-YL-PAINT-GRO-S,Lifestyle,Yoga Leggings - Paintings Collection,Yoga Leggings,Growth,Recycled Polyester,S,1,$75,$75,,Not Started,,,Photo TBC,,,
TOC-YL-PAINT-MET-S,Lifestyle,Yoga Leggings - Paintings Collection,Yoga Leggings,Metamorphosis,Recycled Polyester,S,1,$75,$75,,Not Started,,,Photo TBC,,,
TOC-YL-PAINT-MOD-GOD-S,Lifestyle,Yoga Leggings - Paintings Collection,Yoga Leggings,Modern Goddess,Recycled Polyester,S,1,$75,$75,,Not Started,,,Photo TBC,,,
TOC-YL-PAINT-MUS-MAI-L,Lifestyle,Yoga Leggings - Paintings Collection,Yoga Leggings,Mushroom Maiden,Recycled Polyester,L,1,$75,$75,,Not Started,,,Sublimation printed recycled polyester,,,
TOC-YL-PAINT-MUS-MAI-M,Lifestyle,Yoga Leggings - Paintings Collection,Yoga Leggings,Mushroom Maiden,Recycled Polyester,M,1,$75,$75,,Not Started,,,Photo TBC,,,
TOC-YL-PAINT-MUS-MAI-S,Lifestyle,Yoga Leggings - Paintings Collection,Yoga Leggings,Mushroom Maiden,Recycled Polyester,S,1,$75,$75,,Not Started,,,Photo TBC,,,
TOC-YL-PAINT-MYS-S,Lifestyle,Yoga Leggings - Paintings Collection,Yoga Leggings,Mystery,Recycled Polyester,S,1,$75,$75,,Not Started,,,Photo TBC,,,
TOC-YL-PAINT-PEA-PIP-S,Lifestyle,Yoga Leggings - Paintings Collection,Yoga Leggings,Peace Pipe,Recycled Polyester,S,1,$75,$75,,Not Started,,,Photo TBC,,,
TOC-YL-PAINT-SIE-SKI-S,Lifestyle,Yoga Leggings - Paintings Collection,Yoga Leggings,Sierra Skies,Recycled Polyester,S,1,$75,$75,,Not Started,,,Photo TBC,,,
TOC-YL-PAINT-SIL-S,Lifestyle,Yoga Leggings - Paintings Collection,Yoga Leggings,Silence,Recycled Polyester,S,1,$75,$75,,Not Started,,,Photo TBC,,,
TOC-YL-PAINT-STA-JOU-M,Lifestyle,Yoga Leggings - Paintings Collection,Yoga Leggings,Starlight Journey,Recycled Polyester,M,1,$75,$75,,Not Started,,,Photo TBC,,,
TOC-YL-PAINT-STA-JOU-S,Lifestyle,Yoga Leggings - Paintings Collection,Yoga Leggings,Starlight Journey,Recycled Polyester,S,1,$75,$75,,Not Started,,,Photo TBC,,,
TOC-YL-PAINT-THI-IS-S,Lifestyle,Yoga Leggings - Paintings Collection,Yoga Leggings,This Is Not a Pipe,Recycled Polyester,S,1,$75,$75,,Not Started,,,Photo TBC,,,
TOC-YL-PAINT-WIT-HOU-S,Lifestyle,Yoga Leggings - Paintings Collection,Yoga Leggings,Witching Hour,Recycled Polyester,S,1,$75,$75,,Not Started,,,Photo TBC,,,
TOC-YL-PASTEL-AMP-EUC-S,Lifestyle,Yoga Leggings - Pastel Flavors,Yoga Leggings,Amplify - Eucalyptus / Coconut / Night,Recycled Polyester,S,1,$75,$75,,Not Started,,,,,,
TOC-YL-PASTEL-AMP-EUC-S,Lifestyle,Yoga Leggings - Pastel Flavors,Yoga Leggings,Amplify - Eucalyptus / Coconut / Night,Recycled Polyester,S,1,$75,$75,,Not Started,,,,,,
TOC-YL-PASTEL-AMP-EUC-S,Lifestyle,Yoga Leggings - Pastel Flavors,Yoga Leggings,Amplify - Eucalyptus / Coconut / Night,Recycled Polyester,S,1,$75,$75,,Not Started,,,,,,
TOC-YL-PASTEL-CYC-HEA-S,Lifestyle,Yoga Leggings - Pastel Flavors,Yoga Leggings,Cycles - Heather,Recycled Polyester,S,1,$75,$75,,Not Started,,,,,,
TOC-YL-PASTEL-LTUS-LAC-S,Lifestyle,Yoga Leggings - Pastel Flavors,Yoga Leggings,Lotus Lace - Night / Mulberry / Eucalyptus,Recycled Polyester,S,1,$75,$75,,Not Started,,,,,,
TOC-YL-PASTEL-LTUS-LAC-S,Lifestyle,Yoga Leggings - Pastel Flavors,Yoga Leggings,Lotus Lace - Night / Mulberry / Eucalyptus,Recycled Polyester,S,1,$75,$75,,Not Started,,,,,,
TOC-YL-PASTEL-LTUS-LAC-S,Lifestyle,Yoga Leggings - Pastel Flavors,Yoga Leggings,Lotus Lace - Night / Mulberry / Eucalyptus,Recycled Polyester,S,1,$75,$75,,Not Started,,,,,,
TOC-YL-PASTEL-LUC-DRE-S,Lifestyle,Yoga Leggings - Pastel Flavors,Yoga Leggings,Lucid Dream - Ashawagandha / Mulberry,Recycled Polyester,S,1,$75,$75,,Not Started,,,,,,
TOC-YL-PASTEL-LUC-DRE-S,Lifestyle,Yoga Leggings - Pastel Flavors,Yoga Leggings,Lucid Dream - Ashawagandha / Mulberry,Recycled Polyester,S,1,$75,$75,,Not Started,,,,,,
TOC-YL-PASTEL-MOON-MOU-S,Lifestyle,Yoga Leggings - Pastel Flavors,Yoga Leggings,Moon Mountain - Cacao / Mulberry,Recycled Polyester,S,1,$75,$75,,Not Started,,,,,,
TOC-YL-PASTEL-MOON-MOU-S,Lifestyle,Yoga Leggings - Pastel Flavors,Yoga Leggings,Moon Mountain - Cacao / Mulberry,Recycled Polyester,S,1,$75,$75,,Not Started,,,,,,
TOC-YL-PASTEL-TIL-DUS-S,Lifestyle,Yoga Leggings - Pastel Flavors,Yoga Leggings,Tile Design - Dusty Rose / Cacao,Recycled Polyester,S,1,$75,$75,,Not Started,,,,,,
TOC-YL-PASTEL-TIL-DUS-S,Lifestyle,Yoga Leggings - Pastel Flavors,Yoga Leggings,Tile Design - Dusty Rose / Cacao,Recycled Polyester,S,1,$75,$75,,Not Started,,,,,,
TOC-YL-AMP-TERRA-S,Lifestyle,Yoga Leggings - Random,Yoga Leggings,Amplify in Terracotta,Recycled Polyester,S,1,$75,$75,,Not Started,,,,,,
TOC-YL-RNBW-RIV-S,Lifestyle,Yoga Leggings - Random,Yoga Leggings,Rainbow River,Recycled Polyester,S,1,$75,$75,,Not Started,,,,,,
TOC-YM-CNTR-MIN-OS,Lifestyle,Yoga Mats,Yoga Mat,Centered Minimalist,Natural Rubber and Microfiber,OS,1,$100,$100,Y,Sold,,,Listed,,,
TOC-YM-CNTR-MIN-OS,Lifestyle,Yoga Mats,Yoga Mat,Centered Minimalist,Natural Rubber and Microfiber,OS,1,$100,$100,Y,Sold,,,Listed,,,
TOC-YM-CNTR-MIN-OS,Lifestyle,Yoga Mats,Yoga Mat,Centered Minimalist,Natural Rubber and Microfiber,OS,1,$100,$100,Y,Listed,,,Listed,,,
TOC-YM-CNTR-MIN-OS,Lifestyle,Yoga Mats,Yoga Mat,Centered Minimalist,Natural Rubber and Microfiber,OS,1,$100,$100,Y,Listed,,,Listed,,,
TOC-YM-CNTR-MIN-OS,Lifestyle,Yoga Mats,Yoga Mat,Centered Minimalist,Natural Rubber and Microfiber,OS,1,$100,$100,Y,Listed,,,Listed,,,
TOC-YM-CHA-OS,Lifestyle,Yoga Mats,Yoga Mat,Chakras,Natural Rubber and Microfiber,OS,1,$100,$100,Y,Sold,,,Listed,,,
TOC-YM-CHA-OS,Lifestyle,Yoga Mats,Yoga Mat,Chakras,Natural Rubber and Microfiber,OS,1,$100,$100,Y,Sold,,,Listed,,,
TOC-YM-CHA-OS,Lifestyle,Yoga Mats,Yoga Mat,Chakras,Natural Rubber and Microfiber,OS,1,$100,$100,Y,Sold,,,Listed,,,
TOC-YM-CHKR-OS,Lifestyle,Yoga Mats,Yoga Mat,Chakras,Natural Rubber and Microfiber,OS,1,$100,$100,Y,Listed,,,Listed,,,
TOC-YM-CHKR-OS,Lifestyle,Yoga Mats,Yoga Mat,Chakras,Natural Rubber and Microfiber,OS,1,$100,$100,Y,Listed,,,Listed,,,
TOC-YM-CHKR-OS,Lifestyle,Yoga Mats,Yoga Mat,Chakras,Natural Rubber and Microfiber,OS,1,$100,$100,Y,Listed,,,Listed,,,
TOC-YM-DRG-OS,Lifestyle,Yoga Mats,Yoga Mat,Dragonfly,Natural Rubber and Microfiber,OS,1,$100,$100,Y,Sold,,,Listed,,,
TOC-YM-DRG-OS,Lifestyle,Yoga Mats,Yoga Mat,Dragonfly,Natural Rubber and Microfiber,OS,1,$100,$100,Y,Sold,,,Listed,,,
TOC-YM-DRG-OS,Lifestyle,Yoga Mats,Yoga Mat,Dragonfly,Natural Rubber and Microfiber,OS,1,$100,$100,Y,Sold,,,Listed,,,
TOC-YM-DRG-OS,Lifestyle,Yoga Mats,Yoga Mat,Dragonfly,Natural Rubber and Microfiber,OS,1,$100,$100,Y,Sold,,,Listed,,,
TOC-YM-LTUS-MOO-OS,Lifestyle,Yoga Mats,Yoga Mat,Lotus Moons,Natural Rubber and Microfiber,OS,1,$100,$100,Y,Sold,,,Listed,,,
TOC-YM-LTUS-MOO-OS,Lifestyle,Yoga Mats,Yoga Mat,Lotus Moons,Natural Rubber and Microfiber,OS,1,$100,$100,Y,Sold,,,Listed,,,
TOC-YM-LTUS-MOO-OS,Lifestyle,Yoga Mats,Yoga Mat,Lotus Moons,Natural Rubber and Microfiber,OS,1,$100,$100,Y,Sold,,,Listed,,,
TOC-YM-LTUS-MOON-OS,Lifestyle,Yoga Mats,Yoga Mat,Lotus Moons,Natural Rubber and Microfiber,OS,1,$100,$100,Y,Listed,,,Listed,,,
TOC-YM-LTUS-MOON-OS,Lifestyle,Yoga Mats,Yoga Mat,Lotus Moons,Natural Rubber and Microfiber,OS,1,$100,$100,Y,Listed,,,Listed,,,
TOC-YM-LTUS-MOON-OS,Lifestyle,Yoga Mats,Yoga Mat,Lotus Moons,Natural Rubber and Microfiber,OS,1,$100,$100,Y,Listed,,,Listed,,,
TOC-YM-LTUS-MOON-OS,Lifestyle,Yoga Mats,Yoga Mat,Lotus Moons,Natural Rubber and Microfiber,OS,1,$100,$100,Y,Sold,,,Listed,,,
TOC-YM-LTUS-MOON-OS,Lifestyle,Yoga Mats,Yoga Mat,Lotus Moons,Natural Rubber and Microfiber,OS,1,$100,$100,Y,Sold,,,Listed,,,
TOC-YM-LUN-BLM-OS,Lifestyle,Yoga Mats,Yoga Mat,Lunar Bloom,Natural Rubber and Microfiber,OS,1,$100,$100,Y,Sold,,,Listed,,,
TOC-YM-LUN-BLM-OS,Lifestyle,Yoga Mats,Yoga Mat,Lunar Bloom,Natural Rubber and Microfiber,OS,1,$100,$100,Y,Sold,,,Listed,,,
TOC-YM-LUN-BLM-OS,Lifestyle,Yoga Mats,Yoga Mat,Lunar Bloom,Natural Rubber and Microfiber,OS,1,$100,$100,Y,Sold,,,Listed,,,
TOC-YM-LUN-BLM-OS,Lifestyle,Yoga Mats,Yoga Mat,Lunar Bloom,Natural Rubber and Microfiber,OS,1,$100,$100,Y,Listed,,,Listed,,,
TOC-YM-LUN-BLM-OS,Lifestyle,Yoga Mats,Yoga Mat,Lunar Bloom,Natural Rubber and Microfiber,OS,1,$100,$100,Y,Listed,,,Listed,,,
TOC-YM-LUN-BLM-OS,Lifestyle,Yoga Mats,Yoga Mat,Lunar Bloom,Natural Rubber and Microfiber,OS,1,$100,$100,Y,Listed,,,Listed,,,
TOC-YM-LUN-BLM-OS,Lifestyle,Yoga Mats,Yoga Mat,Lunar Bloom,Natural Rubber and Microfiber,OS,1,$100,$100,Y,Sold,,,Listed,,,
TOC-YM-MOON-PHSE-OS,Lifestyle,Yoga Mats,Yoga Mat,Moon Phases Tribal,Natural Rubber and Microfiber,OS,1,$100,$100,Y,Sold,,,Listed,,,
TOC-YM-MOON-PHSE-OS,Lifestyle,Yoga Mats,Yoga Mat,Moon Phases Tribal,Natural Rubber and Microfiber,OS,1,$100,$100,Y,Sold,,,Listed,,,
TOC-YM-MOON-PHSE-OS,Lifestyle,Yoga Mats,Yoga Mat,Moon Phases Tribal,Natural Rubber and Microfiber,OS,1,$100,$100,Y,Sold,,,Listed,,,
TOC-YT-CLASSIC-COS-GEO-S,Lifestyle,Yoga Tanks - Classics Collection,Yoga Tank,Cosmic Geometry,Recycled Polyester,S,1,$55,$55,,Not Started,,,,,,
TOC-YT-PAINT-AYA-S,Lifestyle,Yoga Tanks - Paintings Collection,Yoga Tank,Ayala,Recycled Polyester,S,1,$55,$55,,Not Started,,,,,,
TOC-YT-PAINT-CRES-MOON-M,Lifestyle,Yoga Tanks - Paintings Collection,Yoga Tank,Crescent Moon,Recycled Polyester,M,1,$55,$55,,Not Started,,,Sublimation printed recycled polyester,,,
TOC-YT-PAINT-CRES-MOON-S,Lifestyle,Yoga Tanks - Paintings Collection,Yoga Tank,Crescent Moon,Recycled Polyester,S,1,$55,$55,,Not Started,,,,,,
TOC-YT-PAINT-CRES-MOON-S,Lifestyle,Yoga Tanks - Paintings Collection,Yoga Tank,Crescent Moon,Recycled Polyester,S,1,$55,$55,,Not Started,,,,,,
TOC-YT-PAINT-ELE-S,Lifestyle,Yoga Tanks - Paintings Collection,Yoga Tank,Elements,Recycled Polyester,S,1,$55,$55,,Not Started,,,,,,
TOC-YT-PAINT-GER-S,Lifestyle,Yoga Tanks - Paintings Collection,Yoga Tank,Germination,Recycled Polyester,S,1,$55,$55,,Not Started,,,,,,
TOC-YT-PAINT-GER-S,Lifestyle,Yoga Tanks - Paintings Collection,Yoga Tank,Germination,Recycled Polyester,S,1,$55,$55,,Not Started,,,,,,
TOC-YT-PAINT-HIVE-MIN-S,Lifestyle,Yoga Tanks - Paintings Collection,Yoga Tank,Hive Mind,Recycled Polyester,S,1,$55,$55,,Not Started,,,Sublimation printed recycled polyester,,,
TOC-YT-PAINT-MOD-GOD-S,Lifestyle,Yoga Tanks - Paintings Collection,Yoga Tank,Modern Goddess,Recycled Polyester,S,1,$55,$55,,Not Started,,,,,,
TOC-YT-PAINT-MUS-MAI-S,Lifestyle,Yoga Tanks - Paintings Collection,Yoga Tank,Mushroom Maiden,Recycled Polyester,S,1,$55,$55,,Not Started,,,,,,
TOC-YT-PAINT-PEA-PIP-S,Lifestyle,Yoga Tanks - Paintings Collection,Yoga Tank,Peace Pipe,Recycled Polyester,S,1,$55,$55,,Not Started,,,,,,
TOC-YT-PAINT-SIE-SKI-S,Lifestyle,Yoga Tanks - Paintings Collection,Yoga Tank,Sierra Skies,Recycled Polyester,S,1,$55,$55,,Not Started,,,,,,
TOC-YT-PAINT-SIL-S,Lifestyle,Yoga Tanks - Paintings Collection,Yoga Tank,Silence,Recycled Polyester,S,1,$55,$55,,Not Started,,,,,,
TOC-YT-PAINT-SOU-SEA-S,Lifestyle,Yoga Tanks - Paintings Collection,Yoga Tank,Soul Searching,Recycled Polyester,S,1,$55,$55,,Not Started,,,,,,
TOC-YT-PAINT-SOU-S,Lifestyle,Yoga Tanks - Paintings Collection,Yoga Tank,Sound,Recycled Polyester,S,1,$55,$55,,Not Started,,,,,,
TOC-YT-PAINT-THI-IS-S,Lifestyle,Yoga Tanks - Paintings Collection,Yoga Tank,This Is Not a Pipe,Recycled Polyester,S,1,$55,$55,,Not Started,,,,,,
TOC-YT-PAINT-WIT-HOU-S,Lifestyle,Yoga Tanks - Paintings Collection,Yoga Tank,Witching Hour,Recycled Polyester,S,1,$55,$55,,Not Started,,,,,,
TOC-YT-PASTEL-AMPLIF-S,Lifestyle,Yoga Tanks - Pastel Flavors,Yoga Tank,Amplify - Cinnamon,Recycled Polyester,S,1,$55,$55,,Not Started,,,,,,
TOC-YT-PASTEL-AMPLIF-S,Lifestyle,Yoga Tanks - Pastel Flavors,Yoga Tank,Amplify - Coconut,Recycled Polyester,S,1,$55,$55,,Not Started,,,,,,
TOC-YT-PASTEL-AMPLIF-S,Lifestyle,Yoga Tanks - Pastel Flavors,Yoga Tank,Amplify - Night,Recycled Polyester,S,1,$55,$55,,Not Started,,,,,,
TOC-YT-PASTEL-CYCLES-S,Lifestyle,Yoga Tanks - Pastel Flavors,Yoga Tank,Cycles - Eucalyptus,Recycled Polyester,S,1,$55,$55,,Not Started,,,,,,
TOC-YT-PASTEL-CYCLES-S,Lifestyle,Yoga Tanks - Pastel Flavors,Yoga Tank,Cycles - Night,Recycled Polyester,S,1,$55,$55,,Not Started,,,,,,
TOC-YT-PASTEL-LTUS-ASH-S,Lifestyle,Yoga Tanks - Pastel Flavors,Yoga Tank,Lotus Lace - Ashwagandha,Recycled Polyester,S,1,$55,$55,,Not Started,,,,,,
TOC-YT-PASTEL-LTUS-CAC-S,Lifestyle,Yoga Tanks - Pastel Flavors,Yoga Tank,Lotus Lace - Cacao,Recycled Polyester,S,1,$55,$55,,Not Started,,,,,,
TOC-YT-PASTEL-LTUS-CIN-S,Lifestyle,Yoga Tanks - Pastel Flavors,Yoga Tank,Lotus Lace - Cinnamon,Recycled Polyester,S,1,$55,$55,,Not Started,,,,,,
TOC-YT-PASTEL-LTUS-COC-S,Lifestyle,Yoga Tanks - Pastel Flavors,Yoga Tank,Lotus Lace - Coconut,Recycled Polyester,S,1,$55,$55,,Not Started,,,,,,
TOC-YT-PASTEL-LTUS-DUS-S,Lifestyle,Yoga Tanks - Pastel Flavors,Yoga Tank,Lotus Lace - Dusty Rose,Recycled Polyester,S,1,$55,$55,,Not Started,,,,,,
TOC-YT-PASTEL-LTUS-EUC-S,Lifestyle,Yoga Tanks - Pastel Flavors,Yoga Tank,Lotus Lace - Eucalyptus,Recycled Polyester,S,1,$55,$55,,Not Started,,,,,,
TOC-YT-PASTEL-LTUS-NIG-S,Lifestyle,Yoga Tanks - Pastel Flavors,Yoga Tank,Lotus Lace - Night,Recycled Polyester,S,1,$55,$55,,Not Started,,,,,,
TOC-YT-PASTEL-LUCID-S,Lifestyle,Yoga Tanks - Pastel Flavors,Yoga Tank,Lucid Dream - Cacao,Recycled Polyester,S,1,$55,$55,,Not Started,,,,,,
TOC-YT-PASTEL-LUCID-S,Lifestyle,Yoga Tanks - Pastel Flavors,Yoga Tank,Lucid Dream - Coconut,Recycled Polyester,S,1,$55,$55,,Not Started,,,,,,
TOC-YT-PASTEL-LUCID-S,Lifestyle,Yoga Tanks - Pastel Flavors,Yoga Tank,Lucid Dream - Eucalyptus,Recycled Polyester,S,1,$55,$55,,Not Started,,,,,,
TOC-YT-PASTEL-LUCID-S,Lifestyle,Yoga Tanks - Pastel Flavors,Yoga Tank,Lucid Dream - Heather,Recycled Polyester,S,1,$55,$55,,Not Started,,,,,,
TOC-YT-PASTEL-TILED-S,Lifestyle,Yoga Tanks - Pastel Flavors,Yoga Tank,Tile Design - Ash,Recycled Polyester,S,1,$55,$55,,Not Started,,,,,,
TOC-YT-PASTEL-TILED-S,Lifestyle,Yoga Tanks - Pastel Flavors,Yoga Tank,Tile Design - Mulberry,Recycled Polyester,S,1,$55,$55,,Not Started,,,,,,
TOC-DRESS-BELLSLV-MOS-GRN-M,Spring,Dresses - Bell Sleeve Wrap,Bell Sleeve Wrap Dress,Moss Green,Natural Dye Hemp and Cotton,M,1,$200,$200,,Not Started,,,Price TBC,,,
TOC-DRESS-BELLSLV-SGE-GRN-M,Spring,Dresses - Bell Sleeve Wrap,Bell Sleeve Wrap Dress,Sage Green,Natural Dye Hemp and Cotton,M,1,$200,$200,,Not Started,,,Price TBC,,,
TOC-JKT-K-GRN-S,Spring,Jackets - Kids,Kids Elf Jacket,Green,Recycled Fabric and Wool,S,1,$40,$40,,Not Started,,,Recycled fabrics and green wool with elf ears,,,
TOC-JKT-K-GRN-FEL-M,Spring,Jackets - Kids,Kids Jacket,Green Felt with Elf Ears and Hood and Appliqué Leaves,Felt and Recycled Fabric,M,1,$50,$50,,Not Started,,,,,,
TOC-KIM-LUM-BLK-GLD-OS,Spring,Kimonos - Luminaya,Luminaya Kimono,Black with Gold Leopard,100% Cotton,OS,1,$60,$60,,Not Started,,,100% cotton screen print,,,
TOC-KIM-LUM-BLK-GLD-OS,Spring,Kimonos - Luminaya,Luminaya Kimono,Black with Gold Leopard,100% Cotton,OS,1,$60,$60,,Not Started,,,100% cotton screen print,,,
TOC-KIM-LUM-BLK-GLD-OS,Spring,Kimonos - Luminaya,Luminaya Kimono,Black with Gold Peyote Stag,100% Cotton,OS,1,$60,$60,,Not Started,,,100% cotton screen print,,,
TOC-KIM-LUM-BLK-GLD-OS,Spring,Kimonos - Luminaya,Luminaya Kimono,Black with Gold Peyote Stag,100% Cotton,OS,1,$60,$60,,Not Started,,,100% cotton screen print,,,
TOC-KIM-LUM-BLU-BLK-OS,Spring,Kimonos - Luminaya,Luminaya Kimono,Blue with Black Peyote Stag,100% Cotton,OS,1,$60,$60,,Not Started,,,100% cotton screen print,,,
TOC-KIM-LUM-GRN-GLD-OS,Spring,Kimonos - Luminaya,Luminaya Kimono,Green with Gold Peyote Stag,100% Cotton,OS,1,$60,$60,,Not Started,,,100% cotton screen print,,,
TOC-KIM-LUM-GRN-WHT-OS,Spring,Kimonos - Luminaya,Luminaya Kimono,Green with White Shipibo Leopard,100% Cotton,OS,1,$60,$60,,Not Started,,,100% cotton screen print,,,
TOC-KIM-LUM-PNK-BLK-OS,Spring,Kimonos - Luminaya,Luminaya Kimono,Pink with Black Shipibo Leopard,100% Cotton,OS,1,$60,$60,,Not Started,,,100% cotton screen print,,,
TOC-KIM-LUM-WHT-BLK-OS,Spring,Kimonos - Luminaya,Luminaya Kimono,White with Black Bees and Hive,100% Cotton,OS,1,$60,$60,,Not Started,,,100% cotton screen print,,,
TOC-PANT-CORD-BRN-HBONE-L,Spring,Long Corduroy Pants,Long Corduroy Pants,Brown Herringbone,Corduroy,L,1,$120,$120,Y,Listed,,,Listed,,,
TOC-PANT-CORD-BRN-HBONE-M,Spring,Long Corduroy Pants,Long Corduroy Pants,Brown Herringbone,Corduroy,M,1,$120,$120,Y,Listed,,,Listed,,,
TOC-PANT-CORD-BRN-HBONE-S,Spring,Long Corduroy Pants,Long Corduroy Pants,Brown Herringbone,Corduroy,S,1,$120,$120,Y,Listed,,,Listed,,,
TOC-PANT-CORD-DUS-BGE-S,Spring,Long Corduroy Pants,Long Corduroy Pants,Dusty Beige Pink,Corduroy,S,1,$120,$120,Y,Listed,,,Listed,,,
TOC-PANT-CORD-DUS-BGE-S,Spring,Long Corduroy Pants,Long Corduroy Pants,Dusty Beige Pink,Corduroy,S,1,$120,$120,Y,Listed,,,Listed,,,
TOC-PANT-CORD-DUS-BGE-S,Spring,Long Corduroy Pants,Long Corduroy Pants,Dusty Beige Pink,Corduroy,S,1,$120,$120,Y,Listed,,,Listed,,,
TOC-PANT-CORD-DUS-BGE-S,Spring,Long Corduroy Pants,Long Corduroy Pants,Dusty Beige Pink,Corduroy,S,1,$120,$120,Y,Listed,,,Listed,,,
TOC-PANT-CORD-GRY-HBONE-L,Spring,Long Corduroy Pants,Long Corduroy Pants,Grey Herringbone,Corduroy,L,1,$120,$120,Y,Listed,,,Listed,,,
TOC-PANT-CORD-GRY-HBONE-M,Spring,Long Corduroy Pants,Long Corduroy Pants,Grey Herringbone,Corduroy,M,1,$120,$120,Y,Listed,,,Listed,,,
TOC-ND-BLK-XS,Spring,Natural Dye Clothing,Black Bra,Black,Natural Dye Hemp and Cotton,XS,1,$45,$45,,Not Started,,,,,,
TOC-ND-BLK-XS,Spring,Natural Dye Clothing,Black Bra,Black,Natural Dye Hemp and Cotton,XS,1,$45,$45,,Not Started,,,,,,
TOC-ND-BLK-XS,Spring,Natural Dye Clothing,Black Bra,Black,Natural Dye Hemp and Cotton,XS,1,$45,$45,,Not Started,,,,,,
TOC-ND-BLK-XS,Spring,Natural Dye Clothing,Black Bra with Fern Print,Black,Natural Dye Hemp and Cotton,XS,1,$45,$45,,Not Started,,,,,,
TOC-ND-BLK-XS,Spring,Natural Dye Clothing,Black Bra with Fern Print,Black,Natural Dye Hemp and Cotton,XS,1,$45,$45,,Not Started,,,,,,
TOC-ND-BLK-SM,Spring,Natural Dye Clothing,Black Cropped Tank (Ribbed),Black,Natural Dye Hemp and Cotton,S/M,1,$60,$60,,Not Started,,,,,,
TOC-ND-BLK-SM,Spring,Natural Dye Clothing,Black Cropped Tank (Ribbed),Black,Natural Dye Hemp and Cotton,S/M,1,$60,$60,,Not Started,,,,,,
TOC-ND-BLK-SM,Spring,Natural Dye Clothing,Black Cropped Tank (Ribbed),Black,Natural Dye Hemp and Cotton,S/M,1,$60,$60,,Not Started,,,,,,
TOC-ND-BLK-SM,Spring,Natural Dye Clothing,Black Cropped Tank (Ribbed),Black,Natural Dye Hemp and Cotton,S/M,1,$60,$60,,Not Started,,,,,,
TOC-ND-BLK-M,Spring,Natural Dye Clothing,Black Tank,Black,Natural Dye Hemp and Cotton,M,1,$65,$65,,Not Started,,,,,,
TOC-ND-BLK-M,Spring,Natural Dye Clothing,Black Tank,Black,Natural Dye Hemp and Cotton,M,1,$65,$65,,Not Started,,,,,,
TOC-ND-BLK-M,Spring,Natural Dye Clothing,Black Tank,Black,Natural Dye Hemp and Cotton,M,1,$65,$65,,Not Started,,,,,,
TOC-ND-BLK-M,Spring,Natural Dye Clothing,Black Tank,Black,Natural Dye Hemp and Cotton,M,1,$65,$65,,Not Started,,,,,,
TOC-ND-BLK-M,Spring,Natural Dye Clothing,Black Tank,Black,Natural Dye Hemp and Cotton,M,1,$65,$65,,Not Started,,,,,,
TOC-ND-BLK-M,Spring,Natural Dye Clothing,Black Tank,Black,Natural Dye Hemp and Cotton,M,1,$65,$65,,Not Started,,,,,,
TOC-ND-BLK-S,Spring,Natural Dye Clothing,Black Wrap Cropped Top,Black,Natural Dye Hemp and Cotton,S,1,$115,$115,,Not Started,,,,,,
TOC-ND-SHA-BGE-OSSM,Spring,Natural Dye Clothing,Cotton Box Top,Shades of Beige,Natural Dye Hemp and Cotton,OS/SM,1,$60,$60,,Not Started,,,,,,
TOC-ND-SHA-BGE-OSSM,Spring,Natural Dye Clothing,Cotton Box Top,Shades of Beige,Natural Dye Hemp and Cotton,OS/SM,1,$60,$60,,Not Started,,,,,,
TOC-ND-SHA-BGE-OSSM,Spring,Natural Dye Clothing,Cotton Box Top,Shades of Beige,Natural Dye Hemp and Cotton,OS/SM,1,$60,$60,,Not Started,,,,,,
TOC-ND-SHA-BGE-OSSM,Spring,Natural Dye Clothing,Cotton Box Top,Shades of Beige,Natural Dye Hemp and Cotton,OS/SM,1,$60,$60,,Not Started,,,,,,
TOC-ND-LIG-RST-S,Spring,Natural Dye Clothing,Hemp Undies,Light Rust,Natural Dye Hemp and Cotton,S,1,$22,$22,,Not Started,,,Price TBC,,,
TOC-ND-WHT-S,Spring,Natural Dye Clothing,Hemp Undies,White,Natural Dye Hemp and Cotton,S,1,$22,$22,,Not Started,,,Price TBC,,,
TOC-ND-BLU-GRY-OS,Spring,Natural Dye Clothing,Kimono,Blue Grey,Natural Dye Hemp and Cotton,OS,1,$115,$115,,Not Started,,,Price TBC,,,
TOC-ND-BRN-GRY-OS,Spring,Natural Dye Clothing,Kimono,Brown Grey,Natural Dye Hemp and Cotton,OS,1,$115,$115,,Not Started,,,Price TBC,,,
TOC-ND-GRY-OS,Spring,Natural Dye Clothing,Kimono,Grey,Natural Dye Hemp and Cotton,OS,1,$115,$115,,Not Started,,,Price TBC,,,
TOC-ND-IND-OS,Spring,Natural Dye Clothing,Kimono,Indigo,Natural Dye Hemp and Cotton,OS,1,$115,$115,,Not Started,,,Price TBC,,,
TOC-ND-IND-OS,Spring,Natural Dye Clothing,Kimono,Indigo,Natural Dye Hemp and Cotton,OS,1,$115,$115,,Not Started,,,Price TBC,,,
TOC-ND-IND-OS,Spring,Natural Dye Clothing,Kimono,Indigo,Natural Dye Hemp and Cotton,OS,1,$115,$115,,Not Started,,,Price TBC,,,
TOC-RECYC-S-VIB-OS,Spring,Recycled Fabric Soft Pieces,Long Wrap,70s Vibe Print,Recycled Fabric,OS,1,$60,$60,,Not Started,,,,,,
TOC-RECYC-GRY-FEA-OS,Spring,Recycled Fabric Soft Pieces,Long Wrap,Grey Feathers,Recycled Fabric,OS,1,$60,$60,,Not Started,,,,,,
TOC-RECYC-BLU-RED-OS,Spring,Recycled Fabric Soft Pieces,Long Wrap Jacket,Blue and Red Flowers,Recycled Fabric,OS,1,$60,$60,,Not Started,,,,,,
TOC-VEST-CROP-BRN-APP-XS,Spring,Vests - Cropped,Cropped Vest,Brown with Reverse Appliqué Design on Back,Mixed Fabric,XS,1,$60,$60,,Draft,,,Listing not complete,,,
TOC-VEST-K-DRG-CORD-PAT-L,Spring,Vests - Kids Dragonfly,Kids Dragonfly Vest,Corduroy Patchwork with Dragonfly Back,Corduroy Patchwork,L,1,$40,$40,,Not Started,,,Needs individual photos,,,
TOC-VEST-K-DRG-CORD-PAT-M,Spring,Vests - Kids Dragonfly,Kids Dragonfly Vest,Corduroy Patchwork with Dragonfly Back,Corduroy Patchwork,M,1,$40,$40,,Not Started,,,Needs individual photos,,,
TOC-VEST-K-DRG-CORD-PAT-M,Spring,Vests - Kids Dragonfly,Kids Dragonfly Vest,Corduroy Patchwork with Dragonfly Back,Corduroy Patchwork,M,1,$40,$40,,Not Started,,,Needs individual photos,,,
TOC-VEST-K-DRG-CORD-PAT-S,Spring,Vests - Kids Dragonfly,Kids Dragonfly Vest,Corduroy Patchwork with Dragonfly Back,Corduroy Patchwork,S,1,$40,$40,,Not Started,,,Needs individual photos,,,
TOC-VEST-M-LWT-GRY-BRN-M,Spring,Vests - Mens Lightweight Hooded,Mens Lightweight Hooded Vest,Grey and Brown,Recycled Material,M,1,$100,$100,,Not Started,,,,,,
TOC-VEST-M-LWT-GRY-BRN-M,Spring,Vests - Mens Lightweight Hooded,Mens Lightweight Hooded Vest,Grey and Brown,Recycled Material,M,1,$100,$100,,Not Started,,,,,,
TOC-VEST-M-LWT-BRN-BRN-L,Spring,Vests - Mens Lightweight Hooded - Brown Brown,Mens Lightweight Hooded Vest Brown,Brown,Recycled Material,L,1,$80,$80,,Not Started,,,Zipper pockets studs recycled material,,,
TOC-VEST-M-LWT-BRN-BRN-L,Spring,Vests - Mens Lightweight Hooded - Brown Brown,Mens Lightweight Hooded Vest Brown,Brown,Recycled Material,L,1,$80,$80,,Not Started,,,Zipper pockets studs recycled material,,,
TOC-VEST-M-LWT-GRYBR-GRY-BRN-L,Spring,Vests - Mens Lightweight Hooded - Grey Brown,Mens Lightweight Hooded Vest Grey Brown,Grey and Brown,Recycled Material,L,1,$80,$80,,Not Started,,,Zipper pockets studs recycled material,,,
TOC-VEST-PIXIE-BRN-TWD-XSS,Spring,Vests - Pixie Cropped Hooded,Pixie Cropped Hooded Vest with Embroidery,Brown Tweed with Embroidery,Tweed,XS/S,1,$90,$90,,Not Started,,,,,,
TOC-VEST-PIXIE-BRN-TWD-XSS,Spring,Vests - Pixie Cropped Hooded,Pixie Cropped Hooded Vest with Embroidery,Brown Tweed with Geometric Embroidery and Rev App Textiles,Tweed,XS/S,1,$95,$95,,Not Started,,,,,,
TOC-VEST-W-CROP-BRN-SDE-SM,Spring,Vests - Womens Cropped Hooded,Womens Cropped Hooded Vest,Brown Suede with Shipibo Patch,Suede,S/M,1,$100,$100,,Not Started,,,,,,
TOC-VEST-W-CROP-BRN-SDE-SM,Spring,Vests - Womens Cropped Hooded,Womens Cropped Hooded Vest,Brown Suede with Shipibo Patch,Suede,S/M,1,$100,$100,,Not Started,,,,,,
TOC-VEST-W-CROP-CRM-TAN-XSS,Spring,Vests - Womens Cropped Hooded,Womens Cropped Hooded Vest,Cream Tan Brown Suede with Light Language,Suede,XS/S,1,$100,$100,,Not Started,,,,,,
TOC-VEST-W-CROP-TAN-BRN-XSS,Spring,Vests - Womens Cropped Hooded,Womens Cropped Hooded Vest,Tan and Brown with Flower of Life and Light Language,Suede,XS/S,1,$100,$100,,Not Started,,,,,,
TOC-VEST-W-CROP-WHT-SDE-ML,Spring,Vests - Womens Cropped Hooded,Womens Cropped Hooded Vest,White Suede with Shipibo Patch,Suede,M/L,1,$100,$100,,Not Started,,,,,,
TOC-VEST-W-PIXIE-ELE-ELE-GUA-XS,Spring,Vests - Womens Cropped Pixie Elephant,Womens Cropped Pixie Vest with Elephant,Elephant Reverse Applique with Guatemala Textiles,Recycled Fabric and Cotton,XS,1,$60,$60,,Not Started,,,Elephant screen print on inner side recycled fabric and cotton,,,
TOC-VEST-W-LWT-BLK-EAR-SM,Spring,Vests - Womens Lightweight Hooded,Womens Lightweight Hooded Vest,Black with Earth Tone Textiles,Mixed Recycled,S/M,1,$175,$175,,Not Started,,,,,,
TOC-VEST-W-LWT-BLK-RNBW-SM,Spring,Vests - Womens Lightweight Hooded,Womens Lightweight Hooded Vest,Black with Rainbow Textiles and White Geometric - Zip Pockets,Mixed Recycled,S/M,1,$175,$175,,Not Started,,,,,,
TOC-VEST-W-LWT-BRN-CORD-SM,Spring,Vests - Womens Lightweight Hooded,Womens Lightweight Hooded Vest,Brown Corduroy with Pink Textiles and White Geometric - Zip Pockets,Mixed Recycled,S/M,1,$175,$175,,Not Started,,,,,,
TOC-VEST-W-LWT-STA-SKY-SM,Spring,Vests - Womens Lightweight Hooded,Womens Lightweight Hooded Vest,Starlit Sky Blue with Earth Tone Textiles,Mixed Recycled,S/M,1,$175,$175,,Not Started,,,,,,
TOC-BIKINI-GLD-GRY-REV-OS,Summer,Bikini Sets,Bikini Bra Top,Gold and Grey Reversible,Recycled Materials,OS,1,$70,$70,,Not Started,,,Recycled materials reversible,,,
TOC-BIKINI-GLD-GRY-OS,Summer,Bikini Sets,Bikini Set (Reversible Halter Top + Low Rise Semi Cheeky Bottoms),Gold and Grey,Recycled Materials,OS,1,$70,$70,,Not Started,,,,,,
TOC-BIKINI-GLD-GRY-OS,Summer,Bikini Sets,Bikini Set (Reversible Halter Top + Low Rise Semi Cheeky Bottoms),Gold and Grey,Recycled Materials,OS,1,$70,$70,,Not Started,,,,,,
TOC-BIKINI-GLD-GRY-OS,Summer,Bikini Sets,Bikini Set (Reversible Halter Top + Low Rise Semi Cheeky Bottoms),Gold and Grey,Recycled Materials,OS,1,$70,$70,,Not Started,,,,,,
TOC-BIKINI-GLD-GRY-OS,Summer,Bikini Sets,Bikini Set (Reversible Halter Top + Low Rise Semi Cheeky Bottoms),Gold and Grey,Recycled Materials,OS,1,$70,$70,,Not Started,,,,,,
TOC-BIKINI-GLD-GRY-OS,Summer,Bikini Sets,Bikini Set (Reversible Halter Top + Low Rise Semi Cheeky Bottoms),Gold and Grey,Recycled Materials,OS,1,$70,$70,,Not Started,,,,,,
TOC-BIKINI-GLD-GRY-OS,Summer,Bikini Sets,Bikini Set (Reversible Halter Top + Low Rise Semi Cheeky Bottoms),Gold and Grey,Recycled Materials,OS,1,$70,$70,,Not Started,,,,,,
TOC-BIKINI-GLD-GRY-OS,Summer,Bikini Sets,Bikini Set (Reversible Halter Top + Low Rise Semi Cheeky Bottoms),Gold and Grey,Recycled Materials,OS,1,$70,$70,,Not Started,,,,,,
TOC-BIKINI-GLD-GRY-OS,Summer,Bikini Sets,Bikini Set (Reversible Halter Top + Low Rise Semi Cheeky Bottoms),Gold and Grey,Recycled Materials,OS,1,$70,$70,,Not Started,,,,,,
TOC-BIKINI-GLD-GRY-OS,Summer,Bikini Sets,Bikini Set (Reversible Halter Top + Low Rise Semi Cheeky Bottoms),Gold and Grey,Recycled Materials,OS,1,$70,$70,,Not Started,,,,,,
TOC-BIKINI-GLD-GRY-OS,Summer,Bikini Sets,Bikini Set (Reversible Halter Top + Low Rise Semi Cheeky Bottoms),Gold and Grey,Recycled Materials,OS,1,$70,$70,,Not Started,,,,,,
TOC-BIKINI-GLD-GRY-OS,Summer,Bikini Sets,Bikini Set (Reversible Halter Top + Low Rise Semi Cheeky Bottoms),Gold and Grey,Recycled Materials,OS,1,$70,$70,,Not Started,,,,,,
TOC-BIKINI-GLD-GRY-OS,Summer,Bikini Sets,Bikini Set (Reversible Halter Top + Low Rise Semi Cheeky Bottoms),Gold and Grey,Recycled Materials,OS,1,$70,$70,,Not Started,,,,,,
TOC-BIKINI-GLD-GRY-OS,Summer,Bikini Sets,Bikini Set (Reversible Halter Top + Low Rise Semi Cheeky Bottoms),Gold and Grey,Recycled Materials,OS,1,$70,$70,,Not Started,,,,,,
TOC-BIKINI-GLD-GRY-OS,Summer,Bikini Sets,Bikini Set (Reversible Halter Top + Low Rise Semi Cheeky Bottoms),Gold and Grey,Recycled Materials,OS,1,$70,$70,,Not Started,,,,,,
TOC-BIKINI-GLD-GRY-OS,Summer,Bikini Sets,Bikini Set (Reversible Halter Top + Low Rise Semi Cheeky Bottoms),Gold and Grey,Recycled Materials,OS,1,$70,$70,,Not Started,,,,,,
TOC-BIKINI-GLD-GRY-OS,Summer,Bikini Sets,Bikini Set (Reversible Halter Top + Low Rise Semi Cheeky Bottoms),Gold and Grey,Recycled Materials,OS,1,$70,$70,,Not Started,,,,,,
TOC-BRA-BLK-GRY-XL,Summer,Bras,Bra,Black and Grey Striped with Red Straps and Edging,Mixed Fabric,XL,1,$35,$35,,Not Started,,,,,,
TOC-BRA-BLK-GRY-XL,Summer,Bras,Bra,Black and Grey Striped with Red Straps and Edging,Mixed Fabric,XL,1,$35,$35,,Not Started,,,,,,
TOC-BRA-BLK-GRY-XL,Summer,Bras,Bra,Black and Grey Striped with Red Straps and Edging,Mixed Fabric,XL,1,$35,$35,,Not Started,,,,,,
TOC-BRA-BLK-GRY-XL,Summer,Bras,Bra,Black and Grey Striped with Red Straps and Edging,Mixed Fabric,XL,1,$35,$35,,Not Started,,,,,,
TOC-BRA-BLK-GRY-XL,Summer,Bras,Bra,Black and Grey Striped with Red Straps and Edging,Mixed Fabric,XL,1,$35,$35,,Not Started,,,,,,
TOC-BRA-GRY-DOT-SM,Summer,Bras,Halter Bikini (Reversible),Grey with Dots and Braided Strap,Mixed Fabric,S/M,1,$35,$35,,Not Started,,,,,,
TOC-BRA-WHT-GRY-SM,Summer,Bras,Halter Bikini (Reversible),White and Grey with Flower Print and White Braided Straps,Mixed Fabric,S/M,1,$35,$35,,Not Started,,,,,,
TOC-DRESS-COWL-STR-NEC-SM,Summer,Cowl Dress,Cowl Neck Short Dress,Striped Neck Fabric and Grey Feathers Base,Mixed Fabric,S/M,1,$75,$75,,Not Started,,,,,,
TOC-DRESS-COWL-STR-NEC-SM,Summer,Cowl Dress,Cowl Neck Short Dress,Striped Neck Fabric and Grey Feathers Base,Mixed Fabric,S/M,1,$75,$75,,Not Started,,,,,,
TOC-DRESS-COWL-FEA-STR-OS,Summer,Cowl Dress,Womens Cowl Neck Dress,Feather Print with Striped Neck,Mixed,OS,1,$60,$60,,Not Started,,,,,,
TOC-CROP-AQU-FLO-SM,Summer,Crop Tops,Crop Top,Aqua with Flowers,Velvet,S/M,1,$50,$50,,Not Started,,,,,,
TOC-CROP-BLK-VLV-SM,Summer,Crop Tops,Crop Top,Black Velvet with Flowers,Velvet,S/M,1,$50,$50,,Not Started,,,,,,
TOC-CROP-MOS-GRN-SM,Summer,Crop Tops,Crop Top,Moss Green with Black and White Stripes,Velvet,S/M,1,$50,$50,,Not Started,,,,,,
TOC-CROP-MOS-GRN-SM,Summer,Crop Tops,Crop Top,Moss Green with Black and White Stripes,Velvet,S/M,1,$50,$50,,Not Started,,,,,,
TOC-CROP-MOS-GRN-SM,Summer,Crop Tops,Crop Top,Moss Green with Black and White Stripes,Velvet,S/M,1,$50,$50,,Not Started,,,,,,
TOC-CROP-NVY-FLO-SM,Summer,Crop Tops,Crop Top,Navy with Flowers,Velvet,S/M,1,$50,$50,,Not Started,,,,,,
TOC-CROP-NVY-FLO-SM,Summer,Crop Tops,Crop Top,Navy with Flowers,Velvet,S/M,1,$50,$50,,Not Started,,,,,,
TOC-CROP-PRP-BLK-SM,Summer,Crop Tops,Crop Top,Purple with Black and Rainbow Edging,Velvet,S/M,1,$40,$40,,Not Started,,,,,,
TOC-CROP-PRP-BLK-SM,Summer,Crop Tops,Crop Top,Purple with Black and Rainbow Edging,Velvet,S/M,1,$40,$40,,Not Started,,,,,,
TOC-CROP-TEL-BLK-SM,Summer,Crop Tops,Crop Top,Teal with Black and White Stripes,Velvet,S/M,1,$50,$50,,Not Started,,,,,,
TOC-CROP-WHT-VLV-SM,Summer,Crop Tops,Crop Top,White Velvet with Black and White Stripes,Velvet,S/M,1,$50,$50,,Not Started,,,,,,
TOC-CROP-WHT-VLV-SM,Summer,Crop Tops,Crop Top,White Velvet with Black and White Stripes,Velvet,S/M,1,$50,$50,,Not Started,,,,,,
TOC-CROP-WHT-VLV-SM,Summer,Crop Tops,Crop Top,White Velvet with Black and White Stripes,Velvet,S/M,1,$50,$50,,Not Started,,,,,,
TOC-CROP-RED-VLV-SM,Summer,Crop Tops,Crop Top (Reversible),Red Velvet with Flowers,Velvet,S/M,1,$50,$50,,Not Started,,,,,,
TOC-CROP-RED-VLV-SM,Summer,Crop Tops,Crop Top (Reversible),Red Velvet with Flowers,Velvet,S/M,1,$50,$50,,Not Started,,,,,,
TOC-CROP-RED-VLV-SM,Summer,Crop Tops,Crop Top (Reversible),Red Velvet with Flowers,Velvet,S/M,1,$50,$50,,Not Started,,,,,,
TOC-DRESS-STRAPPY-BRN-BLK-SM,Summer,Dresses - Long Summer Strappy,Long Summer Strappy Dress,Brown with Black and White Stripes,Mixed Fabric,S/M,1,$85,$85,,Not Started,,,,,,
TOC-DRESS-STRAPPY-GRY-RNBW-SM,Summer,Dresses - Long Summer Strappy,Long Summer Strappy Dress,Grey with Rainbow Edging,Mixed Fabric,S/M,1,$85,$85,,Not Started,,,,,,
TOC-DRESS-STRAPPY-NVY-BLK-SM,Summer,Dresses - Long Summer Strappy,Long Summer Strappy Dress,Navy with Black Velvet Edging,Mixed Fabric,S/M,1,$85,$85,,Not Started,,,,,,
TOC-DRESS-STRAPPY-ROS-RNBW-SM,Summer,Dresses - Long Summer Strappy,Long Summer Strappy Dress,Rose with Rainbow Edging,Mixed Fabric,S/M,1,$85,$85,,Not Started,,,,,,
TOC-DRESS-STRAPPY-ROY-BLU-SM,Summer,Dresses - Long Summer Strappy,Long Summer Strappy Dress,Royal Blue with Black and White Stripes,Mixed Fabric,S/M,1,$85,$85,,Not Started,,,,,,
TOC-DRESS-STRAPPY-NVY-BLK-SM,Summer,Dresses - Long Summer Strappy,Long Summer Strappy Dress with Owl Print,Navy with Black Velvet Edging and Screen Printed Owl,Mixed Fabric,S/M,1,$90,$90,,Not Started,,,,,,
TOC-DRESS-STRAPPY-PRP-RNBW-SM,Summer,Dresses - Long Summer Strappy,Long Summer Strappy Dress with Owl Print,Purple with Rainbow Strap and Screen Printed Owl,Mixed Fabric,S/M,1,$90,$90,,Not Started,,,,,,
TOC-DRESS-WRAP-LWT-GRY-M,Summer,Dresses - No Sleeve Wrap Lightweight,No Sleeve Wrap Dress Lightweight,Grey,Natural Dye Hemp and Cotton,M,1,$150,$150,,Not Started,,,Price TBC,,,
TOC-DRESS-WRAP-LWT-YEL-M,Summer,Dresses - No Sleeve Wrap Lightweight,No Sleeve Wrap Dress Lightweight,Yellow,Natural Dye Hemp and Cotton,M,1,$150,$150,,Not Started,,,Price TBC,,,
TOC-DRESS-WRAP-STR-BRN-SM,Summer,Dresses - No Sleeve Wrap Stretchy,No Sleeve Wrap Dress Stretchy,Brown,Natural Dye Hemp and Cotton,S/M,1,$200,$200,,Not Started,,,,,,
TOC-DRESS-WRAP-STR-GRY-SM,Summer,Dresses - No Sleeve Wrap Stretchy,No Sleeve Wrap Dress Stretchy,Grey,Natural Dye Hemp and Cotton,S/M,1,$200,$200,,Not Started,,,,,,
TOC-DRESS-WRAP-STR-GRY-SM,Summer,Dresses - No Sleeve Wrap Stretchy,No Sleeve Wrap Dress Stretchy,Grey,Natural Dye Hemp and Cotton,S/M,1,$200,$200,,Not Started,,,,,,
TOC-DRESS-WRAP-STR-LEM-SM,Summer,Dresses - No Sleeve Wrap Stretchy,No Sleeve Wrap Dress Stretchy,Lemon,Natural Dye Hemp and Cotton,S/M,1,$200,$200,,Not Started,,,,,,
TOC-DRESS-MERMAID-FRST-SGE-SM,Summer,Dresses - OOAK Mermaid,OOAK Summer Mermaid Dress,Forest Sage,Hemp Cotton Jersey,S/M,1,$150,$150,,Not Started,,,Hemp cotton jersey hand dyed,,,
TOC-DRESS-PIXIE-GRN-OS,Summer,Dresses - Pixie Hooded,Womens Green Hooded Pixie Dress,Green,Mixed,OS,1,$75,$75,,Not Started,,,Screen printed,,,
TOC-DRESS-HEMP-PAS-PCH-M,Summer,Dresses - Summer Hemp,Summer Dress,Pastel Peach,Hemp Cotton Jersey,M,1,$150,$150,,Not Started,,,Hemp cotton jersey top and hemp cotton base naturally dyed,,,
TOC-DRESS-HEMP-PAS-SGE-M,Summer,Dresses - Summer Hemp,Summer Dress,Pastel Sage,Hemp Cotton Jersey,M,1,$150,$150,,Not Started,,,Hemp cotton jersey top and hemp cotton base naturally dyed,,,
TOC-DRESS-STRT-GRN-SM,Summer,Dresses - Summer Straight,Summer Straight Dress,Green,Natural Dye Hemp and Cotton,S/M,1,$150,$150,,Not Started,,,,,,
TOC-DRESS-STRT-YEL-SM,Summer,Dresses - Summer Straight,Summer Straight Dress,Yellow,Natural Dye Hemp and Cotton,S/M,1,$150,$150,,Not Started,,,,,,
TOC-ND-KGIRL-LS-SGE-18M,Summer,Natural Dye Clothing - Little Girl Dresses (Long Sleeve),Little Girl Dress Long Sleeve,Sage,Natural Dye Hemp and Cotton,18 months,1,$50,$50,,Not Started,,,Price TBC,,,
TOC-ND-KGIRL-SS-BLU-1(AGE5),Summer,Natural Dye Clothing - Little Girl Dresses (Short Sleeve),Little Girl Dress Short Sleeve,Blue,Natural Dye Hemp and Cotton,1 (age 5),1,$60,$60,,Not Started,,,,,,
TOC-ND-KGIRL-SS-GRN-1(AGE5),Summer,Natural Dye Clothing - Little Girl Dresses (Short Sleeve),Little Girl Dress Short Sleeve,Green,Natural Dye Hemp and Cotton,1 (age 5),1,$60,$60,,Not Started,,,,,,
TOC-ND-KGIRL-SS-RST-1(AGE5),Summer,Natural Dye Clothing - Little Girl Dresses (Short Sleeve),Little Girl Dress Short Sleeve,Rust,Natural Dye Hemp and Cotton,1 (age 5),1,$60,$60,,Not Started,,,,,,
TOC-ND-TANK-BGE-M,Summer,Natural Dye Clothing - Tanks,Double Fabric Tank,Beige,Natural Dye Hemp and Cotton,M,1,$80,$80,,Not Started,,,,,,
TOC-ND-TANK-AQU-ML,Summer,Natural Dye Clothing - Tanks,Tank,Aqua,Natural Dye Hemp and Cotton,M/L,1,$70,$70,,Not Started,,,Price TBC,,,
TOC-ND-TANK-AQU-ML,Summer,Natural Dye Clothing - Tanks,Tank,Aqua,Natural Dye Hemp and Cotton,M/L,1,$70,$70,,Not Started,,,Price TBC,,,
TOC-ND-TANK-AQU-ML,Summer,Natural Dye Clothing - Tanks,Tank,Aqua,Natural Dye Hemp and Cotton,M/L,1,$70,$70,,Not Started,,,Price TBC,,,
TOC-ND-TANK-EUC-ML,Summer,Natural Dye Clothing - Tanks,Tank,Eucalyptus,Natural Dye Hemp and Cotton,M/L,1,$75,$75,,Not Started,,,Price TBC,,,
TOC-ND-TANK-EUC-ML,Summer,Natural Dye Clothing - Tanks,Tank,Eucalyptus,Natural Dye Hemp and Cotton,M/L,1,$75,$75,,Not Started,,,Price TBC,,,
TOC-ND-TANK-EUC-SM,Summer,Natural Dye Clothing - Tanks,Tank,Eucalyptus,Natural Dye Hemp and Cotton,S/M,1,$75,$75,,Not Started,,,Price TBC,,,
TOC-ND-TANK-LIG-BLU-ML,Summer,Natural Dye Clothing - Tanks,Tank,Light Blue,Natural Dye Hemp and Cotton,M/L,1,$75,$75,,Not Started,,,Price TBC,,,
TOC-ND-TANK-LIG-BLU-SM,Summer,Natural Dye Clothing - Tanks,Tank,Light Blue,Natural Dye Hemp and Cotton,S/M,1,$75,$75,,Not Started,,,Price TBC,,,
TOC-ND-TANK-LIG-BLU-SM,Summer,Natural Dye Clothing - Tanks,Tank,Light Blue,Natural Dye Hemp and Cotton,S/M,1,$75,$75,,Not Started,,,Price TBC,,,
TOC-ND-TANK-LIL-GRY-ML,Summer,Natural Dye Clothing - Tanks,Tank,Lilac Grey (some with prints),Natural Dye Hemp and Cotton,M/L,1,$70,$70,,Not Started,,,Price TBC,,,
TOC-ND-TANK-LIL-GRY-ML,Summer,Natural Dye Clothing - Tanks,Tank,Lilac Grey (some with prints),Natural Dye Hemp and Cotton,M/L,1,$70,$70,,Not Started,,,Price TBC,,,
TOC-ND-TANK-LIL-GRY-SM,Summer,Natural Dye Clothing - Tanks,Tank,Lilac Grey (some with prints),Natural Dye Hemp and Cotton,S/M,1,$70,$70,,Not Started,,,Price TBC,,,
TOC-ND-TANK-LIL-GRY-SM,Summer,Natural Dye Clothing - Tanks,Tank,Lilac Grey (some with prints),Natural Dye Hemp and Cotton,S/M,1,$70,$70,,Not Started,,,Price TBC,,,
TOC-ND-TANK-LIL-GRY-SM,Summer,Natural Dye Clothing - Tanks,Tank,Lilac Grey (some with prints),Natural Dye Hemp and Cotton,S/M,1,$70,$70,,Not Started,,,Price TBC,,,
TOC-ND-TANK-LIL-GRY-SM,Summer,Natural Dye Clothing - Tanks,Tank,Lilac Grey (some with prints),Natural Dye Hemp and Cotton,S/M,1,$70,$70,,Not Started,,,Price TBC,,,
TOC-ND-TANK-ROS-ML,Summer,Natural Dye Clothing - Tanks,Tank,Rose,Natural Dye Hemp and Cotton,M/L,1,$65,$65,,Not Started,,,,,,
TOC-ND-TANK-ROS-ML,Summer,Natural Dye Clothing - Tanks,Tank,Rose,Natural Dye Hemp and Cotton,M/L,1,$65,$65,,Not Started,,,,,,
TOC-ND-TANK-SGE-MUD-SM,Summer,Natural Dye Clothing - Tanks,Tank,Sage with Mud Cloth Print,Natural Dye Hemp and Cotton,S/M,1,$75,$75,,Not Started,,,Price TBC,,,
TOC-ND-TANK-TEL-SHA-ML,Summer,Natural Dye Clothing - Tanks,Tank,Teal with Shades of Orange,Natural Dye Hemp and Cotton,M/L,1,$70,$70,,Not Started,,,Price TBC,,,
TOC-ND-TANK-TEL-SHA-ML,Summer,Natural Dye Clothing - Tanks,Tank,Teal with Shades of Orange,Natural Dye Hemp and Cotton,M/L,1,$70,$70,,Not Started,,,Price TBC,,,
TOC-ND-TANK-TEL-SHA-ML,Summer,Natural Dye Clothing - Tanks,Tank,Teal with Shades of Orange,Natural Dye Hemp and Cotton,M/L,1,$70,$70,,Not Started,,,Price TBC,,,
TOC-ND-TANK-TEL-SHA-ML,Summer,Natural Dye Clothing - Tanks,Tank,Teal with Shades of Orange,Natural Dye Hemp and Cotton,M/L,1,$70,$70,,Not Started,,,Price TBC,,,
TOC-ND-TANK-TEL-SHA-ML,Summer,Natural Dye Clothing - Tanks,Tank,Teal with Shades of Orange,Natural Dye Hemp and Cotton,M/L,1,$70,$70,,Not Started,,,Price TBC,,,
TOC-ND-TANK-TEL-SHA-SM,Summer,Natural Dye Clothing - Tanks,Tank,Teal with Shades of Orange,Natural Dye Hemp and Cotton,S/M,1,$70,$70,,Not Started,,,Price TBC,,,
TOC-ND-TANK-TEL-SHA-SM,Summer,Natural Dye Clothing - Tanks,Tank,Teal with Shades of Orange,Natural Dye Hemp and Cotton,S/M,1,$70,$70,,Not Started,,,Price TBC,,,
TOC-ND-TANK-TEL-SHA-SM,Summer,Natural Dye Clothing - Tanks,Tank,Teal with Shades of Orange,Natural Dye Hemp and Cotton,S/M,1,$70,$70,,Not Started,,,Price TBC,,,
TOC-TEE-M-CPR-SHPB-M,Summer,T-Shirts - Mens,Mens T-Shirt,Copper with Colored Shipibo Leopard,100% Cotton Screen Printed,M,1,$40,$40,,Not Started,,,,,,
TOC-TEE-M-GRN-BLU-L,Summer,T-Shirts - Mens,Mens T-Shirt,Green with Blue Eagle Peyote,100% Cotton Screen Printed,L,1,$40,$40,,Not Started,,,,,,
TOC-TEE-M-GRN-BLU-M,Summer,T-Shirts - Mens,Mens T-Shirt,Green with Blue Eagle Peyote,100% Cotton Screen Printed,M,1,$40,$40,,Not Started,,,,,,
TOC-TEE-M-GRN-BLU-M,Summer,T-Shirts - Mens,Mens T-Shirt,Green with Blue Eagle Peyote,100% Cotton Screen Printed,M,1,$40,$40,,Not Started,,,,,,
TOC-TANK-LUM-BLK-MED-OS,Summer,Tank Tops - Luminaya,Luminaya Hooded Tank,Black with Meditating Woman on Lotus,100% Cotton,OS,1,$30,$30,,Not Started,,,100% cotton screen printed,,,
TOC-TANK-LUM-LIL-SHPB-OS,Summer,Tank Tops - Luminaya,Luminaya Hooded Tank,Lilac with Shipibo Leopard,100% Cotton,OS,1,$30,$30,,Not Started,,,100% cotton screen printed,,,
TOC-TANK-LUM-BLK-MED-OS,Summer,Tank Tops - Luminaya,Luminaya Tank,Black with Meditating Woman on Lotus,100% Cotton,OS,1,$30,$30,,Not Started,,,100% cotton screen printed,,,
TOC-TANK-LUM-BLK-MOT-OS,Summer,Tank Tops - Luminaya,Luminaya Tank,Black with Mother Earth in Green and Leopard Eyes,100% Cotton,OS,1,$30,$30,,Not Started,,,100% cotton screen printed,,,
TOC-TANK-LUM-LIG-BLU-OS,Summer,Tank Tops - Luminaya,Luminaya Tank,Light Blue with Hummingbirds,100% Cotton,OS,1,$30,$30,,Not Started,,,100% cotton screen printed,,,
TOC-TANK-LUM-LIG-BLU-OS,Summer,Tank Tops - Luminaya,Luminaya Tank,Light Blue with Hummingbirds,100% Cotton,OS,1,$30,$30,,Not Started,,,100% cotton screen printed,,,
TOC-TANK-LUM-LIG-BLU-OS,Summer,Tank Tops - Luminaya,Luminaya Tank,Light Blue with Peyote Stag,100% Cotton,OS,1,$30,$30,,Not Started,,,100% cotton screen printed,,,
TOC-TANK-M-DRK-BLK-BLU-L,Summer,Tank Tops - Mens Black/Grey/Blue,Mens Tank Top,Black with Blue Eagle Face,100% Cotton Screen Printed,L,1,$35,$35,,Not Started,,,,,,
TOC-TANK-M-DRK-BLK-BLU-L,Summer,Tank Tops - Mens Black/Grey/Blue,Mens Tank Top,Black with Blue Eagle Face,100% Cotton Screen Printed,L,1,$35,$35,,Not Started,,,,,,
TOC-TANK-M-DRK-BLK-BLU-L,Summer,Tank Tops - Mens Black/Grey/Blue,Mens Tank Top,Black with Blue Eagle Face,100% Cotton Screen Printed,L,1,$35,$35,,Not Started,,,,,,
TOC-TANK-M-DRK-BLK-BLU-L,Summer,Tank Tops - Mens Black/Grey/Blue,Mens Tank Top,Black with Blue Eagle Face,100% Cotton Screen Printed,L,1,$35,$35,,Not Started,,,,,,
TOC-TANK-M-DRK-BLK-BLU-M,Summer,Tank Tops - Mens Black/Grey/Blue,Mens Tank Top,Black with Blue Eagle Face,100% Cotton Screen Printed,M,1,$35,$35,,Not Started,,,,,,
TOC-TANK-M-DRK-BLK-BLU-M,Summer,Tank Tops - Mens Black/Grey/Blue,Mens Tank Top,Black with Blue Eagle Face,100% Cotton Screen Printed,M,1,$35,$35,,Not Started,,,,,,
TOC-TANK-M-DRK-BLK-BLU-M,Summer,Tank Tops - Mens Black/Grey/Blue,Mens Tank Top,Black with Blue Eagle Face,100% Cotton Screen Printed,M,1,$35,$35,,Not Started,,,,,,
TOC-TANK-M-DRK-BLK-BLU-M,Summer,Tank Tops - Mens Black/Grey/Blue,Mens Tank Top,Black with Blue Eagle Face,100% Cotton Screen Printed,M,1,$35,$35,,Not Started,,,,,,
TOC-TANK-M-DRK-BLK-BLU-M,Summer,Tank Tops - Mens Black/Grey/Blue,Mens Tank Top,Black with Blue Eagle Face,100% Cotton Screen Printed,M,1,$35,$35,,Not Started,,,,,,
TOC-TANK-M-DRK-BLK-BLU-S,Summer,Tank Tops - Mens Black/Grey/Blue,Mens Tank Top,Black with Blue Eagle Face,100% Cotton Screen Printed,S,1,$35,$35,,Not Started,,,,,,
TOC-TANK-M-DRK-BLK-BLU-S,Summer,Tank Tops - Mens Black/Grey/Blue,Mens Tank Top,Black with Blue Eagle Face,100% Cotton Screen Printed,S,1,$35,$35,,Not Started,,,,,,
TOC-TANK-M-DRK-BLK-BLU-L,Summer,Tank Tops - Mens Black/Grey/Blue,Mens Tank Top,Black with Blue Leopard and 2 Serpents,100% Cotton Screen Printed,L,1,$35,$35,,Not Started,,,,,,
TOC-TANK-M-DRK-BLK-BLU-L,Summer,Tank Tops - Mens Black/Grey/Blue,Mens Tank Top,Black with Blue Leopard and 2 Serpents,100% Cotton Screen Printed,L,1,$35,$35,,Not Started,,,,,,
TOC-TANK-M-DRK-BLK-BLU-L,Summer,Tank Tops - Mens Black/Grey/Blue,Mens Tank Top,Black with Blue Leopard and 2 Serpents,100% Cotton Screen Printed,L,1,$35,$35,,Not Started,,,,,,
TOC-TANK-M-DRK-BLK-BLU-L,Summer,Tank Tops - Mens Black/Grey/Blue,Mens Tank Top,Black with Blue Leopard and 2 Serpents,100% Cotton Screen Printed,L,1,$35,$35,,Not Started,,,,,,
TOC-TANK-M-DRK-BLK-BLU-L,Summer,Tank Tops - Mens Black/Grey/Blue,Mens Tank Top,Black with Blue Leopard and 2 Serpents,100% Cotton Screen Printed,L,1,$35,$35,,Not Started,,,,,,
TOC-TANK-M-DRK-BLK-BLU-M,Summer,Tank Tops - Mens Black/Grey/Blue,Mens Tank Top,Black with Blue Leopard and 2 Serpents,100% Cotton Screen Printed,M,1,$35,$35,,Not Started,,,,,,
TOC-TANK-M-DRK-BLK-BLU-M,Summer,Tank Tops - Mens Black/Grey/Blue,Mens Tank Top,Black with Blue Leopard and 2 Serpents,100% Cotton Screen Printed,M,1,$35,$35,,Not Started,,,,,,
TOC-TANK-M-DRK-BLK-BLU-M,Summer,Tank Tops - Mens Black/Grey/Blue,Mens Tank Top,Black with Blue Leopard and 2 Serpents,100% Cotton Screen Printed,M,1,$35,$35,,Not Started,,,,,,
TOC-TANK-M-DRK-BLK-BLU-M,Summer,Tank Tops - Mens Black/Grey/Blue,Mens Tank Top,Black with Blue Leopard and 2 Serpents,100% Cotton Screen Printed,M,1,$35,$35,,Not Started,,,,,,
TOC-TANK-M-DRK-BLK-BLU-M,Summer,Tank Tops - Mens Black/Grey/Blue,Mens Tank Top,Black with Blue Leopard and 2 Serpents,100% Cotton Screen Printed,M,1,$35,$35,,Not Started,,,,,,
TOC-TANK-M-DRK-BLK-BLU-M,Summer,Tank Tops - Mens Black/Grey/Blue,Mens Tank Top,Black with Blue Leopard and 2 Serpents,100% Cotton Screen Printed,M,1,$35,$35,,Not Started,,,,,,
TOC-TANK-M-DRK-BLK-BLU-M,Summer,Tank Tops - Mens Black/Grey/Blue,Mens Tank Top,Black with Blue Leopard and 2 Serpents,100% Cotton Screen Printed,M,1,$35,$35,,Not Started,,,,,,
TOC-TANK-M-DRK-BLK-BLU-S,Summer,Tank Tops - Mens Black/Grey/Blue,Mens Tank Top,Black with Blue Leopard and 2 Serpents,100% Cotton Screen Printed,S,1,$35,$35,,Not Started,,,,,,
TOC-TANK-M-DRK-BLK-BLU-XL,Summer,Tank Tops - Mens Black/Grey/Blue,Mens Tank Top,Black with Blue Leopard and 2 Serpents,100% Cotton Screen Printed,XL,1,$35,$35,,Not Started,,,,,,
TOC-TANK-M-DRK-BLK-BLU-XL,Summer,Tank Tops - Mens Black/Grey/Blue,Mens Tank Top,Black with Blue Leopard and 2 Serpents,100% Cotton Screen Printed,XL,1,$35,$35,,Not Started,,,,,,
TOC-TANK-M-DRK-BLK-BLU-XL,Summer,Tank Tops - Mens Black/Grey/Blue,Mens Tank Top,Black with Blue Leopard and 2 Serpents,100% Cotton Screen Printed,XL,1,$35,$35,,Not Started,,,,,,
TOC-TANK-M-DRK-BLK-BLU-XL,Summer,Tank Tops - Mens Black/Grey/Blue,Mens Tank Top,Black with Blue Leopard and 2 Serpents,100% Cotton Screen Printed,XL,1,$35,$35,,Not Started,,,,,,
TOC-TANK-M-DRK-BLK-SHPB-L,Summer,Tank Tops - Mens Black/Grey/Blue,Mens Tank Top,Black with Colored Double Shipibo Serpent,100% Cotton Screen Printed,L,1,$35,$35,,Not Started,,,,,,
TOC-TANK-M-DRK-BLK-SHPB-L,Summer,Tank Tops - Mens Black/Grey/Blue,Mens Tank Top,Black with Colored Double Shipibo Serpent,100% Cotton Screen Printed,L,1,$35,$35,,Not Started,,,,,,
TOC-TANK-M-DRK-BLK-SHPB-L,Summer,Tank Tops - Mens Black/Grey/Blue,Mens Tank Top,Black with Colored Double Shipibo Serpent,100% Cotton Screen Printed,L,1,$35,$35,,Not Started,,,,,,
TOC-TANK-M-DRK-BLK-SHPB-L,Summer,Tank Tops - Mens Black/Grey/Blue,Mens Tank Top,Black with Colored Double Shipibo Serpent,100% Cotton Screen Printed,L,1,$35,$35,,Not Started,,,,,,
TOC-TANK-M-DRK-BLK-SHPB-L,Summer,Tank Tops - Mens Black/Grey/Blue,Mens Tank Top,Black with Colored Double Shipibo Serpent,100% Cotton Screen Printed,L,1,$35,$35,,Not Started,,,,,,
TOC-TANK-M-DRK-BLK-SHPB-M,Summer,Tank Tops - Mens Black/Grey/Blue,Mens Tank Top,Black with Colored Double Shipibo Serpent,100% Cotton Screen Printed,M,1,$35,$35,,Not Started,,,,,,
TOC-TANK-M-DRK-BLK-SHPB-M,Summer,Tank Tops - Mens Black/Grey/Blue,Mens Tank Top,Black with Colored Double Shipibo Serpent,100% Cotton Screen Printed,M,1,$35,$35,,Not Started,,,,,,
TOC-TANK-M-DRK-BLK-SHPB-M,Summer,Tank Tops - Mens Black/Grey/Blue,Mens Tank Top,Black with Colored Double Shipibo Serpent,100% Cotton Screen Printed,M,1,$35,$35,,Not Started,,,,,,
TOC-TANK-M-DRK-BLK-SHPB-M,Summer,Tank Tops - Mens Black/Grey/Blue,Mens Tank Top,Black with Colored Double Shipibo Serpent,100% Cotton Screen Printed,M,1,$35,$35,,Not Started,,,,,,
TOC-TANK-M-DRK-BLK-SHPB-M,Summer,Tank Tops - Mens Black/Grey/Blue,Mens Tank Top,Black with Colored Double Shipibo Serpent,100% Cotton Screen Printed,M,1,$35,$35,,Not Started,,,,,,
TOC-TANK-M-DRK-BLK-SHPB-S,Summer,Tank Tops - Mens Black/Grey/Blue,Mens Tank Top,Black with Colored Double Shipibo Serpent,100% Cotton Screen Printed,S,1,$35,$35,,Not Started,,,,,,
TOC-TANK-M-DRK-BLK-SHPB-XL,Summer,Tank Tops - Mens Black/Grey/Blue,Mens Tank Top,Black with Colored Double Shipibo Serpent,100% Cotton Screen Printed,XL,1,$35,$35,,Not Started,,,,,,
TOC-TANK-M-DRK-BLK-SHPB-XL,Summer,Tank Tops - Mens Black/Grey/Blue,Mens Tank Top,Black with Colored Double Shipibo Serpent,100% Cotton Screen Printed,XL,1,$35,$35,,Not Started,,,,,,
TOC-TANK-M-DRK-BLK-JAG-M,Summer,Tank Tops - Mens Black/Grey/Blue,Mens Tank Top,Black with Colored Jaguar,100% Cotton Screen Printed,M,1,$35,$35,,Not Started,,,,,,
TOC-TANK-M-DRK-BLK-JAG-M,Summer,Tank Tops - Mens Black/Grey/Blue,Mens Tank Top,Black with Colored Jaguar,100% Cotton Screen Printed,M,1,$35,$35,,Not Started,,,,,,
TOC-TANK-M-DRK-BLK-JAG-S,Summer,Tank Tops - Mens Black/Grey/Blue,Mens Tank Top,Black with Colored Jaguar,100% Cotton Screen Printed,S,1,$35,$35,,Not Started,,,,,,
TOC-TANK-M-DRK-BLK-JAG-S,Summer,Tank Tops - Mens Black/Grey/Blue,Mens Tank Top,Black with Colored Jaguar,100% Cotton Screen Printed,S,1,$35,$35,,Not Started,,,,,,
TOC-TANK-M-DRK-BLK-MED-L,Summer,Tank Tops - Mens Black/Grey/Blue,Mens Tank Top,Black with Meditating Lotus,100% Cotton Screen Printed,L,1,$35,$35,,Not Started,,,,,,
TOC-TANK-M-DRK-BLK-MED-L,Summer,Tank Tops - Mens Black/Grey/Blue,Mens Tank Top,Black with Meditating Lotus,100% Cotton Screen Printed,L,1,$35,$35,,Not Started,,,,,,
TOC-TANK-M-DRK-BLK-MED-L,Summer,Tank Tops - Mens Black/Grey/Blue,Mens Tank Top,Black with Meditating Lotus,100% Cotton Screen Printed,L,1,$35,$35,,Not Started,,,,,,
TOC-TANK-M-DRK-BLK-MED-L,Summer,Tank Tops - Mens Black/Grey/Blue,Mens Tank Top,Black with Meditating Lotus,100% Cotton Screen Printed,L,1,$35,$35,,Not Started,,,,,,
TOC-TANK-M-DRK-BLK-MED-L,Summer,Tank Tops - Mens Black/Grey/Blue,Mens Tank Top,Black with Meditating Lotus,100% Cotton Screen Printed,L,1,$35,$35,,Not Started,,,,,,
TOC-TANK-M-DRK-BLK-MED-M,Summer,Tank Tops - Mens Black/Grey/Blue,Mens Tank Top,Black with Meditating Lotus,100% Cotton Screen Printed,M,1,$35,$35,,Not Started,,,,,,
TOC-TANK-M-DRK-BLK-MED-M,Summer,Tank Tops - Mens Black/Grey/Blue,Mens Tank Top,Black with Meditating Lotus,100% Cotton Screen Printed,M,1,$35,$35,,Not Started,,,,,,
TOC-TANK-M-DRK-BLK-MED-M,Summer,Tank Tops - Mens Black/Grey/Blue,Mens Tank Top,Black with Meditating Lotus,100% Cotton Screen Printed,M,1,$35,$35,,Not Started,,,,,,
TOC-TANK-M-DRK-BLK-MED-M,Summer,Tank Tops - Mens Black/Grey/Blue,Mens Tank Top,Black with Meditating Lotus,100% Cotton Screen Printed,M,1,$35,$35,,Not Started,,,,,,
TOC-TANK-M-DRK-BLK-MED-S,Summer,Tank Tops - Mens Black/Grey/Blue,Mens Tank Top,Black with Meditating Lotus,100% Cotton Screen Printed,S,1,$35,$35,,Not Started,,,,,,
TOC-TANK-M-DRK-BLK-MED-XL,Summer,Tank Tops - Mens Black/Grey/Blue,Mens Tank Top,Black with Meditating Lotus,100% Cotton Screen Printed,XL,1,$35,$35,,Not Started,,,,,,
TOC-TANK-M-DRK-BLK-MED-XL,Summer,Tank Tops - Mens Black/Grey/Blue,Mens Tank Top,Black with Meditating Lotus,100% Cotton Screen Printed,XL,1,$35,$35,,Not Started,,,,,,
TOC-TANK-M-DRK-BLK-MOR-L,Summer,Tank Tops - Mens Black/Grey/Blue,Mens Tank Top,Black with Morning Glory Shaman,100% Cotton Screen Printed,L,1,$35,$35,,Not Started,,,,,,
TOC-TANK-M-DRK-BLK-MOR-L,Summer,Tank Tops - Mens Black/Grey/Blue,Mens Tank Top,Black with Morning Glory Shaman,100% Cotton Screen Printed,L,1,$35,$35,,Not Started,,,,,,
TOC-TANK-M-DRK-BLK-MOR-L,Summer,Tank Tops - Mens Black/Grey/Blue,Mens Tank Top,Black with Morning Glory Shaman,100% Cotton Screen Printed,L,1,$35,$35,,Not Started,,,,,,
TOC-TANK-M-DRK-BLK-MOR-L,Summer,Tank Tops - Mens Black/Grey/Blue,Mens Tank Top,Black with Morning Glory Shaman,100% Cotton Screen Printed,L,1,$35,$35,,Not Started,,,,,,
TOC-TANK-M-DRK-BLK-MOR-L,Summer,Tank Tops - Mens Black/Grey/Blue,Mens Tank Top,Black with Morning Glory Shaman,100% Cotton Screen Printed,L,1,$35,$35,,Not Started,,,,,,
TOC-TANK-M-DRK-BLK-MOR-L,Summer,Tank Tops - Mens Black/Grey/Blue,Mens Tank Top,Black with Morning Glory Shaman,100% Cotton Screen Printed,L,1,$35,$35,,Not Started,,,,,,
TOC-TANK-M-DRK-BLK-MOR-M,Summer,Tank Tops - Mens Black/Grey/Blue,Mens Tank Top,Black with Morning Glory Shaman,100% Cotton Screen Printed,M,1,$35,$35,,Not Started,,,,,,
TOC-TANK-M-DRK-BLK-MOR-M,Summer,Tank Tops - Mens Black/Grey/Blue,Mens Tank Top,Black with Morning Glory Shaman,100% Cotton Screen Printed,M,1,$35,$35,,Not Started,,,,,,
TOC-TANK-M-DRK-BLK-MOR-M,Summer,Tank Tops - Mens Black/Grey/Blue,Mens Tank Top,Black with Morning Glory Shaman,100% Cotton Screen Printed,M,1,$35,$35,,Not Started,,,,,,
TOC-TANK-M-DRK-BLK-MOR-M,Summer,Tank Tops - Mens Black/Grey/Blue,Mens Tank Top,Black with Morning Glory Shaman,100% Cotton Screen Printed,M,1,$35,$35,,Not Started,,,,,,
TOC-TANK-M-DRK-BLK-MOR-M,Summer,Tank Tops - Mens Black/Grey/Blue,Mens Tank Top,Black with Morning Glory Shaman,100% Cotton Screen Printed,M,1,$35,$35,,Not Started,,,,,,
TOC-TANK-M-DRK-BLK-MOR-M,Summer,Tank Tops - Mens Black/Grey/Blue,Mens Tank Top,Black with Morning Glory Shaman,100% Cotton Screen Printed,M,1,$35,$35,,Not Started,,,,,,
TOC-TANK-M-DRK-BLK-MOR-M,Summer,Tank Tops - Mens Black/Grey/Blue,Mens Tank Top,Black with Morning Glory Shaman,100% Cotton Screen Printed,M,1,$35,$35,,Not Started,,,,,,
TOC-TANK-M-DRK-BLK-MOR-M,Summer,Tank Tops - Mens Black/Grey/Blue,Mens Tank Top,Black with Morning Glory Shaman,100% Cotton Screen Printed,M,1,$35,$35,,Not Started,,,,,,
TOC-TANK-M-DRK-BLK-MOR-M,Summer,Tank Tops - Mens Black/Grey/Blue,Mens Tank Top,Black with Morning Glory Shaman,100% Cotton Screen Printed,M,1,$35,$35,,Not Started,,,,,,
TOC-TANK-M-DRK-BLK-MOR-S,Summer,Tank Tops - Mens Black/Grey/Blue,Mens Tank Top,Black with Morning Glory Shaman,100% Cotton Screen Printed,S,1,$35,$35,,Not Started,,,,,,
TOC-TANK-M-DRK-BLK-MOR-S,Summer,Tank Tops - Mens Black/Grey/Blue,Mens Tank Top,Black with Morning Glory Shaman,100% Cotton Screen Printed,S,1,$35,$35,,Not Started,,,,,,
TOC-TANK-M-DRK-BLK-MOR-XL,Summer,Tank Tops - Mens Black/Grey/Blue,Mens Tank Top,Black with Morning Glory Shaman,100% Cotton Screen Printed,XL,1,$35,$35,,Not Started,,,,,,
TOC-TANK-M-DRK-BLK-ORG-M,Summer,Tank Tops - Mens Black/Grey/Blue,Mens Tank Top,Black with Orange Stag,100% Cotton Screen Printed,M,1,$35,$35,,Not Started,,,,,,
TOC-TANK-M-DRK-BLK-ORG-M,Summer,Tank Tops - Mens Black/Grey/Blue,Mens Tank Top,Black with Orange Stag,100% Cotton Screen Printed,M,1,$35,$35,,Not Started,,,,,,
TOC-TANK-M-DRK-BLK-ORG-M,Summer,Tank Tops - Mens Black/Grey/Blue,Mens Tank Top,Black with Orange Stag,100% Cotton Screen Printed,M,1,$35,$35,,Not Started,,,,,,
TOC-TANK-M-DRK-BLK-RNBW-L,Summer,Tank Tops - Mens Black/Grey/Blue,Mens Tank Top,Black with Rainbow Jaguar,100% Cotton Screen Printed,L,1,$35,$35,,Not Started,,,,,,
TOC-TANK-M-DRK-BLK-RNBW-L,Summer,Tank Tops - Mens Black/Grey/Blue,Mens Tank Top,Black with Rainbow Jaguar,100% Cotton Screen Printed,L,1,$35,$35,,Not Started,,,,,,
TOC-TANK-M-DRK-BLK-RNBW-L,Summer,Tank Tops - Mens Black/Grey/Blue,Mens Tank Top,Black with Rainbow Jaguar,100% Cotton Screen Printed,L,1,$35,$35,,Not Started,,,,,,
TOC-TANK-M-DRK-BLK-RNBW-L,Summer,Tank Tops - Mens Black/Grey/Blue,Mens Tank Top,Black with Rainbow Jaguar,100% Cotton Screen Printed,L,1,$35,$35,,Not Started,,,,,,
TOC-TANK-M-DRK-BLK-RNBW-M,Summer,Tank Tops - Mens Black/Grey/Blue,Mens Tank Top,Black with Rainbow Jaguar,100% Cotton Screen Printed,M,1,$35,$35,,Not Started,,,,,,
TOC-TANK-M-DRK-BLK-RNBW-M,Summer,Tank Tops - Mens Black/Grey/Blue,Mens Tank Top,Black with Rainbow Jaguar,100% Cotton Screen Printed,M,1,$35,$35,,Not Started,,,,,,
TOC-TANK-M-DRK-BLK-RNBW-M,Summer,Tank Tops - Mens Black/Grey/Blue,Mens Tank Top,Black with Rainbow Jaguar,100% Cotton Screen Printed,M,1,$35,$35,,Not Started,,,,,,
TOC-TANK-M-DRK-BLK-RNBW-M,Summer,Tank Tops - Mens Black/Grey/Blue,Mens Tank Top,Black with Rainbow Jaguar,100% Cotton Screen Printed,M,1,$35,$35,,Not Started,,,,,,
TOC-TANK-M-DRK-BLK-RNBW-M,Summer,Tank Tops - Mens Black/Grey/Blue,Mens Tank Top,Black with Rainbow Jaguar,100% Cotton Screen Printed,M,1,$35,$35,,Not Started,,,,,,
TOC-TANK-M-DRK-BLK-RNBW-M,Summer,Tank Tops - Mens Black/Grey/Blue,Mens Tank Top,Black with Rainbow Jaguar,100% Cotton Screen Printed,M,1,$35,$35,,Not Started,,,,,,
TOC-TANK-M-DRK-BLK-RNBW-M,Summer,Tank Tops - Mens Black/Grey/Blue,Mens Tank Top,Black with Rainbow Jaguar,100% Cotton Screen Printed,M,1,$35,$35,,Not Started,,,,,,
TOC-TANK-M-DRK-BLK-RNBW-M,Summer,Tank Tops - Mens Black/Grey/Blue,Mens Tank Top,Black with Rainbow Jaguar,100% Cotton Screen Printed,M,1,$35,$35,,Not Started,,,,,,
TOC-TANK-M-DRK-BLK-RNBW-S,Summer,Tank Tops - Mens Black/Grey/Blue,Mens Tank Top,Black with Rainbow Jaguar,100% Cotton Screen Printed,S,1,$35,$35,,Not Started,,,,,,
TOC-TANK-M-DRK-BLK-RNBW-XL,Summer,Tank Tops - Mens Black/Grey/Blue,Mens Tank Top,Black with Rainbow Jaguar,100% Cotton Screen Printed,XL,1,$35,$35,,Not Started,,,,,,
TOC-TANK-M-DRK-BLU-LEP-L,Summer,Tank Tops - Mens Black/Grey/Blue,Mens Tank Top,Bluish with Colored Leopard,100% Cotton Screen Printed,L,1,$35,$35,,Not Started,,,,,,
TOC-TANK-M-DRK-BLU-LEP-L,Summer,Tank Tops - Mens Black/Grey/Blue,Mens Tank Top,Bluish with Colored Leopard,100% Cotton Screen Printed,L,1,$35,$35,,Not Started,,,,,,
TOC-TANK-M-DRK-BLU-LEP-L,Summer,Tank Tops - Mens Black/Grey/Blue,Mens Tank Top,Bluish with Colored Leopard,100% Cotton Screen Printed,L,1,$35,$35,,Not Started,,,,,,
TOC-TANK-M-DRK-BLU-LEP-M,Summer,Tank Tops - Mens Black/Grey/Blue,Mens Tank Top,Bluish with Colored Leopard,100% Cotton Screen Printed,M,1,$35,$35,,Not Started,,,,,,
TOC-TANK-M-DRK-BLU-LEP-M,Summer,Tank Tops - Mens Black/Grey/Blue,Mens Tank Top,Bluish with Colored Leopard,100% Cotton Screen Printed,M,1,$35,$35,,Not Started,,,,,,
TOC-TANK-M-DRK-BLU-LEP-M,Summer,Tank Tops - Mens Black/Grey/Blue,Mens Tank Top,Bluish with Colored Leopard,100% Cotton Screen Printed,M,1,$35,$35,,Not Started,,,,,,
TOC-TANK-M-DRK-BLU-LEP-M,Summer,Tank Tops - Mens Black/Grey/Blue,Mens Tank Top,Bluish with Colored Leopard,100% Cotton Screen Printed,M,1,$35,$35,,Not Started,,,,,,
TOC-TANK-M-DRK-BLU-LEP-S,Summer,Tank Tops - Mens Black/Grey/Blue,Mens Tank Top,Bluish with Colored Leopard,100% Cotton Screen Printed,S,1,$35,$35,,Not Started,,,,,,
TOC-TANK-M-DRK-BLU-LEP-S,Summer,Tank Tops - Mens Black/Grey/Blue,Mens Tank Top,Bluish with Colored Leopard,100% Cotton Screen Printed,S,1,$35,$35,,Not Started,,,,,,
TOC-TANK-M-DRK-BLU-LEP-XL,Summer,Tank Tops - Mens Black/Grey/Blue,Mens Tank Top,Bluish with Colored Leopard,100% Cotton Screen Printed,XL,1,$35,$35,,Not Started,,,,,,
TOC-TANK-M-DRK-BLU-LEP-XL,Summer,Tank Tops - Mens Black/Grey/Blue,Mens Tank Top,Bluish with Colored Leopard,100% Cotton Screen Printed,XL,1,$35,$35,,Not Started,,,,,,
TOC-TANK-M-DRK-GRY-BLU-L,Summer,Tank Tops - Mens Black/Grey/Blue,Mens Tank Top,Grey Blue with Blue Eagle Peyote,100% Cotton Screen Printed,L,1,$35,$35,,Not Started,,,,,,
TOC-TANK-M-DRK-GRY-BLU-M,Summer,Tank Tops - Mens Black/Grey/Blue,Mens Tank Top,Grey Blue with Blue Eagle Peyote,100% Cotton Screen Printed,M,1,$35,$35,,Not Started,,,,,,
TOC-TANK-M-DRK-GRY-BLU-M,Summer,Tank Tops - Mens Black/Grey/Blue,Mens Tank Top,Grey Blue with Blue Eagle Peyote,100% Cotton Screen Printed,M,1,$35,$35,,Not Started,,,,,,
TOC-TANK-M-DRK-GRY-BLU-S,Summer,Tank Tops - Mens Black/Grey/Blue,Mens Tank Top,Grey Blue with Blue Eagle Peyote,100% Cotton Screen Printed,S,1,$35,$35,,Not Started,,,,,,
TOC-TANK-M-DRK-GRY-BLU-M,Summer,Tank Tops - Mens Black/Grey/Blue,Mens Tank Top,Grey Blue with Colored Double Shipibo Serpent,100% Cotton Screen Printed,M,1,$35,$35,,Not Started,,,,,,
TOC-TANK-M-DRK-GRY-BLU-M,Summer,Tank Tops - Mens Black/Grey/Blue,Mens Tank Top,Grey Blue with Colored Double Shipibo Serpent,100% Cotton Screen Printed,M,1,$35,$35,,Not Started,,,,,,
TOC-TANK-M-DRK-GRY-BLU-M,Summer,Tank Tops - Mens Black/Grey/Blue,Mens Tank Top,Grey Blue with Colored Double Shipibo Serpent,100% Cotton Screen Printed,M,1,$35,$35,,Not Started,,,,,,
TOC-TANK-M-DRK-GRY-BLU-M,Summer,Tank Tops - Mens Black/Grey/Blue,Mens Tank Top,Grey Blue with Colored Double Shipibo Serpent,100% Cotton Screen Printed,M,1,$35,$35,,Not Started,,,,,,
TOC-TANK-M-DRK-GRY-BLU-M,Summer,Tank Tops - Mens Black/Grey/Blue,Mens Tank Top,Grey Blue with Colored Double Shipibo Serpent,100% Cotton Screen Printed,M,1,$35,$35,,Not Started,,,,,,
TOC-TANK-M-DRK-GRY-BLU-M,Summer,Tank Tops - Mens Black/Grey/Blue,Mens Tank Top,Grey Blue with Colored Double Shipibo Serpent,100% Cotton Screen Printed,M,1,$35,$35,,Not Started,,,,,,
TOC-TANK-M-DRK-GRY-BLU-S,Summer,Tank Tops - Mens Black/Grey/Blue,Mens Tank Top,Grey Blue with Colored Double Shipibo Serpent,100% Cotton Screen Printed,S,1,$35,$35,,Not Started,,,,,,
TOC-TANK-M-DRK-BLK-MED-M,Summer,Tank Tops - Mens Black/Grey/Blue,Mens Tank Top with Hoody,Black with Meditating Lotus,100% Cotton Screen Printed,M,1,$40,$40,,Not Started,,,,,,
TOC-TANK-M-DRK-GRY-BLU-L,Summer,Tank Tops - Mens Black/Grey/Blue,Mens Tank Top with Hoody,Grey with Blue Eagle Peyote,100% Cotton Screen Printed,L,1,$40,$40,,Not Started,,,,,,
TOC-TANK-M-DRK-GRY-BLU-M,Summer,Tank Tops - Mens Black/Grey/Blue,Mens Tank Top with Hoody,Grey with Blue Eagle Peyote,100% Cotton Screen Printed,M,1,$40,$40,,Not Started,,,,,,
TOC-TANK-M-CPR-CPR-SHPB-L,Summer,Tank Tops - Mens Copper,Mens Tank Top,Copper with Color Shipibo Leopard,100% Cotton Screen Printed,L,1,$35,$35,,Not Started,,,,,,
TOC-TANK-M-CPR-CPR-SHPB-L,Summer,Tank Tops - Mens Copper,Mens Tank Top,Copper with Color Shipibo Leopard,100% Cotton Screen Printed,L,1,$35,$35,,Not Started,,,,,,
TOC-TANK-M-CPR-CPR-SHPB-M,Summer,Tank Tops - Mens Copper,Mens Tank Top,Copper with Color Shipibo Leopard,100% Cotton Screen Printed,M,1,$35,$35,,Not Started,,,,,,
TOC-TANK-M-CPR-CPR-HMB-L,Summer,Tank Tops - Mens Copper,Mens Tank Top,Copper with Double Hummingbird Peyote,100% Cotton Screen Printed,L,1,$35,$35,,Not Started,,,,,,
TOC-TANK-M-CPR-CPR-HMB-L,Summer,Tank Tops - Mens Copper,Mens Tank Top,Copper with Double Hummingbird Peyote,100% Cotton Screen Printed,L,1,$35,$35,,Not Started,,,,,,
TOC-TANK-M-CPR-CPR-HMB-L,Summer,Tank Tops - Mens Copper,Mens Tank Top,Copper with Double Hummingbird Peyote,100% Cotton Screen Printed,L,1,$35,$35,,Not Started,,,,,,
TOC-TANK-M-CPR-CPR-HMB-M,Summer,Tank Tops - Mens Copper,Mens Tank Top,Copper with Double Hummingbird Peyote,100% Cotton Screen Printed,M,1,$35,$35,,Not Started,,,,,,
TOC-TANK-M-CPR-CPR-HMB-M,Summer,Tank Tops - Mens Copper,Mens Tank Top,Copper with Double Hummingbird Peyote,100% Cotton Screen Printed,M,1,$35,$35,,Not Started,,,,,,
TOC-TANK-M-CPR-CPR-HMB-M,Summer,Tank Tops - Mens Copper,Mens Tank Top,Copper with Double Hummingbird Peyote,100% Cotton Screen Printed,M,1,$35,$35,,Not Started,,,,,,
TOC-TANK-M-CPR-CPR-HMB-M,Summer,Tank Tops - Mens Copper,Mens Tank Top,Copper with Double Hummingbird Peyote,100% Cotton Screen Printed,M,1,$35,$35,,Not Started,,,,,,
TOC-TANK-M-CPR-CPR-HMB-M,Summer,Tank Tops - Mens Copper,Mens Tank Top,Copper with Double Hummingbird Peyote,100% Cotton Screen Printed,M,1,$35,$35,,Not Started,,,,,,
TOC-TANK-M-CPR-CPR-HMB-S,Summer,Tank Tops - Mens Copper,Mens Tank Top,Copper with Double Hummingbird Peyote,100% Cotton Screen Printed,S,1,$35,$35,,Not Started,,,,,,
TOC-TANK-M-CPR-CPR-HMB-S,Summer,Tank Tops - Mens Copper,Mens Tank Top,Copper with Double Hummingbird Peyote,100% Cotton Screen Printed,S,1,$35,$35,,Not Started,,,,,,
TOC-TANK-M-CPR-CPR-HMB-XL,Summer,Tank Tops - Mens Copper,Mens Tank Top,Copper with Double Hummingbird Peyote,100% Cotton Screen Printed,XL,1,$35,$35,,Not Started,,,,,,
TOC-TANK-M-CPR-CPR-HMB-XL,Summer,Tank Tops - Mens Copper,Mens Tank Top,Copper with Double Hummingbird Peyote,100% Cotton Screen Printed,XL,1,$35,$35,,Not Started,,,,,,
TOC-TANK-M-CPR-CPR-HMB-L,Summer,Tank Tops - Mens Copper,Mens Tank Top,Copper with Double Hummingbird Shipibo,100% Cotton Screen Printed,L,1,$35,$35,,Not Started,,,,,,
TOC-TANK-M-CPR-CPR-HMB-L,Summer,Tank Tops - Mens Copper,Mens Tank Top,Copper with Double Hummingbird Shipibo,100% Cotton Screen Printed,L,1,$35,$35,,Not Started,,,,,,
TOC-TANK-M-CPR-CPR-HMB-L,Summer,Tank Tops - Mens Copper,Mens Tank Top,Copper with Double Hummingbird Shipibo,100% Cotton Screen Printed,L,1,$35,$35,,Not Started,,,,,,
TOC-TANK-M-CPR-CPR-HMB-L,Summer,Tank Tops - Mens Copper,Mens Tank Top,Copper with Double Hummingbird Shipibo,100% Cotton Screen Printed,L,1,$35,$35,,Not Started,,,,,,
TOC-TANK-M-CPR-CPR-HMB-M,Summer,Tank Tops - Mens Copper,Mens Tank Top,Copper with Double Hummingbird Shipibo,100% Cotton Screen Printed,M,1,$35,$35,,Not Started,,,,,,
TOC-TANK-M-CPR-CPR-HMB-M,Summer,Tank Tops - Mens Copper,Mens Tank Top,Copper with Double Hummingbird Shipibo,100% Cotton Screen Printed,M,1,$35,$35,,Not Started,,,,,,
TOC-TANK-M-CPR-CPR-HMB-XL,Summer,Tank Tops - Mens Copper,Mens Tank Top,Copper with Double Hummingbird Shipibo,100% Cotton Screen Printed,XL,1,$35,$35,,Not Started,,,,,,
TOC-TANK-M-CPR-CPR-SRP-L,Summer,Tank Tops - Mens Copper,Mens Tank Top,Copper with Double Serpent Shipibo,100% Cotton Screen Printed,L,1,$35,$35,,Not Started,,,,,,
TOC-TANK-M-CPR-CPR-SRP-L,Summer,Tank Tops - Mens Copper,Mens Tank Top,Copper with Double Serpent Shipibo,100% Cotton Screen Printed,L,1,$35,$35,,Not Started,,,,,,
TOC-TANK-M-CPR-CPR-SRP-L,Summer,Tank Tops - Mens Copper,Mens Tank Top,Copper with Double Serpent Shipibo,100% Cotton Screen Printed,L,1,$35,$35,,Not Started,,,,,,
TOC-TANK-M-CPR-CPR-SRP-M,Summer,Tank Tops - Mens Copper,Mens Tank Top,Copper with Double Serpent Shipibo,100% Cotton Screen Printed,M,1,$35,$35,,Not Started,,,,,,
TOC-TANK-M-CPR-CPR-SRP-M,Summer,Tank Tops - Mens Copper,Mens Tank Top,Copper with Double Serpent Shipibo,100% Cotton Screen Printed,M,1,$35,$35,,Not Started,,,,,,
TOC-TANK-M-CPR-CPR-SRP-M,Summer,Tank Tops - Mens Copper,Mens Tank Top,Copper with Double Serpent Shipibo,100% Cotton Screen Printed,M,1,$35,$35,,Not Started,,,,,,
TOC-TANK-M-CPR-CPR-SRP-M,Summer,Tank Tops - Mens Copper,Mens Tank Top,Copper with Double Serpent Shipibo,100% Cotton Screen Printed,M,1,$35,$35,,Not Started,,,,,,
TOC-TANK-M-CPR-CPR-SHPB-L,Summer,Tank Tops - Mens Copper,Mens Tank Top,Copper with Shipibo Jaguar,100% Cotton Screen Printed,L,1,$35,$35,,Not Started,,,,,,
TOC-TANK-M-CPR-CPR-SHPB-L,Summer,Tank Tops - Mens Copper,Mens Tank Top,Copper with Shipibo Jaguar,100% Cotton Screen Printed,L,1,$35,$35,,Not Started,,,,,,
TOC-TANK-M-CPR-CPR-SHPB-L,Summer,Tank Tops - Mens Copper,Mens Tank Top,Copper with Shipibo Jaguar,100% Cotton Screen Printed,L,1,$35,$35,,Not Started,,,,,,
TOC-TANK-M-CPR-CPR-SHPB-L,Summer,Tank Tops - Mens Copper,Mens Tank Top,Copper with Shipibo Jaguar,100% Cotton Screen Printed,L,1,$35,$35,,Not Started,,,,,,
TOC-TANK-M-CPR-CPR-SHPB-M,Summer,Tank Tops - Mens Copper,Mens Tank Top,Copper with Shipibo Jaguar,100% Cotton Screen Printed,M,1,$35,$35,,Not Started,,,,,,
TOC-TANK-M-CPR-CPR-SHPB-L,Summer,Tank Tops - Mens Copper,Mens Tank Top,Copper with Shipibo Jaguar Face,100% Cotton Screen Printed,L,1,$35,$35,,Not Started,,,,,,
TOC-TANK-M-CPR-CPR-SHPB-L,Summer,Tank Tops - Mens Copper,Mens Tank Top,Copper with Shipibo Jaguar Face,100% Cotton Screen Printed,L,1,$35,$35,,Not Started,,,,,,
TOC-TANK-M-CPR-CPR-SHPB-L,Summer,Tank Tops - Mens Copper,Mens Tank Top,Copper with Shipibo Jaguar Face,100% Cotton Screen Printed,L,1,$35,$35,,Not Started,,,,,,
TOC-TANK-M-CPR-CPR-SHPB-L,Summer,Tank Tops - Mens Copper,Mens Tank Top,Copper with Shipibo Jaguar Face,100% Cotton Screen Printed,L,1,$35,$35,,Not Started,,,,,,
TOC-TANK-M-CPR-CPR-SHPB-L,Summer,Tank Tops - Mens Copper,Mens Tank Top,Copper with Shipibo Jaguar Face,100% Cotton Screen Printed,L,1,$35,$35,,Not Started,,,,,,
TOC-TANK-M-CPR-CPR-SHPB-L,Summer,Tank Tops - Mens Copper,Mens Tank Top,Copper with Shipibo Jaguar Face,100% Cotton Screen Printed,L,1,$35,$35,,Not Started,,,,,,
TOC-TANK-M-CPR-CPR-SHPB-L,Summer,Tank Tops - Mens Copper,Mens Tank Top,Copper with Shipibo Jaguar Face,100% Cotton Screen Printed,L,1,$35,$35,,Not Started,,,,,,
TOC-TANK-M-CPR-CPR-SHPB-L,Summer,Tank Tops - Mens Copper,Mens Tank Top,Copper with Shipibo Jaguar Face,100% Cotton Screen Printed,L,1,$35,$35,,Not Started,,,,,,
TOC-TANK-M-CPR-CPR-SHPB-M,Summer,Tank Tops - Mens Copper,Mens Tank Top,Copper with Shipibo Jaguar Face,100% Cotton Screen Printed,M,1,$35,$35,,Not Started,,,,,,
TOC-TANK-M-CPR-CPR-SHPB-M,Summer,Tank Tops - Mens Copper,Mens Tank Top,Copper with Shipibo Jaguar Face,100% Cotton Screen Printed,M,1,$35,$35,,Not Started,,,,,,
TOC-TANK-M-CPR-CPR-SHPB-M,Summer,Tank Tops - Mens Copper,Mens Tank Top,Copper with Shipibo Jaguar Face,100% Cotton Screen Printed,M,1,$35,$35,,Not Started,,,,,,
TOC-TANK-M-CPR-CPR-SHPB-M,Summer,Tank Tops - Mens Copper,Mens Tank Top,Copper with Shipibo Jaguar Face,100% Cotton Screen Printed,M,1,$35,$35,,Not Started,,,,,,
TOC-TANK-M-CPR-CPR-SHPB-M,Summer,Tank Tops - Mens Copper,Mens Tank Top,Copper with Shipibo Jaguar Face,100% Cotton Screen Printed,M,1,$35,$35,,Not Started,,,,,,
TOC-TANK-M-CPR-CPR-SHPB-M,Summer,Tank Tops - Mens Copper,Mens Tank Top,Copper with Shipibo Jaguar Face,100% Cotton Screen Printed,M,1,$35,$35,,Not Started,,,,,,
TOC-TANK-M-CPR-CPR-SHPB-M,Summer,Tank Tops - Mens Copper,Mens Tank Top,Copper with Shipibo Jaguar Face,100% Cotton Screen Printed,M,1,$35,$35,,Not Started,,,,,,
TOC-TANK-M-CPR-CPR-SHPB-S,Summer,Tank Tops - Mens Copper,Mens Tank Top,Copper with Shipibo Jaguar Face,100% Cotton Screen Printed,S,1,$35,$35,,Not Started,,,,,,
TOC-TANK-M-CPR-CPR-STG-L,Summer,Tank Tops - Mens Copper,Mens Tank Top,Copper with Stag,100% Cotton Screen Printed,L,1,$35,$35,,Not Started,,,,,,
TOC-TANK-M-CPR-CPR-STG-L,Summer,Tank Tops - Mens Copper,Mens Tank Top,Copper with Stag,100% Cotton Screen Printed,L,1,$35,$35,,Not Started,,,,,,
TOC-TANK-M-CPR-CPR-STG-L,Summer,Tank Tops - Mens Copper,Mens Tank Top,Copper with Stag,100% Cotton Screen Printed,L,1,$35,$35,,Not Started,,,,,,
TOC-TANK-M-CPR-CPR-STG-M,Summer,Tank Tops - Mens Copper,Mens Tank Top,Copper with Stag,100% Cotton Screen Printed,M,1,$35,$35,,Not Started,,,,,,
TOC-TANK-M-CPR-CPR-STG-M,Summer,Tank Tops - Mens Copper,Mens Tank Top,Copper with Stag,100% Cotton Screen Printed,M,1,$35,$35,,Not Started,,,,,,
TOC-TANK-M-CPR-CPR-STG-M,Summer,Tank Tops - Mens Copper,Mens Tank Top,Copper with Stag,100% Cotton Screen Printed,M,1,$35,$35,,Not Started,,,,,,
TOC-TANK-M-CPR-CPR-STG-M,Summer,Tank Tops - Mens Copper,Mens Tank Top,Copper with Stag,100% Cotton Screen Printed,M,1,$35,$35,,Not Started,,,,,,
TOC-TANK-M-CPR-CPR-STG-M,Summer,Tank Tops - Mens Copper,Mens Tank Top,Copper with Stag,100% Cotton Screen Printed,M,1,$35,$35,,Not Started,,,,,,
TOC-TANK-M-CPR-CPR-STG-M,Summer,Tank Tops - Mens Copper,Mens Tank Top,Copper with Stag,100% Cotton Screen Printed,M,1,$35,$35,,Not Started,,,,,,
TOC-TANK-M-CPR-CPR-STG-M,Summer,Tank Tops - Mens Copper,Mens Tank Top,Copper with Stag,100% Cotton Screen Printed,M,1,$35,$35,,Not Started,,,,,,
TOC-TANK-M-CPR-CPR-STG-S,Summer,Tank Tops - Mens Copper,Mens Tank Top,Copper with Stag,100% Cotton Screen Printed,S,1,$35,$35,,Not Started,,,,,,
TOC-TANK-M-CPR-CPR-STG-S,Summer,Tank Tops - Mens Copper,Mens Tank Top,Copper with Stag,100% Cotton Screen Printed,S,1,$35,$35,,Not Started,,,,,,
TOC-TANK-M-CPR-CPR-STG-S,Summer,Tank Tops - Mens Copper,Mens Tank Top,Copper with Stag,100% Cotton Screen Printed,S,1,$35,$35,,Not Started,,,,,,
TOC-TANK-M-CPR-CPR-STG-XL,Summer,Tank Tops - Mens Copper,Mens Tank Top,Copper with Stag,100% Cotton Screen Printed,XL,1,$35,$35,,Not Started,,,,,,
TOC-TANK-M-GRN-GRN-HMB-M,Summer,Tank Tops - Mens Green,Mens Tank Top,Green with Color Double Hummingbird,100% Cotton Screen Printed,M,1,$35,$35,,Not Started,,,,,,
TOC-TANK-M-GRN-GRN-HMB-M,Summer,Tank Tops - Mens Green,Mens Tank Top,Green with Color Double Hummingbird,100% Cotton Screen Printed,M,1,$35,$35,,Not Started,,,,,,
TOC-TANK-M-GRN-GRN-HMB-M,Summer,Tank Tops - Mens Green,Mens Tank Top,Green with Color Double Hummingbird,100% Cotton Screen Printed,M,1,$35,$35,,Not Started,,,,,,
TOC-TANK-M-GRN-GRN-SRP-L,Summer,Tank Tops - Mens Green,Mens Tank Top,Green with Color Double Serpent,100% Cotton Screen Printed,L,1,$35,$35,,Not Started,,,,,,
TOC-TANK-M-GRN-GRN-SRP-L,Summer,Tank Tops - Mens Green,Mens Tank Top,Green with Color Double Serpent,100% Cotton Screen Printed,L,1,$35,$35,,Not Started,,,,,,
TOC-TANK-M-GRN-GRN-HMB-L,Summer,Tank Tops - Mens Green,Mens Tank Top,Green with Double Hummingbird,100% Cotton Screen Printed,L,1,$35,$35,,Not Started,,,,,,
TOC-TANK-M-GRN-GRN-HMB-L,Summer,Tank Tops - Mens Green,Mens Tank Top,Green with Double Hummingbird,100% Cotton Screen Printed,L,1,$35,$35,,Not Started,,,,,,
TOC-TANK-M-GRN-GRN-HMB-L,Summer,Tank Tops - Mens Green,Mens Tank Top,Green with Double Hummingbird,100% Cotton Screen Printed,L,1,$35,$35,,Not Started,,,,,,
TOC-TANK-M-GRN-GRN-HMB-M,Summer,Tank Tops - Mens Green,Mens Tank Top,Green with Double Hummingbird,100% Cotton Screen Printed,M,1,$35,$35,,Not Started,,,,,,
TOC-TANK-M-GRN-GRN-HMB-M,Summer,Tank Tops - Mens Green,Mens Tank Top,Green with Double Hummingbird,100% Cotton Screen Printed,M,1,$35,$35,,Not Started,,,,,,
TOC-TANK-M-GRN-GRN-HMB-M,Summer,Tank Tops - Mens Green,Mens Tank Top,Green with Double Hummingbird,100% Cotton Screen Printed,M,1,$35,$35,,Not Started,,,,,,
TOC-TANK-M-GRN-GRN-HMB-M,Summer,Tank Tops - Mens Green,Mens Tank Top,Green with Double Hummingbird,100% Cotton Screen Printed,M,1,$35,$35,,Not Started,,,,,,
TOC-TANK-M-GRN-GRN-HMB-L,Summer,Tank Tops - Mens Green,Mens Tank Top,Green with Double Hummingbird Peyote,100% Cotton Screen Printed,L,1,$35,$35,,Not Started,,,,,,
TOC-TANK-M-GRN-GRN-HMB-L,Summer,Tank Tops - Mens Green,Mens Tank Top,Green with Double Hummingbird Peyote,100% Cotton Screen Printed,L,1,$35,$35,,Not Started,,,,,,
TOC-TANK-M-GRN-GRN-HMB-M,Summer,Tank Tops - Mens Green,Mens Tank Top,Green with Double Hummingbird Peyote,100% Cotton Screen Printed,M,1,$35,$35,,Not Started,,,,,,
TOC-TANK-M-GRN-GRN-HMB-M,Summer,Tank Tops - Mens Green,Mens Tank Top,Green with Double Hummingbird Peyote,100% Cotton Screen Printed,M,1,$35,$35,,Not Started,,,,,,
TOC-TANK-M-GRN-GRN-SRP-M,Summer,Tank Tops - Mens Green,Mens Tank Top,Green with Double Serpent Kundalini,100% Cotton Screen Printed,M,1,$35,$35,,Not Started,,,,,,
TOC-TANK-M-GRN-GRN-SRP-M,Summer,Tank Tops - Mens Green,Mens Tank Top,Green with Double Serpent Kundalini,100% Cotton Screen Printed,M,1,$35,$35,,Not Started,,,,,,
TOC-TANK-M-GRN-GRN-SRP-M,Summer,Tank Tops - Mens Green,Mens Tank Top,Green with Double Serpent Kundalini,100% Cotton Screen Printed,M,1,$35,$35,,Not Started,,,,,,
TOC-TANK-M-GRN-GRN-SRP-M,Summer,Tank Tops - Mens Green,Mens Tank Top,Green with Double Serpent Kundalini,100% Cotton Screen Printed,M,1,$35,$35,,Not Started,,,,,,
TOC-TANK-M-GRN-GRN-SRP-M,Summer,Tank Tops - Mens Green,Mens Tank Top,Green with Double Serpent Kundalini,100% Cotton Screen Printed,M,1,$35,$35,,Not Started,,,,,,
TOC-TANK-M-GRN-GRN-SRP-M,Summer,Tank Tops - Mens Green,Mens Tank Top,Green with Double Serpent Kundalini,100% Cotton Screen Printed,M,1,$35,$35,,Not Started,,,,,,
TOC-TANK-M-GRN-GRN-SRP-M,Summer,Tank Tops - Mens Green,Mens Tank Top,Green with Double Serpent Kundalini,100% Cotton Screen Printed,M,1,$35,$35,,Not Started,,,,,,
TOC-TANK-M-GRN-GRN-SRP-M,Summer,Tank Tops - Mens Green,Mens Tank Top,Green with Double Serpent Kundalini,100% Cotton Screen Printed,M,1,$35,$35,,Not Started,,,,,,
TOC-TANK-M-GRN-GRN-SRP-M,Summer,Tank Tops - Mens Green,Mens Tank Top,Green with Double Serpent Kundalini,100% Cotton Screen Printed,M,1,$35,$35,,Not Started,,,,,,
TOC-TANK-M-GRN-GRN-SRP-XL,Summer,Tank Tops - Mens Green,Mens Tank Top,Green with Double Serpent Kundalini,100% Cotton Screen Printed,XL,1,$35,$35,,Not Started,,,,,,
TOC-TANK-M-GRN-GRN-SHPB-L,Summer,Tank Tops - Mens Green,Mens Tank Top,Green with Shipibo Jaguar,100% Cotton Screen Printed,L,1,$35,$35,,Not Started,,,,,,
TOC-TANK-M-GRN-GRN-SHPB-L,Summer,Tank Tops - Mens Green,Mens Tank Top,Green with Shipibo Jaguar,100% Cotton Screen Printed,L,1,$35,$35,,Not Started,,,,,,
TOC-TANK-M-GRN-GRN-SHPB-L,Summer,Tank Tops - Mens Green,Mens Tank Top,Green with Shipibo Jaguar,100% Cotton Screen Printed,L,1,$35,$35,,Not Started,,,,,,
TOC-TANK-M-GRN-GRN-SHPB-L,Summer,Tank Tops - Mens Green,Mens Tank Top,Green with Shipibo Jaguar,100% Cotton Screen Printed,L,1,$35,$35,,Not Started,,,,,,
TOC-TANK-M-GRN-GRN-SHPB-M,Summer,Tank Tops - Mens Green,Mens Tank Top,Green with Shipibo Jaguar,100% Cotton Screen Printed,M,1,$35,$35,,Not Started,,,,,,
TOC-TANK-M-GRN-GRN-SHPB-M,Summer,Tank Tops - Mens Green,Mens Tank Top,Green with Shipibo Jaguar,100% Cotton Screen Printed,M,1,$35,$35,,Not Started,,,,,,
TOC-TANK-M-GRN-GRN-SHPB-M,Summer,Tank Tops - Mens Green,Mens Tank Top,Green with Shipibo Jaguar,100% Cotton Screen Printed,M,1,$35,$35,,Not Started,,,,,,
TOC-TANK-M-GRN-GRN-SHPB-M,Summer,Tank Tops - Mens Green,Mens Tank Top,Green with Shipibo Jaguar,100% Cotton Screen Printed,M,1,$35,$35,,Not Started,,,,,,
TOC-TANK-M-GRN-GRN-SHPB-M,Summer,Tank Tops - Mens Green,Mens Tank Top,Green with Shipibo Jaguar,100% Cotton Screen Printed,M,1,$35,$35,,Not Started,,,,,,
TOC-TANK-M-GRN-GRN-SHPB-M,Summer,Tank Tops - Mens Green,Mens Tank Top,Green with Shipibo Jaguar,100% Cotton Screen Printed,M,1,$35,$35,,Not Started,,,,,,
TOC-TANK-M-GRN-GRN-SHPB-M,Summer,Tank Tops - Mens Green,Mens Tank Top,Green with Shipibo Jaguar,100% Cotton Screen Printed,M,1,$35,$35,,Not Started,,,,,,
TOC-TANK-M-GRN-GRN-SHPB-M,Summer,Tank Tops - Mens Green,Mens Tank Top,Green with Shipibo Jaguar,100% Cotton Screen Printed,M,1,$35,$35,,Not Started,,,,,,
TOC-TANK-M-GRN-GRN-SHPB-M,Summer,Tank Tops - Mens Green,Mens Tank Top,Green with Shipibo Jaguar,100% Cotton Screen Printed,M,1,$35,$35,,Not Started,,,,,,
TOC-TANK-M-GRN-GRN-SHPB-M,Summer,Tank Tops - Mens Green,Mens Tank Top,Green with Shipibo Jaguar,100% Cotton Screen Printed,M,1,$35,$35,,Not Started,,,,,,
TOC-TANK-M-GRN-GRN-SHPB-M,Summer,Tank Tops - Mens Green,Mens Tank Top,Green with Shipibo Jaguar,100% Cotton Screen Printed,M,1,$35,$35,,Not Started,,,,,,
TOC-TANK-M-GRN-GRN-SHPB-M,Summer,Tank Tops - Mens Green,Mens Tank Top,Green with Shipibo Jaguar,100% Cotton Screen Printed,M,1,$35,$35,,Not Started,,,,,,
TOC-TANK-M-GRN-GRN-SHPB-M,Summer,Tank Tops - Mens Green,Mens Tank Top,Green with Shipibo Jaguar,100% Cotton Screen Printed,M,1,$35,$35,,Not Started,,,,,,
TOC-TANK-M-GRN-GRN-SHPB-M,Summer,Tank Tops - Mens Green,Mens Tank Top,Green with Shipibo Jaguar,100% Cotton Screen Printed,M,1,$35,$35,,Not Started,,,,,,
TOC-TANK-M-GRN-GRN-SHPB-M,Summer,Tank Tops - Mens Green,Mens Tank Top,Green with Shipibo Leopard Prowling,100% Cotton Screen Printed,M,1,$35,$35,,Not Started,,,,,,
TOC-TANK-M-GRN-GRN-SHPB-M,Summer,Tank Tops - Mens Green,Mens Tank Top,Green with Shipibo Leopard Prowling,100% Cotton Screen Printed,M,1,$35,$35,,Not Started,,,,,,
TOC-TANK-M-GRN-GRN-SHPB-M,Summer,Tank Tops - Mens Green,Mens Tank Top,Green with Shipibo Leopard Prowling,100% Cotton Screen Printed,M,1,$35,$35,,Not Started,,,,,,
TOC-TANK-M-GRN-GRN-SHPB-M,Summer,Tank Tops - Mens Green,Mens Tank Top,Green with Shipibo Leopard Prowling,100% Cotton Screen Printed,M,1,$35,$35,,Not Started,,,,,,
TOC-TANK-M-GRN-GRN-SHPB-M,Summer,Tank Tops - Mens Green,Mens Tank Top,Green with Shipibo Leopard Prowling,100% Cotton Screen Printed,M,1,$35,$35,,Not Started,,,,,,
TOC-TANK-M-GRN-GRN-STG-L,Summer,Tank Tops - Mens Green,Mens Tank Top,Green with Stag,100% Cotton Screen Printed,L,1,$35,$35,,Not Started,,,,,,
TOC-TANK-M-GRN-GRN-STG-L,Summer,Tank Tops - Mens Green,Mens Tank Top,Green with Stag,100% Cotton Screen Printed,L,1,$35,$35,,Not Started,,,,,,
TOC-TANK-M-GRN-GRN-STG-L,Summer,Tank Tops - Mens Green,Mens Tank Top,Green with Stag,100% Cotton Screen Printed,L,1,$35,$35,,Not Started,,,,,,
TOC-TANK-M-GRN-GRN-STG-L,Summer,Tank Tops - Mens Green,Mens Tank Top,Green with Stag,100% Cotton Screen Printed,L,1,$35,$35,,Not Started,,,,,,
TOC-TANK-M-GRN-GRN-STG-XL,Summer,Tank Tops - Mens Green,Mens Tank Top,Green with Stag,100% Cotton Screen Printed,XL,1,$35,$35,,Not Started,,,,,,
TOC-TANK-M-GRN-GRN-BLU-L,Summer,Tank Tops - Mens Green,Mens Tank Top with Hoody,Green with Blue Eagle Peyote,100% Cotton Screen Printed,L,1,$40,$40,,Not Started,,,,,,
TOC-TANK-W-DRK-BLK-MED-OS,Summer,Tank Tops - Womens Grey/Black,Womens Tank Top,Black with Meditating Lotus,100% Cotton Screen Printed,OS,1,$30,$30,,Not Started,,,,,,
TOC-TANK-W-DRK-BLK-MOR-OS,Summer,Tank Tops - Womens Grey/Black,Womens Tank Top,Black with Morning Glory Shaman,100% Cotton Screen Printed,OS,1,$30,$30,,Not Started,,,,,,
TOC-TANK-W-DRK-BLK-GRN-OS,Summer,Tank Tops - Womens Grey/Black,Womens Tank Top with Hoody,Black with Green Jaguar Woman,100% Cotton Screen Printed,OS,1,$35,$35,,Not Started,,,,,,
TOC-TANK-W-DRK-BLK-GRN-OS,Summer,Tank Tops - Womens Grey/Black,Womens Tank Top with Hoody,Black with Green Jaguar Woman,100% Cotton Screen Printed,OS,1,$35,$35,,Not Started,,,,,,
TOC-TANK-W-DRK-BLK-GRN-OS,Summer,Tank Tops - Womens Grey/Black,Womens Tank Top with Hoody,Black with Green Jaguar Woman,100% Cotton Screen Printed,OS,1,$35,$35,,Not Started,,,,,,
TOC-TANK-W-DRK-BLK-MED-OS,Summer,Tank Tops - Womens Grey/Black,Womens Tank Top with Hoody,Black with Meditating Lotus,100% Cotton Screen Printed,OS,1,$35,$35,,Not Started,,,,,,
TOC-TANK-W-DRK-BLK-MED-OS,Summer,Tank Tops - Womens Grey/Black,Womens Tank Top with Hoody,Black with Meditating Lotus,100% Cotton Screen Printed,OS,1,$35,$35,,Not Started,,,,,,
TOC-TANK-W-DRK-BLK-MOR-OS,Summer,Tank Tops - Womens Grey/Black,Womens Tank Top with Hoody,Black with Morning Glory Shaman,100% Cotton Screen Printed,OS,1,$35,$35,,Not Started,,,,,,
TOC-TANK-W-DRK-BLK-SHPB-OS,Summer,Tank Tops - Womens Grey/Black,Womens Tank Top with Hoody,Black with Shipibo Leopard,100% Cotton Screen Printed,OS,1,$35,$35,,Not Started,,,,,,
TOC-TANK-W-DRK-BLK-SHPB-OS,Summer,Tank Tops - Womens Grey/Black,Womens Tank Top with Hoody,Black with Shipibo Leopard,100% Cotton Screen Printed,OS,1,$35,$35,,Not Started,,,,,,
TOC-TANK-W-DRK-GRY-SRP-OS,Summer,Tank Tops - Womens Grey/Black,Womens Tank Top with Hoody,Grey with Colored Double Serpent,100% Cotton Screen Printed,OS,1,$35,$35,,Not Started,,,,,,
TOC-TANK-W-DRK-GRY-SRP-OS,Summer,Tank Tops - Womens Grey/Black,Womens Tank Top with Hoody,Grey with Colored Double Serpent,100% Cotton Screen Printed,OS,1,$35,$35,,Not Started,,,,,,
TOC-TANK-W-DRK-GRY-SRP-OS,Summer,Tank Tops - Womens Grey/Black,Womens Tank Top with Hoody,Grey with Colored Double Serpent,100% Cotton Screen Printed,OS,1,$35,$35,,Not Started,,,,,,
TOC-TANK-W-LIL-LIL-LEP-OS,Summer,Tank Tops - Womens Lilac,Womens Tank Top,Lilac with Leopard,100% Cotton Screen Printed,OS,1,$30,$30,,Not Started,,,,,,
TOC-TANK-W-LIL-LIL-OWL-OS,Summer,Tank Tops - Womens Lilac,Womens Tank Top,Lilac with Owl,100% Cotton Screen Printed,OS,1,$30,$30,,Not Started,,,,,,
TOC-TANK-W-LIL-LIL-OWL-OS,Summer,Tank Tops - Womens Lilac,Womens Tank Top,Lilac with Owl,100% Cotton Screen Printed,OS,1,$30,$30,,Not Started,,,,,,
TOC-TANK-W-LIL-LIL-OWL-OS,Summer,Tank Tops - Womens Lilac,Womens Tank Top with Hoody,Lilac with Owl,100% Cotton Screen Printed,OS,1,$35,$35,,Not Started,,,,,,
TOC-TANK-W-LIL-LIL-SHPB-OS,Summer,Tank Tops - Womens Lilac,Womens Tank Top with Hoody,Lilac with Shipibo Jaguar,100% Cotton Screen Printed,OS,1,$35,$35,,Not Started,,,,,,
TOC-TANK-W-LIL-LIL-SHPB-OS,Summer,Tank Tops - Womens Lilac,Womens Tank Top with Hoody,Lilac with Shipibo Jaguar,100% Cotton Screen Printed,OS,1,$35,$35,,Not Started,,,,,,
TOC-TANK-W-LIL-LIL-SHPB-OS,Summer,Tank Tops - Womens Lilac,Womens Tank Top with Hoody,Lilac with Shipibo Leopard,100% Cotton Screen Printed,OS,1,$35,$35,,Not Started,,,,,,
TOC-TANK-W-LIL-LIL-SHPB-OS,Summer,Tank Tops - Womens Lilac,Womens Tank Top with Hoody,Lilac with Shipibo Leopard,100% Cotton Screen Printed,OS,1,$35,$35,,Not Started,,,,,,
TOC-TANK-W-LIL-LIL-SHPB-OS,Summer,Tank Tops - Womens Lilac,Womens Tank Top with Hoody,Lilac with Shipibo Leopard,100% Cotton Screen Printed,OS,1,$35,$35,,Not Started,,,,,,
TOC-TOP-HALTER-PNK-RNBW-S,Summer,Tops - Hooded Halter Tie Back,Hooded Halter Tie Back Top,Pink with Rainbow Ties,Mixed Fabric,S,1,$40,$40,,Not Started,,,,,,
TOC-TOP-OWL-LON-SLE-M,Summer,Tops - Owl Long Sleeve,Long Sleeve Owl Top Screen Printed,,Mixed Fabric,M,1,$65,$65,,Not Started,,,,,,
TOC-TUNIC-WRAP-BLK-BLK-SM,Summer,Tunic Wrap,Tunic Wrap,Black with Black Velvet Paisley Edging and White Owl Print,Mixed Fabric,S/M,1,$65,$65,,Not Started,,,,,,
TOC-TUNIC-WRAP-BRN-BLK-SM,Summer,Tunic Wrap,Tunic Wrap,Brown with Black and White Striped Edging and Owl Print,Mixed Fabric,S/M,1,$65,$65,,Not Started,,,,,,
TOC-TUNIC-WRAP-BRN-BLK-SM,Summer,Tunic Wrap,Tunic Wrap,Brown with Black and White Striped Edging and Owl Print,Mixed Fabric,S/M,1,$65,$65,,Not Started,,,,,,
TOC-TUNIC-WRAP-GRY-PNK-SM,Summer,Tunic Wrap,Tunic Wrap,Grey with Pink and White Striped Edging and Owl Print,Mixed Fabric,S/M,1,$65,$65,,Not Started,,,,,,
TOC-TUNIC-WRAP-MID-BLU-SM,Summer,Tunic Wrap,Tunic Wrap,Midnight Blue with Black Velvet Edging and Owl Print,Mixed Fabric,S/M,1,$65,$65,,Not Started,,,,,,
TOC-TUNIC-WRAP-PNK-PNK-SM,Summer,Tunic Wrap,Tunic Wrap,Pink with Pink and White Striped Edging and Owl Screen Print,Mixed Fabric,S/M,1,$65,$65,,Not Started,,,,,,
TOC-TUNIC-WRAP-PNK-PNK-SM,Summer,Tunic Wrap,Tunic Wrap,Pink with Pink and White Striped Edging and Owl Screen Print,Mixed Fabric,S/M,1,$65,$65,,Not Started,,,,,,
TOC-TUNIC-WRAP-TWI-BLU-SM,Summer,Tunic Wrap,Tunic Wrap,Twilight Blue with Black Velvet Paisley Edging and Owl Print,Mixed Fabric,S/M,1,$65,$65,,Not Started,,,,,,
TOC-BRA-VLV-AQU-FLO-XS,Summer,Velvet Bikini Bras,Velvet Bikini Bra,Aqua with Flowers,Velvet,XS,1,$40,$40,,Not Started,,,,,,
TOC-BRA-VLV-MOS-FLO-XS,Summer,Velvet Bikini Bras,Velvet Bikini Bra,Moss with Flowers,Velvet,XS,1,$40,$40,,Not Started,,,,,,
TOC-BRA-VLV-NVY-FLO-XS,Summer,Velvet Bikini Bras,Velvet Bikini Bra,Navy with Flowers,Velvet,XS,1,$40,$40,,Not Started,,,,,,
TOC-BRA-VLV-ORG-FLO-XS,Summer,Velvet Bikini Bras,Velvet Bikini Bra,Orange with Flowers,Velvet,XS,1,$40,$40,,Not Started,,,,,,
TOC-BRA-VLV-TEL-BLK-XS,Summer,Velvet Bikini Bras,Velvet Bikini Bra,Teal with Black and White,Velvet,XS,1,$40,$40,,Not Started,,,,,,
TOC-BRA-VLV-WHT-BLK-XS,Summer,Velvet Bikini Bras,Velvet Bikini Bra,White with Black and White,Velvet,XS,1,$40,$40,,Not Started,,,,,,
TOC-OVRL-VLV-AQU-OS,Summer,Velvet Overalls,Velvet Overalls,Aqua,Velvet,OS,1,$100,$100,,Not Started,,,,,,
TOC-OVRL-VLV-AQU-OS,Summer,Velvet Overalls,Velvet Overalls,Aqua,Velvet,OS,1,$100,$100,,Not Started,,,,,,
TOC-OVRL-VLV-BLK-OS,Summer,Velvet Overalls,Velvet Overalls,Black,Velvet,OS,1,$100,$100,,Not Started,,,,,,
TOC-OVRL-VLV-BLK-OS,Summer,Velvet Overalls,Velvet Overalls,Black,Velvet,OS,1,$100,$100,,Not Started,,,,,,
TOC-OVRL-VLV-EMR-OS,Summer,Velvet Overalls,Velvet Overalls,Emerald,Velvet,OS,1,$100,$100,,Not Started,,,,,,
TOC-OVRL-VLV-EMR-OS,Summer,Velvet Overalls,Velvet Overalls,Emerald,Velvet,OS,1,$100,$100,,Not Started,,,,,,
TOC-OVRL-VLV-MOS-OS,Summer,Velvet Overalls,Velvet Overalls,Moss,Velvet,OS,1,$100,$100,,Not Started,,,,,,
TOC-OVRL-VLV-MOS-OS,Summer,Velvet Overalls,Velvet Overalls,Moss,Velvet,OS,1,$100,$100,,Not Started,,,,,,
TOC-OVRL-VLV-MOS-OS,Summer,Velvet Overalls,Velvet Overalls,Moss,Velvet,OS,1,$100,$100,,Not Started,,,,,,
TOC-OVRL-VLV-NVY-OS,Summer,Velvet Overalls,Velvet Overalls,Navy,Velvet,OS,1,$100,$100,,Not Started,,,,,,
TOC-OVRL-VLV-NVY-OS,Summer,Velvet Overalls,Velvet Overalls,Navy,Velvet,OS,1,$100,$100,,Not Started,,,,,,
TOC-OVRL-VLV-ORG-OS,Summer,Velvet Overalls,Velvet Overalls,Orange,Velvet,OS,1,$100,$100,,Not Started,,,,,,
TOC-OVRL-VLV-ORG-OS,Summer,Velvet Overalls,Velvet Overalls,Orange,Velvet,OS,1,$100,$100,,Not Started,,,,,,
TOC-OVRL-VLV-ORG-OS,Summer,Velvet Overalls,Velvet Overalls,Orange,Velvet,OS,1,$100,$100,,Not Started,,,,,,
TOC-OVRL-VLV-RED-OS,Summer,Velvet Overalls,Velvet Overalls,Red,Velvet,OS,1,$100,$100,,Not Started,,,,,,
TOC-OVRL-VLV-TEL-OS,Summer,Velvet Overalls,Velvet Overalls,Teal,Velvet,OS,1,$100,$100,,Not Started,,,,,,
TOC-OVRL-VLV-TEL-OS,Summer,Velvet Overalls,Velvet Overalls,Teal,Velvet,OS,1,$100,$100,,Not Started,,,,,,
TOC-OVRL-VLV-WHT-OS,Summer,Velvet Overalls,Velvet Overalls,White,Velvet,OS,1,$100,$100,,Not Started,,,,,,
TOC-OVRL-VLV-WHT-OS,Summer,Velvet Overalls,Velvet Overalls,White,Velvet,OS,1,$100,$100,,Not Started,,,,,,
TOC-OVRL-VLV-WHT-OS,Summer,Velvet Overalls,Velvet Overalls,White,Velvet,OS,1,$100,$100,,Not Started,,,,,,
TOC-HOODY-COWL-PNK-RIB-OS,Fall,Cowl Neck Hoody,Cowl Neck Hoody,Pink Ribbed,Soft Knit,OS,1,$35,$35,,Not Started,,,,,,
TOC-HOODY-COWL-PRP-SOF-OS,Fall,Cowl Neck Hoody,Cowl Neck Hoody,Purple Soft,Soft Knit,OS,1,$35,$35,,Not Started,,,,,,
TOC-HOODY-COWL-PRP-SOF-OS,Fall,Cowl Neck Hoody,Cowl Neck Hoody,Purple Soft,Soft Knit,OS,1,$35,$35,,Not Started,,,,,,
TOC-HOODY-COWL-PRP-SOF-OS,Fall,Cowl Neck Hoody,Cowl Neck Hoody,Purple Soft,Soft Knit,OS,1,$35,$35,,Not Started,,,,,,
TOC-HOODY-COWL-PRP-SOF-OS,Fall,Cowl Neck Hoody,Cowl Neck Hoody,Purple Soft,Soft Knit,OS,1,$35,$35,,Not Started,,,,,,
TOC-HOODY-COWL-PRP-SOF-OS,Fall,Cowl Neck Hoody,Cowl Neck Hoody,Purple Soft,Soft Knit,OS,1,$35,$35,,Not Started,,,,,,
TOC-HOODY-COWL-PRP-SOF-OS,Fall,Cowl Neck Hoody,Cowl Neck Hoody,Purple Soft,Soft Knit,OS,1,$35,$35,,Not Started,,,,,,
TOC-HOODY-COWL-PRP-SOF-OS,Fall,Cowl Neck Hoody,Cowl Neck Hoody,Purple Soft,Soft Knit,OS,1,$35,$35,,Not Started,,,,,,
TOC-JKT-M-SHPB-BRN-FRE-L,Fall,Jackets - Mens Shipibo Hooded,Mens Shipibo Hooded Jacket,Brown French Terry with Shipibo Embroidery and Eagle,French Terry Cotton,L,1,$150,$150,,Not Started,,,Brown French terry cotton shipibo embroidery eagle on back central zipper,,,
TOC-JKT-M-SHPB-BRN-FRE-L,Fall,Jackets - Mens Shipibo Hooded,Mens Shipibo Hooded Jacket,Brown French Terry with Shipibo Embroidery and Eagle,French Terry Cotton,L,1,$150,$150,,Not Started,,,Brown French terry cotton shipibo embroidery eagle on back central zipper,,,
TOC-JKT-U-ZIP-BRN-ORG-M,Fall,Jackets - Unisex Zip Up Corduroy,Unisex Zip Up Corduroy Jacket with Hood and Embroidery,Brown with Orange Textiles,Corduroy,M,1,$300,$300,,Not Started,,,,,,
TOC-JKT-U-ZIP-GRN-CORD-M,Fall,Jackets - Unisex Zip Up Corduroy,Unisex Zip Up Corduroy Jacket with Hood and Embroidery,Green Corduroy with Differing Textiles for Edging,Corduroy,M,1,$300,$300,,Not Started,,,,,,
TOC-JKT-U-ZIP-GRN-CORD-M,Fall,Jackets - Unisex Zip Up Corduroy,Unisex Zip Up Corduroy Jacket with Hood and Embroidery,Green Corduroy with Differing Textiles for Edging,Corduroy,M,1,$300,$300,,Not Started,,,,,,
TOC-JKT-U-ZIP-GRN-CORD-M,Fall,Jackets - Unisex Zip Up Corduroy,Unisex Zip Up Corduroy Jacket with Hood and Embroidery,Green Corduroy with Differing Textiles for Edging,Corduroy,M,1,$300,$300,,Not Started,,,,,,
TOC-JKT-U-ZIP-GRN-CORD-M,Fall,Jackets - Unisex Zip Up Corduroy,Unisex Zip Up Corduroy Jacket with Hood and Embroidery,Green Corduroy with Differing Textiles for Edging,Corduroy,M,1,$300,$300,,Not Started,,,,,,
TOC-JKT-W-BIKER-DAR-PRP-XSS,Fall,Jackets - Womens Biker with Removable Hoody,Womens Biker Jacket with Removable Hoody,Dark Purple and Gold with Purple and Pink Guate Textiles,Suede and Tweed,XS/S,1,$350,$350,,Not Started,,,,,,
TOC-JKT-W-BIKER-DAR-PRP-XSS,Fall,Jackets - Womens Biker with Removable Hoody,Womens Biker Jacket with Removable Hoody,Dark Purple and Gold with Purple and Pink Guate Textiles,Suede and Tweed,XS/S,1,$350,$350,,Not Started,,,,,,
TOC-JKT-W-BIKER-FWN-CORD-S,Fall,Jackets - Womens Biker with Removable Hoody,Womens Biker Jacket with Removable Hoody,Fawn Corduroy with Rainbow Textiles,Suede and Tweed,S,1,$350,$350,,Not Started,,,Price TBC,,,
TOC-JKT-W-BIKER-FWN-CORD-S,Fall,Jackets - Womens Biker with Removable Hoody,Womens Biker Jacket with Removable Hoody,Fawn Corduroy with Rainbow Textiles,Suede and Tweed,S,1,$350,$350,,Not Started,,,Price TBC,,,
TOC-JKT-W-BIKER-GRY-GLD-S,Fall,Jackets - Womens Biker with Removable Hoody,Womens Biker Jacket with Removable Hoody,Grey Gold Tweed,Suede and Tweed,S,1,$350,$350,,Not Started,,,Price TBC,,,
TOC-JKT-W-BIKER-GRY-GLD-S,Fall,Jackets - Womens Biker with Removable Hoody,Womens Biker Jacket with Removable Hoody,Grey Gold Tweed,Suede and Tweed,S,1,$350,$350,,Not Started,,,Price TBC,,,
TOC-JKT-W-BIKER-GRY-GLD-S,Fall,Jackets - Womens Biker with Removable Hoody,Womens Biker Jacket with Removable Hoody,Grey Gold Tweed,Suede and Tweed,S,1,$350,$350,,Not Started,,,Price TBC,,,
TOC-JKT-W-BIKER-GRY-TWD-XS,Fall,Jackets - Womens Biker with Removable Hoody,Womens Biker Jacket with Removable Hoody,Grey Tweed with Rainbow Textiles,Suede and Tweed,XS,1,$350,$350,,Not Started,,,Price TBC,,,
TOC-JKT-W-BIKER-ROS-SDE-S,Fall,Jackets - Womens Biker with Removable Hoody,Womens Biker Jacket with Removable Hoody,Rose Suede with Pink Textiles,Suede and Tweed,S,1,$350,$350,,Not Started,,,,,,
TOC-JKT-W-BIKER-SLV-SDE-S,Fall,Jackets - Womens Biker with Removable Hoody,Womens Biker Jacket with Removable Hoody,Silver Suede with Rainbow Textiles,Suede and Tweed,S,1,$350,$350,,Not Started,,,Price TBC,,,
TOC-PANT-MUGW-STR-S,Fall,Pants,Mugwort Straight Leg Pants,,Natural Dye Hemp and Cotton,S,1,$120,$120,,Not Started,,,Price TBC,,,
TOC-PANT-SGE-JOG-ML,Fall,Pants,Sage Jogging Bottoms,,Natural Dye Hemp and Cotton,M/L,1,$170,$170,,Not Started,,,Price TBC,,,
TOC-PANT-TERRA-STR-S,Fall,Pants,Terracotta Straight Leg Pants,,Natural Dye Hemp and Cotton,S,1,$120,$120,,Not Started,,,Price TBC,,,
TOC-SKIRT-ROS-FAL-SML,Fall,Skirts,OOAK Recycled Patchwork Skirt,Rose and Fall Colors,Mixed Fabric,SML,1,$160,$160,,Not Started,,,,,,
TOC-SKIRT-PNK-GRY-SM,Fall,Skirts,Skirt,Pink with Grey Waistband,Mixed Fabric,S/M,1,$80,$80,,Not Started,,,,,,
TOC-SKIRT-PNK-GRY-SM,Fall,Skirts,Skirt,Pink with Grey Waistband,Mixed Fabric,S/M,1,$80,$80,,Not Started,,,,,,
TOC-SKIRT-PNK-GRY-SM,Fall,Skirts,Skirt,Pink with Grey Waistband,Mixed Fabric,S/M,1,$80,$80,,Not Started,,,,,,
TOC-SKIRT-BLK-BLK-L,Fall,Skirts,Skirt (OOAK Long),Black with Black and White Patterned Waistband,Mixed Fabric,L,1,$80,$80,,Not Started,,,,,,
TOC-SKIRT-MRN-GRN-SM,Fall,Skirts,Skirt (OOAK),Maroon and Green Shipibo Design,Mixed Fabric,S/M,1,$120,$120,,Not Started,,,,,,
TOC-SKIRT-BLU-STR-M,Fall,Skirts - Other,Mermaid Skirt (OOAK),Blue Straight with Slits,Mixed Fabric,M,1,$80,$80,,Not Started,,,,,,
TOC-SKIRT-PRP-SM,Fall,Skirts - Other,Old Serenity Skirt (OOAK),Purple,Mixed Fabric,S/M,1,$110,$110,,Not Started,,,,,,
TOC-SKIRT-SER-PRWK-BLU-SM,Fall,Skirts - Serenity,Sample Serenity Skirt,Periwinkle Blue,Hemp Cotton Jersey,S/M,1,$100,$100,,Not Started,,,Hemp cotton jersey sample,,,
TOC-SKIRT-SER-BLK-SM,Fall,Skirts - Serenity,Serenity Skirt,Black,Hemp Cotton Jersey,S/M,1,$150,$150,,Not Started,,,Price TBC,,,
TOC-SKIRT-SER-BLK-SM,Fall,Skirts - Serenity,Serenity Skirt,Black,Hemp Cotton Jersey,S/M,1,$150,$150,,Not Started,,,Price TBC,,,
TOC-SKIRT-SER-CHML-SM,Fall,Skirts - Serenity,Serenity Skirt,Chamomile,Hemp Cotton Jersey,S/M,1,$150,$150,,Not Started,,,Hemp cotton jersey hand dyed,,,
TOC-SKIRT-SER-FWN-SM,Fall,Skirts - Serenity,Serenity Skirt,Fawn,Hemp Cotton Jersey,S/M,1,$150,$150,,Not Started,,,Price TBC,,,
TOC-SKIRT-SER-FRST-SM,Fall,Skirts - Serenity,Serenity Skirt,Forest,Hemp Cotton Jersey,S/M,1,$150,$150,,Not Started,,,Hemp cotton jersey hand dyed,,,
TOC-SKIRT-SER-FRST-SM,Fall,Skirts - Serenity,Serenity Skirt,Forest,Hemp Cotton Jersey,S/M,1,$150,$150,,Not Started,,,Price TBC,,,
TOC-SKIRT-SER-LIL-SM,Fall,Skirts - Serenity,Serenity Skirt,Lilac,Hemp Cotton Jersey,S/M,1,$150,$150,,Not Started,,,Hemp cotton jersey hand dyed,,,
TOC-SKIRT-SER-LIL-SM,Fall,Skirts - Serenity,Serenity Skirt,Lilac,Hemp Cotton Jersey,S/M,1,$150,$150,,Not Started,,,Price TBC,,,
TOC-SKIRT-SER-MRGLD-SM,Fall,Skirts - Serenity,Serenity Skirt,Marigold,Hemp Cotton Jersey,S/M,1,$150,$150,,Not Started,,,Hemp cotton jersey hand dyed,,,
TOC-SKIRT-SER-MRGLD-SM,Fall,Skirts - Serenity,Serenity Skirt,Marigold,Hemp Cotton Jersey,S/M,1,$150,$150,,Not Started,,,Price TBC,,,
TOC-SKIRT-SER-MRGLD-SM,Fall,Skirts - Serenity,Serenity Skirt,Marigold,Hemp Cotton Jersey,S/M,1,$150,$150,,Not Started,,,Price TBC,,,
TOC-SKIRT-SER-RST-SM,Fall,Skirts - Serenity,Serenity Skirt,Rust,Hemp Cotton Jersey,S/M,1,$150,$150,,Not Started,,,Price TBC,,,
TOC-SKIRT-SER-SGE-SM,Fall,Skirts - Serenity,Serenity Skirt,Sage,Hemp Cotton Jersey,S/M,1,$150,$150,,Not Started,,,Hemp cotton jersey hand dyed,,,
TOC-SKIRT-SER-SGE-SM,Fall,Skirts - Serenity,Serenity Skirt,Sage,Hemp Cotton Jersey,S/M,1,$150,$150,,Not Started,,,Price TBC,,,
TOC-SKIRT-SER-SGE-SM,Fall,Skirts - Serenity,Serenity Skirt,Sage,Hemp Cotton Jersey,S/M,1,$150,$150,,Not Started,,,Price TBC,,,
TOC-SKIRT-SER-STO-SM,Fall,Skirts - Serenity,Serenity Skirt,Stone,Hemp Cotton Jersey,S/M,1,$150,$150,,Not Started,,,Price TBC,,,
TOC-SKIRT-SER-WHT-SM,Fall,Skirts - Serenity,Serenity Skirt,White,Hemp Cotton Jersey,S/M,1,$150,$150,,Not Started,,,Price TBC,,,
TOC-SKIRT-PCKT-CRM-OS,Fall,Skirts - Womens Pocket,Womens Skirt with Pockets,Cream,Cotton and Guatemala Fabric,OS,1,$120,$120,,Not Started,,,Cotton with brass button and Guatemala fabric rouching,,,
TOC-SKIRT-PCKT-CRM-OS,Fall,Skirts - Womens Pocket,Womens Skirt with Pockets,Cream,Cotton and Guatemala Fabric,OS,1,$120,$120,,Not Started,,,Cotton with brass button and Guatemala fabric rouching,,,
TOC-SKIRT-PCKT-CRM-OS,Fall,Skirts - Womens Pocket,Womens Skirt with Pockets,Cream,Cotton and Guatemala Fabric,OS,1,$120,$120,,Not Started,,,Cotton with brass button and Guatemala fabric rouching,,,
TOC-SKIRT-PCKT-GRN-OS,Fall,Skirts - Womens Pocket,Womens Skirt with Pockets,Green,Cotton and Guatemala Fabric,OS,1,$120,$120,,Not Started,,,Cotton with brass button and Guatemala fabric rouching,,,
TOC-SKIRT-PCKT-GRN-OS,Fall,Skirts - Womens Pocket,Womens Skirt with Pockets,Green,Cotton and Guatemala Fabric,OS,1,$120,$120,,Not Started,,,Cotton with brass button and Guatemala fabric rouching,,,
TOC-SKIRT-PCKT-RST-OS,Fall,Skirts - Womens Pocket,Womens Skirt with Pockets,Rust,Cotton and Guatemala Fabric,OS,1,$120,$120,,Not Started,,,Cotton with brass button and Guatemala fabric rouching,,,
TOC-SKIRT-WRAP-GRN-OS,Fall,Skirts - Wrap Popper,Wrap Around Popper Skirt,Green,Recycled Corduroy and Suede,OS,1,$90,$90,,Not Started,,,Recycled corduroy and suede with dreamcatcher embroidery,,,
TOC-SKIRT-WRAP-LIG-BRN-OS,Fall,Skirts - Wrap Popper,Wrap Around Popper Skirt,Light Brown,Recycled Corduroy and Suede,OS,1,$90,$90,,Not Started,,,Recycled corduroy and suede with dreamcatcher embroidery,,,
TOC-TUNIC-BLK-SM,Fall,Tunics,Tunic,Black,Hemp Cotton Jersey,S/M,1,$110,$110,,Not Started,,,Hemp cotton jersey,,,
TOC-TUNIC-BLK-SM,Fall,Tunics,Tunic,Black,Natural Dye Hemp and Cotton,S/M,1,$110,$110,,Not Started,,,Price TBC,,,
TOC-TUNIC-YEL-SM,Fall,Tunics,Tunic,Yellow,Natural Dye Hemp and Cotton,S/M,1,$110,$110,,Not Started,,,Price TBC,,,
TOC-VEST-M-BTN-BGE-SRP-L,Fall,Vests - Mens Button Up,Mens Button Up Vest,Beige with Double Serpent Merkaba Light Language,Recycled Suede and Cotton,L,1,$130,$130,,Not Started,,,Embroidered pockets stud recycled suede and cotton,,,
TOC-VEST-M-BTN-BGE-SRP-XL,Fall,Vests - Mens Button Up,Mens Button Up Vest,Beige with Double Serpent Merkaba Light Language,Recycled Suede and Cotton,XL,1,$130,$130,,Not Started,,,Embroidered pockets stud recycled suede and cotton,,,
TOC-VEST-M-COL-BLK-BLK-SHPB-L,Fall,Vests - Mens Collared - Black Shipibo,Mens Black Collared Vest,Black with Shipibo Screen Print and Gold Zipper,Cotton,L,1,$130,$130,,Not Started,,,Tailored cotton gold zipper front and pockets,,,
TOC-VEST-M-COL-BLK-MRN-ML,Fall,Vests - Mens Collared with Guate Textiles,Mens Collared Vest with Guate Textiles,Black and Maroon with Rainbow Edges - Reversible,Mixed with Guatemala Textiles,M/L,1,$175,$175,,Not Started,,,,,,
TOC-VEST-M-COL-BLK-MRN-ML,Fall,Vests - Mens Collared with Guate Textiles,Mens Collared Vest with Guate Textiles,Black and Maroon with Rainbow Edges - Reversible,Mixed with Guatemala Textiles,M/L,1,$175,$175,,Not Started,,,,,,
TOC-VEST-M-COL-BLK-MRN-ML,Fall,Vests - Mens Collared with Guate Textiles,Mens Collared Vest with Guate Textiles,Black and Maroon with Rainbow Edges - Reversible,Mixed with Guatemala Textiles,M/L,1,$175,$175,,Not Started,,,,,,
TOC-VEST-M-COL-BLK-MRN-ML,Fall,Vests - Mens Collared with Guate Textiles,Mens Collared Vest with Guate Textiles,Black and Maroon with Rainbow Edges - Reversible,Mixed with Guatemala Textiles,M/L,1,$175,$175,,Not Started,,,,,,
TOC-VEST-M-COL-BRN-GRY-ML,Fall,Vests - Mens Collared with Guate Textiles,Mens Collared Vest with Guate Textiles,Brown and Grey with Blue Edges,Mixed with Guatemala Textiles,M/L,1,$150,$150,,Not Started,,,,,,
TOC-VEST-M-COL-BRN-GRY-ML,Fall,Vests - Mens Collared with Guate Textiles,Mens Collared Vest with Guate Textiles,Brown and Grey with Blue Edges,Mixed with Guatemala Textiles,M/L,1,$150,$150,,Not Started,,,,,,
TOC-VEST-M-GUATE-BGE-GRN-OS,Fall,Vests - Mens Guatemala Hooded,Mens Guatemala Hooded Vest,Beige and Green with Pink Guate Textiles,Mixed with Guatemala Textiles,OS,1,$250,$250,Y,Draft,,,,,,
TOC-VEST-M-GUATE-BRN-GLD-OS,Fall,Vests - Mens Guatemala Hooded,Mens Guatemala Hooded Vest,Brown and Gold with Pink Guate Textiles,Mixed with Guatemala Textiles,OS,1,$250,$250,Y,Draft,,,,,,
TOC-VEST-M-GUATE-BRN-GRY-OS,Fall,Vests - Mens Guatemala Hooded,Mens Guatemala Hooded Vest,Brown and Grey with Pink Guate Textiles,Mixed with Guatemala Textiles,OS,1,$250,$250,Y,Draft,,,,,,
TOC-VEST-M-GUATE-BRN-WHT-OS,Fall,Vests - Mens Guatemala Hooded,Mens Guatemala Hooded Vest,Brown and White with Blue Guate Textiles,Mixed with Guatemala Textiles,OS,1,$250,$250,Y,Draft,,,,,,
TOC-VEST-M-GUATE-BRN-WHT-OS,Fall,Vests - Mens Guatemala Hooded,Mens Guatemala Hooded Vest,Brown and White with Maroon and Blue Guate Textiles,Mixed with Guatemala Textiles,OS,1,$250,$250,Y,Draft,,,,,,
TOC-VEST-M-GUATE-GLD-BGE-OS,Fall,Vests - Mens Guatemala Hooded,Mens Guatemala Hooded Vest,Gold Beige Green with Red and Green Guate Textiles,Mixed with Guatemala Textiles,OS,1,$250,$250,Y,Draft,,,,,,
TOC-VEST-M-GUATE-GRY-PRP-OS,Fall,Vests - Mens Guatemala Hooded,Mens Guatemala Hooded Vest,Grey and Purple with Red Guate Textiles,Mixed with Guatemala Textiles,OS,1,$250,$250,N,Draft,,,Photo not done,,,
TOC-VEST-M-GUATE-GRY-HBONE-OS,Fall,Vests - Mens Guatemala Hooded,Mens Guatemala Hooded Vest,Grey Herringbone and Cream with Purple and Blue Guate Textiles,Mixed with Guatemala Textiles,OS,1,$250,$250,Y,Draft,,,,,,
TOC-VEST-M-GUATE-GRY-HBONE-OS,Fall,Vests - Mens Guatemala Hooded,Mens Guatemala Hooded Vest,Grey Herringbone and Grey/Beige with Purple Guate Textiles,Mixed with Guatemala Textiles,OS,1,$250,$250,Y,Draft,,,,,,
TOC-VEST-M-KUND-BGE-SDE-L,Fall,Vests - Mens Kundalini Serpents,Mens Vest with Kundalini Serpents,Beige Suede,Suede,L,1,$100,$100,,Not Started,,,,,,
TOC-VEST-M-KUND-BGE-SDE-M,Fall,Vests - Mens Kundalini Serpents,Mens Vest with Kundalini Serpents,Beige Suede,Suede,M,1,$100,$100,,Not Started,,,,,,
TOC-VEST-M-RMVHD-DAR-BRN-L,Fall,Vests - Mens Removable Hood,Mens Vest with Removable Hood,Dark Brown and Green,Suede and Cotton,L,1,$75,$75,,Not Started,,,Damaged - fabric peeling off,,,
TOC-VEST-M-RMVHD-DAR-BRN-M,Fall,Vests - Mens Removable Hood,Mens Vest with Removable Hood,Dark Brown with Flower of Life and Light Language Mandala,Suede and Cotton,M,1,$150,$150,,Not Started,,,M discounted - hood missing ($100),,,
TOC-VEST-M-RMVHD-DAR-BRN-XL,Fall,Vests - Mens Removable Hood,Mens Vest with Removable Hood,Dark Brown with Flower of Life and Light Language Mandala,Suede and Cotton,XL,1,$150,$150,,Not Started,,,M discounted - hood missing ($100),,,
TOC-VEST-M-RMVHD-BLU-BLU-WHT-L,Fall,Vests - Mens Removable Hood - Blue White Screenprint,Mens Vest with Removable Hood Blue White Screenprint,Blue and White,Corduroy Cotton and Indigenous Textiles,L,1,$150,$150,,Not Started,,,Snappers and screen printed corduroy cotton and indigenous textiles,,,
TOC-VEST-M-RMVHD-BLU-BLU-WHT-XL,Fall,Vests - Mens Removable Hood - Blue White Screenprint,Mens Vest with Removable Hood Blue White Screenprint,Blue and White,Corduroy Cotton and Indigenous Textiles,XL,1,$150,$150,,Not Started,,,Snappers and screen printed corduroy cotton and indigenous textiles,,,
TOC-VEST-M-RMVHD-BLU-BLU-WHT-XL,Fall,Vests - Mens Removable Hood - Blue White Screenprint,Mens Vest with Removable Hood Blue White Screenprint,Blue and White,Corduroy Cotton and Indigenous Textiles,XL,1,$150,$150,,Not Started,,,Snappers and screen printed corduroy cotton and indigenous textiles,,,
TOC-VEST-M-RMVHD-BRN-BRN-SDE-L,Fall,Vests - Mens Removable Hood - Brown Suede Light Language,Mens Vest with Removable Hood Brown Suede Light Language,Brown Suede,Suede and Cotton,L,1,$150,$150,,Not Started,,,Brown suede embroidery and cotton light language,,,
TOC-VEST-M-RMVHD-BRN-BRN-SDE-L,Fall,Vests - Mens Removable Hood - Brown Suede Light Language,Mens Vest with Removable Hood Brown Suede Light Language,Brown Suede,Suede and Cotton,L,1,$150,$150,,Not Started,,,Brown suede embroidery and cotton light language,,,
TOC-VEST-M-RMVHD-BRN-BRN-SDE-M,Fall,Vests - Mens Removable Hood - Brown Suede Light Language,Mens Vest with Removable Hood Brown Suede Light Language,Brown Suede,Suede and Cotton,M,1,$150,$150,,Not Started,,,Brown suede embroidery and cotton light language,,,
TOC-VEST-M-RMVHD-DBRN-DAR-BRN-L,Fall,Vests - Mens Removable Hood - Dark Brown Suede Light Language,Mens Vest with Removable Hood Dark Brown Suede Light Language,Dark Brown Suede with Orange Embroidery,Suede,L,1,$150,$150,,Not Started,,,Orange embroidery zipper pockets,,,
TOC-VEST-M-RMVHD-DBRN-DAR-BRN-L,Fall,Vests - Mens Removable Hood - Dark Brown Suede Light Language,Mens Vest with Removable Hood Dark Brown Suede Light Language,Dark Brown Suede with Orange Embroidery,Suede,L,1,$150,$150,,Not Started,,,Orange embroidery zipper pockets,,,
TOC-VEST-M-SCRN-BLU-WHT-L,Fall,Vests - Mens Removable Hoody Screen Printed,Mens Vest with Removable Hoody Screen Printed,Blue and White,Corduroy and Indigenous Textiles,L,1,$120,$120,,Not Started,,,M missing button,,,
TOC-VEST-M-SCRN-BLU-WHT-M,Fall,Vests - Mens Removable Hoody Screen Printed,Mens Vest with Removable Hoody Screen Printed,Blue and White,Corduroy and Indigenous Textiles,M,1,$120,$120,,Not Started,,,M missing button,,,
TOC-VEST-M-SCRN-BLU-WHT-S,Fall,Vests - Mens Removable Hoody Screen Printed,Mens Vest with Removable Hoody Screen Printed,Blue and White,Corduroy and Indigenous Textiles,S,1,$120,$120,,Not Started,,,M missing button,,,
TOC-VEST-M-SCRN-BRN-PNK-L,Fall,Vests - Mens Removable Hoody Screen Printed,Mens Vest with Removable Hoody Screen Printed,Brown with Pink Textiles,Corduroy and Indigenous Textiles,L,1,$120,$120,,Not Started,,,,,,
TOC-VEST-M-SCRN-BRN-PNK-L,Fall,Vests - Mens Removable Hoody Screen Printed,Mens Vest with Removable Hoody Screen Printed,Brown with Pink Textiles,Corduroy and Indigenous Textiles,L,1,$120,$120,,Not Started,,,,,,
TOC-VEST-M-SCRN-BRN-PNK-L,Fall,Vests - Mens Removable Hoody Screen Printed,Mens Vest with Removable Hoody Screen Printed,Brown with Pink Textiles,Corduroy and Indigenous Textiles,L,1,$120,$120,,Not Started,,,,,,
TOC-VEST-M-TLRD-GRY-CORD-M,Fall,Vests - Mens Tailored with Guate Fabric,Mens Tailored Vest with Guate Fabric,Grey Corduroy with Rainbow Textiles,Corduroy with Guatemala Fabric,M,1,$95,$95,,Not Started,,,,,,
TOC-VEST-M-TLRD-GRY-CORD-M,Fall,Vests - Mens Tailored with Guate Fabric,Mens Tailored Vest with Guate Fabric,Grey Corduroy with Rainbow Textiles,Corduroy with Guatemala Fabric,M,1,$95,$95,,Not Started,,,,,,
TOC-VEST-M-TLRD-GRY-CORD-M,Fall,Vests - Mens Tailored with Guate Fabric,Mens Tailored Vest with Guate Fabric,Grey Corduroy with Rainbow Textiles,Corduroy with Guatemala Fabric,M,1,$95,$95,,Not Started,,,,,,
TOC-VEST-M-HMB-BRN-SDE-L,Fall,Vests - Mens Tailored with Hummingbird,Mens Tailored Vest with Hummingbird,Brown Suede,Suede and Corduroy,L,1,$100,$100,,Not Started,,,,,,
TOC-VEST-M-HMB-BRN-SDE-XL,Fall,Vests - Mens Tailored with Hummingbird,Mens Tailored Vest with Hummingbird,Brown Suede,Suede and Corduroy,XL,1,$100,$100,,Not Started,,,,,,
TOC-VEST-M-HMB-GRN-CORD-SM,Fall,Vests - Mens Tailored with Hummingbird,Mens Tailored Vest with Hummingbird,Green Corduroy with Embroidered Peyote Flower Mandala,Suede and Corduroy,S/M,1,$100,$100,,Not Started,,,,,,
TOC-VEST-M-HMB-GRN-CORD-SM,Fall,Vests - Mens Tailored with Hummingbird,Mens Tailored Vest with Hummingbird,Green Corduroy with Embroidered Peyote Flower Mandala,Suede and Corduroy,S/M,1,$100,$100,,Not Started,,,,,,
TOC-VEST-M-HMB-GRN-CORD-SM,Fall,Vests - Mens Tailored with Hummingbird,Mens Tailored Vest with Hummingbird,Green Corduroy with Embroidered Peyote Flower Mandala,Suede and Corduroy,S/M,1,$100,$100,,Not Started,,,,,,
TOC-VEST-M-HMB-WHT-SDE-L,Fall,Vests - Mens Tailored with Hummingbird,Mens Tailored Vest with Hummingbird,White Suede,Suede and Corduroy,L,1,$100,$100,,Not Started,,,,,,
TOC-VEST-M-HMB-WHT-SDE-M,Fall,Vests - Mens Tailored with Hummingbird,Mens Tailored Vest with Hummingbird,White Suede,Suede and Corduroy,M,1,$100,$100,,Not Started,,,,,,
TOC-VEST-M-HMB-WHT-SDE-S,Fall,Vests - Mens Tailored with Hummingbird,Mens Tailored Vest with Hummingbird,White Suede,Suede and Corduroy,S,1,$100,$100,,Not Started,,,,,,
TOC-VEST-M-HMB-WHT-SDE-S,Fall,Vests - Mens Tailored with Hummingbird,Mens Tailored Vest with Hummingbird,White Suede,Suede and Corduroy,S,1,$100,$100,,Not Started,,,,,,
TOC-VEST-M-HMB-WHT-SDE-S,Fall,Vests - Mens Tailored with Hummingbird,Mens Tailored Vest with Hummingbird,White Suede,Suede and Corduroy,S,1,$100,$100,,Not Started,,,,,,
TOC-VEST-M-HMB-WHT-SDE-S,Fall,Vests - Mens Tailored with Hummingbird,Mens Tailored Vest with Hummingbird,White Suede,Suede and Corduroy,S,1,$100,$100,,Not Started,,,,,,
TOC-VEST-M-HMB-WHT-SDE-S,Fall,Vests - Mens Tailored with Hummingbird,Mens Tailored Vest with Hummingbird,White Suede,Suede and Corduroy,S,1,$100,$100,,Not Started,,,,,,
TOC-VEST-M-HMB-WHT-SDE-S,Fall,Vests - Mens Tailored with Hummingbird,Mens Tailored Vest with Hummingbird,White Suede,Suede and Corduroy,S,1,$100,$100,,Not Started,,,,,,
TOC-VEST-U-COL-BRN-CORD-SM,Fall,Vests - Unisex Collared Fitted,Unisex Collared Fitted Vest with Reverse Appliqué and Guate Textiles,Brown Corduroy with Symbol,Corduroy and Tweed,S/M,1,$150,$150,,Not Started,,,,,,
TOC-VEST-U-COL-BUR-RST-SM,Fall,Vests - Unisex Collared Fitted,Unisex Collared Fitted Vest with Reverse Appliqué and Guate Textiles,Burnt Rust Corduroy,Corduroy and Tweed,S/M,1,$120,$120,,Not Started,,,,,,
TOC-VEST-U-COL-BUR-RST-SM,Fall,Vests - Unisex Collared Fitted,Unisex Collared Fitted Vest with Reverse Appliqué and Guate Textiles,Burnt Rust Corduroy with Elephant Design,Corduroy and Tweed,S/M,1,$150,$150,,Not Started,,,,,,
TOC-VEST-U-COL-GRY-TWD-SM,Fall,Vests - Unisex Collared Fitted,Unisex Collared Fitted Vest with Reverse Appliqué and Guate Textiles,Grey Tweed with Eagle Design,Corduroy and Tweed,S/M,1,$150,$150,,Not Started,,,,,,
TOC-VEST-U-COL-GRY-TWD-SM,Fall,Vests - Unisex Collared Fitted,Unisex Collared Fitted Vest with Reverse Appliqué and Guate Textiles,Grey Tweed with Elephant Design,Corduroy and Tweed,S/M,1,$150,$150,,Not Started,,,,,,
TOC-VEST-U-COL-GRY-TWD-SM,Fall,Vests - Unisex Collared Fitted,Unisex Collared Fitted Vest with Reverse Appliqué and Guate Textiles,Grey Tweed with Geometric Design,Corduroy and Tweed,S/M,1,$150,$150,,Not Started,,,,,,
TOC-VEST-W-CROP-BEJ-WHT-SDE-OS,Fall,Vests - Womens Cropped Hooded - Beja Flor,Womens Shipibo Beja Flor Vest,White Suede with Shipibo Beja Flor,Suede,OS,1,$140,$140,,Not Started,,,White suede pockets recycled material,,,
TOC-VEST-W-CROP-FOL-CRM-FLW-OS,Fall,Vests - Womens Cropped Hooded - Flower of Life,Womens Flower of Life Hooded Vest,Cream with Flower of Life Light Language,Recycled Material,OS,1,$120,$120,,Not Started,,,Embroidered pockets recycled material,,,
TOC-VEST-W-CROP-GAL-SHA-GRY-OS,Fall,Vests - Womens Cropped Hooded - Galactic,Womens Hooded Cropped Vest Galactic,Shades of Grey with Galactic Light Language,Recycled Material,OS,1,$110,$110,,Not Started,,,Embroidered recycled material,,,
TOC-VEST-W-CROP-GAL-SHA-GRY-OS,Fall,Vests - Womens Cropped Hooded - Galactic,Womens Hooded Cropped Vest Galactic,Shades of Grey with Galactic Light Language,Recycled Material,OS,1,$110,$110,,Not Started,,,Embroidered recycled material,,,
TOC-VEST-W-HD-BGE-CORD-SM,Fall,Vests - Womens Hooded,Womens Hooded Vest,Beige Corduroy and Textile Piping - Embroidery - Rev App on Hood and Back - Hive Design,Suede and Corduroy,S/M,1,$200,$200,,Not Started,,,,,,
TOC-VEST-W-HD-BGE-SDE-SM,Fall,Vests - Womens Hooded,Womens Hooded Vest,Beige Suede with Patchwork Hood - Dandelion and Wildflower Embroidery - Guate Textiles - Zip Pockets,Suede and Corduroy,S/M,1,$220,$220,,Not Started,,,,,,
TOC-VEST-W-HD-BRN-CORD-SM,Fall,Vests - Womens Hooded,Womens Hooded Vest,Brown Corduroy with Earth Toned Textiles - Rev App Embroidery - Front and Back - Hive and Geometric,Suede and Corduroy,S/M,1,$200,$200,,Not Started,,,,,,
TOC-VEST-W-HD-GRN-TWD-SM,Fall,Vests - Womens Hooded,Womens Hooded Vest,Green Tweed and Corduroy with Piping - Elephant and Hand Embroidery - Rev App,Suede and Corduroy,S/M,1,$220,$220,,Not Started,,,,,,
TOC-ND-HOODIE-BGE-M,Winter,Natural Dye Clothing - Hoodies,Hoodie,Beige,Natural Dye Hemp and Cotton,M,1,$175,$175,,Not Started,,,,,,
TOC-ND-HOODIE-BRN-M,Winter,Natural Dye Clothing - Hoodies,Hoodie,Brown,Natural Dye Hemp and Cotton,M,1,$175,$175,,Not Started,,,,,,
TOC-ND-HOODIE-GRY-M,Winter,Natural Dye Clothing - Hoodies,Hoodie,Grey,Natural Dye Hemp and Cotton,M,1,$175,$175,,Not Started,,,,,,
TOC-PONCHO-OOA-LAC-OS,Winter,Ponchos and Wraps,OOAK Lac Cardigan Throw,,Natural Dye Hemp and Cotton,OS,1,$170,$170,,Not Started,,,Price TBC,,,
TOC-PONCHO-TERRA-PON-OS,Winter,Ponchos and Wraps,Terracotta Poncho,,Natural Dye Hemp and Cotton,OS,1,$120,$120,,Not Started,,,Price TBC (one with tassels),,,
TOC-PONCHO-TERRA-PON-OS,Winter,Ponchos and Wraps,Terracotta Poncho,,Natural Dye Hemp and Cotton,OS,1,$120,$120,,Not Started,,,With tassels,,,
TOC-VEST-FUREDGE-BGE-CORD-OS,Winter,Vests - Long Hooded Fur Edged,Long Hooded Fur Edged Vest,Beige Corduroy and Brown Herringbone,Corduroy with Fur Trim,OS,1,$200,$200,Y,Listed,,,Listed,,,
TOC-VEST-FUREDGE-BGE-CORD-OS,Winter,Vests - Long Hooded Fur Edged,Long Hooded Fur Edged Vest,Beige Corduroy and Brown Squares,Corduroy with Fur Trim,OS,1,$200,$200,Y,Listed,,,Listed,,,
TOC-VEST-FUREDGE-BGE-SDE-OS,Winter,Vests - Long Hooded Fur Edged,Long Hooded Fur Edged Vest,Beige Suede,Corduroy with Fur Trim,OS,1,$200,$200,Y,Listed,,,Listed,,,
TOC-VEST-FUREDGE-GRY-HBONE-OS,Winter,Vests - Long Hooded Fur Edged,Long Hooded Fur Edged Vest,Grey Herringbone,Corduroy with Fur Trim,OS,1,$200,$200,Y,Listed,,,Listed,,,
TOC-VEST-FUREDGE-GRY-HBONE-OS,Winter,Vests - Long Hooded Fur Edged,Long Hooded Fur Edged Vest,Grey Herringbone,Corduroy with Fur Trim,OS,1,$200,$200,Y,Listed,,,Listed,,,
TOC-VEST-FUREDGE-GRY-HBONE-OS,Winter,Vests - Long Hooded Fur Edged,Long Hooded Fur Edged Vest,Grey Herringbone,Corduroy with Fur Trim,OS,1,$200,$200,Y,Listed,,,Listed,,,
TOC-VEST-FUREDGE-GRY-HBONE-OS,Winter,Vests - Long Hooded Fur Edged,Long Hooded Fur Edged Vest,Grey Herringbone,Corduroy with Fur Trim,OS,1,$200,$200,Y,Listed,,,Listed,,,
TOC-VEST-M-SHEEP-BLK-GRY-L,Winter,Vests - Mens Sheepskin Lined Hooded,Mens Sheepskin Lined Hooded Vest,Black and Grey with Rainbow Guate Textiles,Sheepskin Lined,L,1,$150,$150,,Not Started,,,,,,
,,,,,,,,,,,,,,,,,
,,,,,,,,,,,,,,,,,
,,,,,,,,,,,,,,,,,
,,,,,,,,,,,,,,,,,
,,,,,,,,,,,,,,,,,
,,,,,,,,,,,,,,,,,
,,,,,,,,,,,,,,,,,
,,,,,,,,,,,,,,,,,
,,,,,,,,,,,,,,,,,
,,,,,,,,,,,,,,,,,
,,,,,,,,,,,,,,,,,
,,,,,,,,,,,,,,,,,
,,,,,,,,,,,,,,,,,
,,,,,,,,,,,,,,,,,
,,,,,,,,,,,,,,,,,
,,,,,,,,,,,,,,,,,
,,,,,,,,,,,,,,,,,
,,,,,,,,,,,,,,,,,
,,,,,,,,,,,,,,,,,
,,,,,,,,,,,,,,,,,
,,,,,,,,,,,,,,,,,
,,,,,,,,,,,,,,,,,
,,,,,,,,,,,,,,,,,
,,,,,,,,,,,,,,,,,
,,,,,,,,,,,,,,,,,
,,,,,,,,,,,,,,,,,
,,,,,,,,,,,,,,,,,
,,,,,,,,,,,,,,,,,
,,,,,,,,,,,,,,,,,
,,,,,,,,,,,,,,,,,
,,,,,,,,,,,,,,,,,
,,,,,,,,,,,,,,,,,
,,,,,,,,,,,,,,,,,
,,,,,,,,,,,,,,,,,
,,,,,,,,,,,,,,,,,
,,,,,,,,,,,,,,,,,
,,,,,,,,,,,,,,,,,
,,,,,,,,,,,,,,,,,
,,,,,,,,,,,,,,,,,
,,,,,,,,,,,,,,,,,
,,,,,,,,,,,,,,,,,
,,,,,,,,,,,,,,,,,
,,,,,,,,,,,,,,,,,
,,,,,,,,,,,,,,,,,
,,,,,,,,,,,,,,,,,
,,,,,,,,,,,,,,,,,
,,,,,,,,,,,,,,,,,
,,,,,,,,,,,,,,,,,
,,,,,,,,,,,,,,,,,
,,,,,,,,,,,,,,,,,
,,,,,,,,,,,,,,,,,
,,,,,,,,,,,,,,,,,
,,,,,,,,,,,,,,,,,
,,,,,,OS,,,,,,,,,,,
,,,,,,OS,,,,,,,,,,,
,,,,,,OS,,,,,,,,,,,
,,,,,,OS,,,,,,,,,,,
,,,,,,OS,,,,,,,,,,,
,,,,,,OS,,,,,,,,,,,
,,,,,,OS,,,,,,,,,,,
,,,,,,OS,,,,,,,,,,,
,,,,,,OS,,,,,,,,,,,
,,,,,,OS,,,,,,,,,,,
,,,,,,OS,,,,,,,,,,,
,,,,,,OS,,,,,,,,,,,
,,,,,,OS,,,,,,,,,,,
,,,,,,OS,,,,,,,,,,,
,,,,,,OS,,,,,,,,,,,
,,,,,,OS,,,,,,,,,,,
,,,,,,OS,,,,,,,,,,,
,,,,,,OS,,,,,,,,,,,
,,,,,,OS,,,,,,,,,,,
,,,,,,OS,,,,,,,,,,,
,,,,,,OS,,,,,,,,,,,
,,,,,,OS,,,,,,,,,,,
,,,,,,OS,,,,,,,,,,,
,,,,,,OS,,,,,,,,,,,
,,,,,,OS,,,,,,,,,,,
,,,,,,OS,,,,,,,,,,,
,,,,,,OS,,,,,,,,,,,
,,,,,,OS,,,,,,,,,,,
,,,,,,OS,,,,,,,,,,,
,,,,,,OS,,,,,,,,,,,
,,,,,,OS,,,,,,,,,,,
,,,,,,OS,,,,,,,,,,,
,,,,,,OS,,,,,,,,,,,
,,,,,,OS,,,,,,,,,,,
,,,,,,OS,,,,,,,,,,,
,,,,,,OS,,,,,,,,,,,
,,,,,,OS,,,,,,,,,,,
,,,,,,OS,,,,,,,,,,,
,,,,,,OS,,,,,,,,,,,
,,,,,,OS,,,,,,,,,,,
,,,,,,OS,,,,,,,,,,,
,,,,,,OS,,,,,,,,,,,
,,,,,,OS,,,,,,,,,,,
,,,,,,OS,,,,,,,,,,,
,,,,,,OS,,,,,,,,,,,
,,,,,,OS,,,,,,,,,,,
,,,,,,OS,,,,,,,,,,,
,,,,,,OS,,,,,,,,,,,
,,,,,,OS,,,,,,,,,,,
,,,,,,OS,,,,,,,,,,,
,,,,,,OS,,,,,,,,,,,
,,,,,,OS,,,,,,,,,,,
,,,,,,OS,,,,,,,,,,,
,,,,,,OS,,,,,,,,,,,
,,,,,,OS,,,,,,,,,,,
,,,,,,OS,,,,,,,,,,,
,,,,,,OS,,,,,,,,,,,
,,,,,,OS,,,,,,,,,,,
,,,,,,OS,,,,,,,,,,,
,,,,,,OS,,,,,,,,,,,
,,,,,,OS,,,,,,,,,,,
,,,,,,OS,,,,,,,,,,,
,,,,,,OS,,,,,,,,,,,
,,,,,,OS,,,,,,,,,,,
,,,,,,OS,,,,,,,,,,,
,,,,,,OS,,,,,,,,,,,
,,,,,,OS,,,,,,,,,,,
,,,,,,OS,,,,,,,,,,,
,,,,,,OS,,,,,,,,,,,
,,,,,,OS,,,,,,,,,,,
,,,,,,OS,,,,,,,,,,,
,,,,,,OS,,,,,,,,,,,
,,,,,,OS,,,,,,,,,,,
,,,,,,OS,,,,,,,,,,,
,,,,,,OS,,,,,,,,,,,
,,,,,,OS,,,,,,,,,,,
,,,,,,OS,,,,,,,,,,,
,,,,,,OS,,,,,,,,,,,
,,,,,,OS,,,,,,,,,,,
,,,,,,OS,,,,,,,,,,,
,,,,,,OS,,,,,,,,,,,
,,,,,,OS,,,,,,,,,,,
,,,,,,OS,,,,,,,,,,,
,,,,,,OS,,,,,,,,,,,
,,,,,,OS,,,,,,,,,,,
,,,,,,OS,,,,,,,,,,,
,,,,,,OS,,,,,,,,,,,
,,,,,,OS,,,,,,,,,,,
,,,,,,OS,,,,,,,,,,,
,,,,,,OS,,,,,,,,,,,
,,,,,,OS,,,,,,,,,,,
,,,,,,OS,,,,,,,,,,,
,,,,,,OS,,,,,,,,,,,
,,,,,,OS,,,,,,,,,,,
,,,,,,OS,,,,,,,,,,,
,,,,,,OS,,,,,,,,,,,
,,,,,,OS,,,,,,,,,,,
,,,,,,OS,,,,,,,,,,,
,,,,,,OS,,,,,,,,,,,
,,,,,,OS,,,,,,,,,,,
,,,,,,OS,,,,,,,,,,,
,,,,,,OS,,,,,,,,,,,
,,,,,,OS,,,,,,,,,,,
,,,,,,OS,,,,,,,,,,,
,,,,,,OS,,,,,,,,,,,
,,,,,,OS,,,,,,,,,,,
,,,,,,OS,,,,,,,,,,,
,,,,,,OS,,,,,,,,,,,
,,,,,,OS,,,,,,,,,,,
,,,,,,OS,,,,,,,,,,,
,,,,,,OS,,,,,,,,,,,
,,,,,,OS,,,,,,,,,,,
,,,,,,OS,,,,,,,,,,,
,,,,,,OS,,,,,,,,,,,
,,,,,,OS,,,,,,,,,,,
,,,,,,OS,,,,,,,,,,,
,,,,,,OS,,,,,,,,,,,
,,,,,,OS,,,,,,,,,,,
,,,,,,OS,,,,,,,,,,,
,,,,,,OS,,,,,,,,,,,
,,,,,,OS,,,,,,,,,,,
,,,,,,OS,,,,,,,,,,,
,,,,,,OS,,,,,,,,,,,
TOTAL,,,,,,,853,,0,,,,,,,,